PERMNO,HdrCUSIP,Ticker,PERMCO,DlyCalDt,DlyPrc,DlyVol,DlyLow,DlyHigh,DlyOpen
10107,59491810,MSFT,8048,2020-01-02,160.620000,22610236,158.330000,160.730000,158.780000
10107,59491810,MSFT,8048,2020-01-03,158.620000,21099013,158.060000,159.945000,158.320000
10107,59491810,MSFT,8048,2020-01-06,159.030000,21156101,156.510000,159.100000,157.080000
10107,59491810,MSFT,8048,2020-01-07,157.580000,21844325,157.320000,159.670000,159.320000
10107,59491810,MSFT,8048,2020-01-08,160.090000,27722052,157.949100,160.800000,158.930000
10107,59491810,MSFT,8048,2020-01-09,162.090000,21375474,161.030000,162.215000,161.835000
10107,59491810,MSFT,8048,2020-01-10,161.340000,20709064,161.180000,163.220000,162.824000
10107,59491810,MSFT,8048,2020-01-13,163.280000,21611045,161.260000,163.310000,161.760000
10107,59491810,MSFT,8048,2020-01-14,162.130000,23469298,161.720000,163.600000,163.390000
10107,59491810,MSFT,8048,2020-01-15,163.180000,21377516,162.570000,163.940000,162.620000
10107,59491810,MSFT,8048,2020-01-16,166.170000,23832244,164.030000,166.240000,164.350000
10107,59491810,MSFT,8048,2020-01-17,167.100000,34329131,165.430000,167.467500,167.420000
10107,59491810,MSFT,8048,2020-01-21,166.500000,29508859,166.430000,168.190000,166.680000
10107,59491810,MSFT,8048,2020-01-22,165.700000,24078931,165.680000,167.490000,167.400000
10107,59491810,MSFT,8048,2020-01-23,166.720000,19641745,165.270000,166.800000,166.190000
10107,59491810,MSFT,8048,2020-01-24,165.040000,24874100,164.450000,167.530000,167.510000
10107,59491810,MSFT,8048,2020-01-27,162.280000,32041875,160.200000,163.375000,161.150000
10107,59491810,MSFT,8048,2020-01-28,165.460000,24869337,163.073000,165.755000,163.780000
10107,59491810,MSFT,8048,2020-01-29,168.040000,35087464,165.690000,168.750000,167.840000
10107,59491810,MSFT,8048,2020-01-30,172.780000,51495353,170.790000,174.050000,174.050000
10107,59491810,MSFT,8048,2020-01-31,170.230000,36101415,169.580000,172.400000,172.210000
10107,59491810,MSFT,8048,2020-02-03,174.380000,30077416,170.400000,174.500000,170.430000
10107,59491810,MSFT,8048,2020-02-04,180.120000,36366707,176.310000,180.640000,177.140000
10107,59491810,MSFT,8048,2020-02-05,179.900000,39122301,178.410100,184.200000,184.030000
10107,59491810,MSFT,8048,2020-02-06,183.630000,27718679,180.059000,183.819900,180.970000
10107,59491810,MSFT,8048,2020-02-07,183.890000,33491903,182.480000,185.630000,182.845000
10107,59491810,MSFT,8048,2020-02-10,188.700000,35823223,183.250000,188.840000,183.580000
10107,59491810,MSFT,8048,2020-02-11,184.440000,53086959,183.500000,190.700000,190.650000
10107,59491810,MSFT,8048,2020-02-12,184.710000,47026738,181.850000,185.850000,185.580000
10107,59491810,MSFT,8048,2020-02-13,183.710000,35263271,182.872000,186.230000,183.080000
10107,59491810,MSFT,8048,2020-02-14,185.350000,23124599,182.650000,185.410000,183.250000
10107,59491810,MSFT,8048,2020-02-18,187.230000,27833158,185.500000,187.700000,185.605000
10107,59491810,MSFT,8048,2020-02-19,187.280000,29968628,186.470000,188.180000,188.060000
10107,59491810,MSFT,8048,2020-02-20,184.420000,36811424,181.100000,187.250000,186.950000
10107,59491810,MSFT,8048,2020-02-21,178.590000,48572701,177.250000,183.500000,183.170000
10107,59491810,MSFT,8048,2020-02-24,170.890000,68142304,163.230000,174.550000,167.770000
10107,59491810,MSFT,8048,2020-02-25,168.070000,68012224,167.646200,174.840000,174.200000
10107,59491810,MSFT,8048,2020-02-26,170.170000,56308439,168.210000,173.260000,169.710000
10107,59491810,MSFT,8048,2020-02-27,158.180000,93030512,157.980000,167.030000,163.320000
10107,59491810,MSFT,8048,2020-02-28,162.010000,96814677,152.000000,163.710000,152.410000
10107,59491810,MSFT,8048,2020-03-02,172.790000,70979337,162.310000,172.920000,165.310000
10107,59491810,MSFT,8048,2020-03-03,164.510000,71458328,162.260000,175.000000,173.800000
10107,59491810,MSFT,8048,2020-03-04,170.550000,49735336,165.620000,170.700000,168.485000
10107,59491810,MSFT,8048,2020-03-05,166.270000,47759594,165.690000,170.870000,166.045000
10107,59491810,MSFT,8048,2020-03-06,161.570000,72713204,156.000000,163.110000,162.610000
10107,59491810,MSFT,8048,2020-03-09,150.620000,70262314,150.000000,157.750000,151.000000
10107,59491810,MSFT,8048,2020-03-10,160.920000,65249786,152.580000,161.030000,158.160000
10107,59491810,MSFT,8048,2020-03-11,153.630000,56426518,151.150000,157.700000,157.130000
10107,59491810,MSFT,8048,2020-03-12,139.060000,92960899,138.580000,153.470000,145.300000
10107,59491810,MSFT,8048,2020-03-13,158.830000,92570163,140.730000,161.910000,147.500000
10107,59491810,MSFT,8048,2020-03-16,135.420000,87972476,135.000000,149.350000,140.000000
10107,59491810,MSFT,8048,2020-03-17,146.570000,80867746,135.000000,147.499800,140.000000
10107,59491810,MSFT,8048,2020-03-18,140.400000,81351878,135.020000,146.000000,138.000000
10107,59491810,MSFT,8048,2020-03-19,142.710000,85728135,139.000000,150.150000,142.770000
10107,59491810,MSFT,8048,2020-03-20,137.350000,84716514,135.860000,147.100000,146.000000
10107,59491810,MSFT,8048,2020-03-23,135.980000,78846991,132.520000,140.570000,137.010000
10107,59491810,MSFT,8048,2020-03-24,148.340000,82440595,141.270000,149.600000,143.750000
10107,59491810,MSFT,8048,2020-03-25,146.920000,75533960,144.440000,154.330000,148.910000
10107,59491810,MSFT,8048,2020-03-26,156.110000,64593741,148.370000,156.660000,148.400000
10107,59491810,MSFT,8048,2020-03-27,149.700000,56910295,149.200000,154.890000,151.750000
10107,59491810,MSFT,8048,2020-03-30,160.230000,63327880,150.010000,160.600000,152.440000
10107,59491810,MSFT,8048,2020-03-31,157.710000,77841150,156.560000,164.780000,159.400000
10107,59491810,MSFT,8048,2020-04-01,152.110000,57854489,150.820000,157.750000,153.000000
10107,59491810,MSFT,8048,2020-04-02,155.260000,49535029,150.360000,155.480000,151.860000
10107,59491810,MSFT,8048,2020-04-03,153.830000,41181670,152.190000,157.380000,155.100000
10107,59491810,MSFT,8048,2020-04-06,165.270000,67063846,157.580000,166.500000,160.320000
10107,59491810,MSFT,8048,2020-04-07,163.490000,62700440,163.260000,170.000000,169.585000
10107,59491810,MSFT,8048,2020-04-08,165.130000,48284431,163.500000,166.670000,165.670000
10107,59491810,MSFT,8048,2020-04-09,165.140000,51391046,163.330000,167.370000,166.360000
10107,59491810,MSFT,8048,2020-04-13,165.510000,41867295,162.300000,165.570000,164.350000
10107,59491810,MSFT,8048,2020-04-14,173.700000,52817438,168.000000,173.750000,169.000000
10107,59491810,MSFT,8048,2020-04-15,171.880000,40916515,169.240000,173.570000,171.200000
10107,59491810,MSFT,8048,2020-04-16,177.040000,50429569,172.900000,177.280000,174.300000
10107,59491810,MSFT,8048,2020-04-17,178.600000,52713774,175.870000,180.000000,179.500000
10107,59491810,MSFT,8048,2020-04-20,175.060000,36632652,174.990000,178.750000,176.630000
10107,59491810,MSFT,8048,2020-04-21,167.820000,56128421,166.110200,173.669900,173.500000
10107,59491810,MSFT,8048,2020-04-22,173.520000,34621296,170.820000,174.000000,171.390000
10107,59491810,MSFT,8048,2020-04-23,171.420000,32753021,170.910000,175.060000,174.110000
10107,59491810,MSFT,8048,2020-04-24,174.550000,34266477,170.710000,174.560000,172.060000
10107,59491810,MSFT,8048,2020-04-27,174.050000,33145793,173.300000,176.900000,176.590000
10107,59491810,MSFT,8048,2020-04-28,169.810000,34340821,169.390000,175.670000,175.590000
10107,59491810,MSFT,8048,2020-04-29,177.430000,52222848,171.880000,177.680000,173.220000
10107,59491810,MSFT,8048,2020-04-30,179.210000,53775911,176.230000,180.400000,180.000000
10107,59491810,MSFT,8048,2020-05-01,174.570000,39312957,174.010000,178.640000,175.800000
10107,59491810,MSFT,8048,2020-05-04,178.840000,30347520,173.800000,179.000000,174.490000
10107,59491810,MSFT,8048,2020-05-05,180.760000,36795529,179.900000,183.650000,180.620000
10107,59491810,MSFT,8048,2020-05-06,182.540000,32105100,181.630600,184.200000,182.080000
10107,59491810,MSFT,8048,2020-05-07,183.600000,28300662,182.580000,184.550000,184.170000
10107,59491810,MSFT,8048,2020-05-08,184.680000,30890556,183.360000,185.000000,184.980000
10107,59491810,MSFT,8048,2020-05-11,186.740000,30868168,182.850000,187.510000,183.150000
10107,59491810,MSFT,8048,2020-05-12,182.510000,31999137,182.300000,187.040000,186.800000
10107,59491810,MSFT,8048,2020-05-13,179.750000,44643884,176.540000,184.050000,182.550000
10107,59491810,MSFT,8048,2020-05-14,180.530000,41802967,175.680000,180.690000,177.540000
10107,59491810,MSFT,8048,2020-05-15,183.160000,46530171,177.000000,187.060000,179.060000
10107,59491810,MSFT,8048,2020-05-18,184.910000,35272410,183.960000,186.200000,185.750000
10107,59491810,MSFT,8048,2020-05-19,183.630000,26773396,183.490000,186.600000,185.030000
10107,59491810,MSFT,8048,2020-05-20,185.660000,31219377,183.940000,185.850000,184.810000
10107,59491810,MSFT,8048,2020-05-21,183.430000,29057049,183.290000,186.670000,185.400000
10107,59491810,MSFT,8048,2020-05-22,183.510000,20806732,182.540000,184.460000,183.190000
10107,59491810,MSFT,8048,2020-05-26,181.570000,35975946,181.100000,186.500000,186.340000
10107,59491810,MSFT,8048,2020-05-27,181.810000,39438644,176.600000,181.987700,180.200000
10107,59491810,MSFT,8048,2020-05-28,181.400000,33821397,180.380000,184.147400,180.740000
10107,59491810,MSFT,8048,2020-05-29,183.250000,42080832,180.410000,184.270000,182.730000
10107,59491810,MSFT,8048,2020-06-01,182.830000,22633172,181.460000,183.000000,182.540000
10107,59491810,MSFT,8048,2020-06-02,184.910000,30684894,181.350000,185.000000,184.250000
10107,59491810,MSFT,8048,2020-06-03,185.360000,27279800,183.580000,185.940000,184.815000
10107,59491810,MSFT,8048,2020-06-04,182.920000,28713049,182.300000,185.840000,184.300000
10107,59491810,MSFT,8048,2020-06-05,187.200000,39832577,182.010000,187.730000,182.620000
10107,59491810,MSFT,8048,2020-06-08,188.360000,33177242,184.440000,188.550000,185.940000
10107,59491810,MSFT,8048,2020-06-09,189.800000,29737607,187.260500,190.700000,188.000000
10107,59491810,MSFT,8048,2020-06-10,196.840000,43784505,191.010000,198.520000,191.125000
10107,59491810,MSFT,8048,2020-06-11,186.270000,52791479,186.070000,195.760000,193.130000
10107,59491810,MSFT,8048,2020-06-12,187.740000,43297346,185.180000,191.720000,190.540000
10107,59491810,MSFT,8048,2020-06-15,188.940000,32715038,184.010000,190.820000,184.580000
10107,59491810,MSFT,8048,2020-06-16,193.570000,42476597,191.460000,195.580000,192.890000
10107,59491810,MSFT,8048,2020-06-17,194.240000,25635913,193.690000,196.320000,195.030000
10107,59491810,MSFT,8048,2020-06-18,196.320000,23031480,194.000000,196.490000,194.000000
10107,59491810,MSFT,8048,2020-06-19,195.150000,44398600,194.370000,199.290000,198.590000
10107,59491810,MSFT,8048,2020-06-22,200.570000,32772050,195.230100,200.760000,195.790000
10107,59491810,MSFT,8048,2020-06-23,201.910000,30891790,201.425000,203.950000,202.090000
10107,59491810,MSFT,8048,2020-06-24,197.840000,36679634,196.560000,203.250000,201.604000
10107,59491810,MSFT,8048,2020-06-25,200.340000,27751253,195.467500,200.610000,197.800000
10107,59491810,MSFT,8048,2020-06-26,196.330000,54605028,194.880000,199.890000,199.730000
10107,59491810,MSFT,8048,2020-06-29,198.440000,26640513,193.550000,198.530000,195.780000
10107,59491810,MSFT,8048,2020-06-30,203.510000,34267324,197.740000,204.400000,197.882000
10107,59491810,MSFT,8048,2020-07-01,204.700000,32003330,201.770000,206.350000,203.140000
10107,59491810,MSFT,8048,2020-07-02,206.260000,29275033,205.000000,208.020000,205.680000
10107,59491810,MSFT,8048,2020-07-06,210.700000,31866951,208.090000,211.130000,208.834000
10107,59491810,MSFT,8048,2020-07-07,208.250000,33535225,207.990000,214.670000,210.450000
10107,59491810,MSFT,8048,2020-07-08,212.830000,33554953,208.690000,213.260000,210.070000
10107,59491810,MSFT,8048,2020-07-09,214.320000,33079012,211.470000,216.380000,216.330000
10107,59491810,MSFT,8048,2020-07-10,213.670000,26125689,211.080000,214.080000,213.620000
10107,59491810,MSFT,8048,2020-07-13,207.070000,38076698,206.500000,215.800000,214.480000
10107,59491810,MSFT,8048,2020-07-14,208.350000,37473045,202.030000,208.850000,206.130000
10107,59491810,MSFT,8048,2020-07-15,208.040000,32136875,205.030000,211.330000,209.560000
10107,59491810,MSFT,8048,2020-07-16,203.920000,29887466,202.310000,205.700000,205.400000
10107,59491810,MSFT,8048,2020-07-17,202.880000,31533484,201.390000,205.040000,204.470000
10107,59491810,MSFT,8048,2020-07-20,211.600000,36810967,203.010000,212.300000,205.000000
10107,59491810,MSFT,8048,2020-07-21,208.750000,38007591,208.030000,213.940000,213.660000
10107,59491810,MSFT,8048,2020-07-22,211.750000,49549183,208.390000,212.300000,209.200000
10107,59491810,MSFT,8048,2020-07-23,202.540000,67308443,202.150000,210.920000,207.190000
10107,59491810,MSFT,8048,2020-07-24,201.300000,39757615,197.510000,202.860000,200.420000
10107,59491810,MSFT,8048,2020-07-27,203.850000,30118822,200.860000,203.970000,201.470000
10107,59491810,MSFT,8048,2020-07-28,202.020000,23223047,201.740000,204.700000,203.610000
10107,59491810,MSFT,8048,2020-07-29,204.060000,19599491,202.010000,204.650000,202.500000
10107,59491810,MSFT,8048,2020-07-30,203.900000,25050513,199.570000,204.460000,201.000000
10107,59491810,MSFT,8048,2020-07-31,205.010000,51131893,199.010000,205.100000,204.400000
10107,59491810,MSFT,8048,2020-08-03,216.540000,78836412,210.440000,217.640000,211.520000
10107,59491810,MSFT,8048,2020-08-04,213.290000,49224724,210.310000,214.770000,214.170000
10107,59491810,MSFT,8048,2020-08-05,212.940000,28798319,211.570000,215.000000,214.900000
10107,59491810,MSFT,8048,2020-08-06,216.350000,32606861,211.550000,216.370500,212.340000
10107,59491810,MSFT,8048,2020-08-07,212.480000,27794764,210.930000,215.700000,214.850000
10107,59491810,MSFT,8048,2020-08-10,208.250000,36641925,206.350000,211.880000,211.670000
10107,59491810,MSFT,8048,2020-08-11,203.380000,36306313,203.140000,207.650000,207.155000
10107,59491810,MSFT,8048,2020-08-12,209.190000,27984386,204.750000,210.280000,205.290000
10107,59491810,MSFT,8048,2020-08-13,208.700000,22551149,208.150000,211.350000,209.440000
10107,59491810,MSFT,8048,2020-08-14,208.900000,17940172,207.510000,209.590000,208.760000
10107,59491810,MSFT,8048,2020-08-17,210.280000,20159354,208.915000,211.187400,209.600000
10107,59491810,MSFT,8048,2020-08-18,211.490000,21304209,209.210000,212.360000,210.530000
10107,59491810,MSFT,8048,2020-08-19,209.700000,27579814,209.250000,212.100000,211.490000
10107,59491810,MSFT,8048,2020-08-20,214.580000,26961572,208.910000,215.000000,209.540000
10107,59491810,MSFT,8048,2020-08-21,213.020000,36198769,212.850000,216.250000,213.860000
10107,59491810,MSFT,8048,2020-08-24,213.690000,25418406,212.430000,215.520000,214.790000
10107,59491810,MSFT,8048,2020-08-25,216.470000,22997714,213.100000,216.610000,213.100000
10107,59491810,MSFT,8048,2020-08-26,221.150000,39532351,217.360000,222.090000,217.880000
10107,59491810,MSFT,8048,2020-08-27,226.580000,57370058,219.400000,231.150000,222.890000
10107,59491810,MSFT,8048,2020-08-28,228.910000,26240374,226.580000,230.644000,228.180000
10107,59491810,MSFT,8048,2020-08-31,225.530000,28710887,224.310000,228.700000,227.000000
10107,59491810,MSFT,8048,2020-09-01,227.270000,25729137,224.430000,227.450000,225.510000
10107,59491810,MSFT,8048,2020-09-02,231.650000,34009970,227.350000,232.860000,227.970000
10107,59491810,MSFT,8048,2020-09-03,217.300000,58217130,214.960200,229.310000,229.270000
10107,59491810,MSFT,8048,2020-09-04,214.250000,59426793,205.190000,218.359900,215.100000
10107,59491810,MSFT,8048,2020-09-08,202.660000,52667527,202.200000,210.030000,206.500000
10107,59491810,MSFT,8048,2020-09-09,211.290000,45547702,206.700000,214.839900,207.600000
10107,59491810,MSFT,8048,2020-09-10,205.370000,35386842,204.110000,214.740000,213.400000
10107,59491810,MSFT,8048,2020-09-11,204.030000,33753495,201.240000,208.630000,207.200000
10107,59491810,MSFT,8048,2020-09-14,205.410000,30285989,204.030000,209.200000,204.240000
10107,59491810,MSFT,8048,2020-09-15,208.780000,21794854,206.930000,209.780000,208.420000
10107,59491810,MSFT,8048,2020-09-16,205.050000,26294673,204.640000,210.650000,210.620000
10107,59491810,MSFT,8048,2020-09-17,202.910000,33971855,199.960000,204.330000,200.050000
10107,59491810,MSFT,8048,2020-09-18,200.390000,55174475,196.250000,203.650000,202.800000
10107,59491810,MSFT,8048,2020-09-21,202.540000,39788402,196.380000,202.710000,197.190000
10107,59491810,MSFT,8048,2020-09-22,207.420000,34131467,202.075000,208.100000,205.060000
10107,59491810,MSFT,8048,2020-09-23,200.590000,30748732,200.030000,208.100000,207.900000
10107,59491810,MSFT,8048,2020-09-24,203.190000,31134984,199.200000,205.570000,199.850000
10107,59491810,MSFT,8048,2020-09-25,207.820000,29398598,202.540000,209.040000,203.550000
10107,59491810,MSFT,8048,2020-09-28,209.440000,31947534,208.060000,212.570000,210.880000
10107,59491810,MSFT,8048,2020-09-29,207.260000,24428859,206.810000,210.070000,209.350000
10107,59491810,MSFT,8048,2020-09-30,210.330000,33768612,206.540000,211.980000,207.730000
10107,59491810,MSFT,8048,2020-10-01,212.460000,27119548,211.320000,213.990000,213.490000
10107,59491810,MSFT,8048,2020-10-02,206.190000,33113024,205.540000,210.990000,208.000000
10107,59491810,MSFT,8048,2020-10-05,210.380000,21315350,206.980000,210.410000,207.220000
10107,59491810,MSFT,8048,2020-10-06,205.910000,28520355,204.820000,210.180000,208.820000
10107,59491810,MSFT,8048,2020-10-07,209.830000,25645279,206.720000,210.110000,207.060000
10107,59491810,MSFT,8048,2020-10-08,210.580000,19902524,208.320000,211.190000,210.510000
10107,59491810,MSFT,8048,2020-10-09,215.810000,26426866,211.230000,215.860000,211.230000
10107,59491810,MSFT,8048,2020-10-12,221.400000,40432274,216.810000,223.860000,218.790000
10107,59491810,MSFT,8048,2020-10-13,222.860000,28929030,220.430000,225.210000,222.720000
10107,59491810,MSFT,8048,2020-10-14,220.860000,23432941,219.130000,224.220000,223.000000
10107,59491810,MSFT,8048,2020-10-15,219.660000,22708604,216.010000,220.360000,217.100000
10107,59491810,MSFT,8048,2020-10-16,219.660000,26027418,219.320000,222.290000,220.150000
10107,59491810,MSFT,8048,2020-10-19,214.220000,27595447,213.720000,222.300000,220.415000
10107,59491810,MSFT,8048,2020-10-20,214.650000,22713490,213.090100,217.370000,215.800000
10107,59491810,MSFT,8048,2020-10-21,214.800000,22702679,213.120000,216.920000,213.120000
10107,59491810,MSFT,8048,2020-10-22,214.890000,22311455,211.700000,216.055000,213.930000
10107,59491810,MSFT,8048,2020-10-23,216.230000,18860110,213.160000,216.280000,215.030000
10107,59491810,MSFT,8048,2020-10-26,210.080000,37030513,208.100000,216.339900,213.850000
10107,59491810,MSFT,8048,2020-10-27,213.250000,36632364,210.329000,214.670000,211.590000
10107,59491810,MSFT,8048,2020-10-28,202.680000,51075611,202.100000,208.840000,207.670000
10107,59491810,MSFT,8048,2020-10-29,204.720000,31392070,203.370000,207.360000,204.070000
10107,59491810,MSFT,8048,2020-10-30,202.470000,36890847,199.620000,204.290000,203.500000
10107,59491810,MSFT,8048,2020-11-02,202.330000,30764903,200.120000,205.280000,204.290000
10107,59491810,MSFT,8048,2020-11-03,206.430000,27458277,203.120000,208.120000,203.890000
10107,59491810,MSFT,8048,2020-11-04,216.390000,42248223,212.418500,218.320000,214.020000
10107,59491810,MSFT,8048,2020-11-05,223.290000,36025061,221.150000,224.120000,222.040000
10107,59491810,MSFT,8048,2020-11-06,223.720000,25178566,218.030000,224.360000,222.260000
10107,59491810,MSFT,8048,2020-11-09,218.390000,44312074,217.880000,228.120000,224.435000
10107,59491810,MSFT,8048,2020-11-10,211.010000,44326823,209.720000,216.500000,214.500000
10107,59491810,MSFT,8048,2020-11-11,216.550000,29450103,212.200000,218.040000,212.390000
10107,59491810,MSFT,8048,2020-11-12,215.440000,21597191,214.460000,219.110000,217.210000
10107,59491810,MSFT,8048,2020-11-13,216.510000,18593771,214.160000,217.420000,216.360000
10107,59491810,MSFT,8048,2020-11-16,217.230000,24922441,214.520000,217.740000,214.870000
10107,59491810,MSFT,8048,2020-11-17,214.460000,24347441,214.080000,217.680000,216.100000
10107,59491810,MSFT,8048,2020-11-18,211.080000,28334964,210.930000,215.170000,213.650000
10107,59491810,MSFT,8048,2020-11-19,212.420000,24742219,209.930000,213.030000,211.380000
10107,59491810,MSFT,8048,2020-11-20,210.390000,22814635,210.000000,213.285000,212.200000
10107,59491810,MSFT,8048,2020-11-23,210.110000,25614196,208.160000,212.290000,210.950000
10107,59491810,MSFT,8048,2020-11-24,213.860000,33905008,208.860000,214.250000,209.590000
10107,59491810,MSFT,8048,2020-11-25,213.870000,20967138,212.460000,215.290000,215.110000
10107,59491810,MSFT,8048,2020-11-27,215.230000,14496685,214.040000,216.270000,214.850000
10107,59491810,MSFT,8048,2020-11-30,214.070000,33025532,210.835000,214.760000,214.100000
10107,59491810,MSFT,8048,2020-12-01,216.210000,31270035,213.350000,217.320000,214.510000
10107,59491810,MSFT,8048,2020-12-02,215.370000,23704643,212.800000,215.470000,214.880000
10107,59491810,MSFT,8048,2020-12-03,214.240000,25082987,213.650000,216.375700,214.610000
10107,59491810,MSFT,8048,2020-12-04,214.360000,25215669,213.180000,215.380000,214.220000
10107,59491810,MSFT,8048,2020-12-07,214.290000,24597148,212.990000,215.540000,214.370000
10107,59491810,MSFT,8048,2020-12-08,216.010000,23270482,212.890000,216.950000,213.970000
10107,59491810,MSFT,8048,2020-12-09,211.800000,32486809,211.214000,215.225000,215.160000
10107,59491810,MSFT,8048,2020-12-10,210.520000,26942253,210.360000,213.080000,211.770000
10107,59491810,MSFT,8048,2020-12-11,213.260000,30963465,209.110000,213.320000,210.050000
10107,59491810,MSFT,8048,2020-12-14,214.200000,28724024,212.880000,216.210000,213.100000
10107,59491810,MSFT,8048,2020-12-15,214.130000,26979122,212.240000,215.420000,215.165000
10107,59491810,MSFT,8048,2020-12-16,219.280000,34982749,214.720000,220.110000,214.750000
10107,59491810,MSFT,8048,2020-12-17,219.420000,32507555,217.920000,220.890000,219.870000
10107,59491810,MSFT,8048,2020-12-18,218.590000,63278405,216.020000,219.690000,218.590000
10107,59491810,MSFT,8048,2020-12-21,222.590000,37130683,217.280100,224.000000,217.550000
10107,59491810,MSFT,8048,2020-12-22,223.940000,22625322,221.850000,225.630000,222.690000
10107,59491810,MSFT,8048,2020-12-23,221.020000,18662773,220.800000,223.558900,223.110000
10107,59491810,MSFT,8048,2020-12-24,222.750000,10530152,221.200000,223.610000,221.420000
10107,59491810,MSFT,8048,2020-12-28,224.960000,17896853,223.020000,226.030000,224.450000
10107,59491810,MSFT,8048,2020-12-29,224.150000,17379372,223.580000,227.180000,226.310000
10107,59491810,MSFT,8048,2020-12-30,221.680000,20235782,221.470000,225.630000,225.230000
10107,59491810,MSFT,8048,2020-12-31,222.420000,20916638,219.680000,223.000000,221.700000
10107,59491810,MSFT,8048,2021-01-04,217.690000,37089039,214.810000,223.000000,222.530000
10107,59491810,MSFT,8048,2021-01-05,217.900000,23794016,215.700000,218.520000,217.260000
10107,59491810,MSFT,8048,2021-01-06,212.250000,35861912,211.940000,216.489900,212.170000
10107,59491810,MSFT,8048,2021-01-07,218.290000,27659866,213.710000,219.340000,214.040000
10107,59491810,MSFT,8048,2021-01-08,219.620000,22914645,217.026100,220.580000,218.680000
10107,59491810,MSFT,8048,2021-01-11,217.490000,23026750,216.730000,218.910000,218.470000
10107,59491810,MSFT,8048,2021-01-12,214.930000,23229822,213.320200,217.100000,216.500000
10107,59491810,MSFT,8048,2021-01-13,216.340000,20069123,213.926600,216.760000,214.020000
10107,59491810,MSFT,8048,2021-01-14,213.020000,29812728,212.740000,217.460000,215.910000
10107,59491810,MSFT,8048,2021-01-15,212.650000,31704133,212.030000,214.510000,213.520000
10107,59491810,MSFT,8048,2021-01-19,216.440000,30453173,212.630000,216.980000,213.750000
10107,59491810,MSFT,8048,2021-01-20,224.340000,37704943,217.290800,225.790000,217.700000
10107,59491810,MSFT,8048,2021-01-21,224.970000,30802424,222.420000,226.300000,224.700000
10107,59491810,MSFT,8048,2021-01-22,225.950000,30119838,225.800000,230.070000,227.080000
10107,59491810,MSFT,8048,2021-01-25,229.530000,33093539,224.220000,229.780000,229.120000
10107,59491810,MSFT,8048,2021-01-26,232.330000,49100737,230.080000,234.180000,231.860000
10107,59491810,MSFT,8048,2021-01-27,232.900000,70670403,230.140000,240.440000,238.000000
10107,59491810,MSFT,8048,2021-01-28,238.930000,49025266,235.090000,242.640000,235.610000
10107,59491810,MSFT,8048,2021-01-29,231.960000,42435379,231.350000,238.020000,235.990000
10107,59491810,MSFT,8048,2021-02-01,239.650000,33252825,232.430000,242.500000,235.060000
10107,59491810,MSFT,8048,2021-02-02,239.510000,25863078,238.690000,242.310000,241.300000
10107,59491810,MSFT,8048,2021-02-03,243.000000,27060430,239.260000,245.090000,239.570000
10107,59491810,MSFT,8048,2021-02-04,242.010000,25212368,240.370000,243.239900,242.660000
10107,59491810,MSFT,8048,2021-02-05,242.200000,18009761,240.420000,243.280000,242.230000
10107,59491810,MSFT,8048,2021-02-08,242.470000,22167146,240.810000,243.680000,243.150000
10107,59491810,MSFT,8048,2021-02-09,243.770000,23540079,241.380000,244.760000,241.870000
10107,59491810,MSFT,8048,2021-02-10,242.820000,22195371,240.890000,245.920000,245.000000
10107,59491810,MSFT,8048,2021-02-11,244.490000,15722796,242.150000,245.150000,244.780000
10107,59491810,MSFT,8048,2021-02-12,244.990000,16540999,242.730000,245.300000,243.933000
10107,59491810,MSFT,8048,2021-02-16,243.700000,26695936,242.920000,246.130000,245.030000
10107,59491810,MSFT,8048,2021-02-17,244.200000,21637364,240.940000,244.310000,241.320000
10107,59491810,MSFT,8048,2021-02-18,243.790000,16910868,240.860000,243.930000,241.800000
10107,59491810,MSFT,8048,2021-02-19,240.970000,25206105,240.180000,243.860000,243.750000
10107,59491810,MSFT,8048,2021-02-22,234.510000,36391945,232.400000,237.930000,237.420000
10107,59491810,MSFT,8048,2021-02-23,233.270000,30163707,228.730000,234.830000,230.325000
10107,59491810,MSFT,8048,2021-02-24,234.550000,26301783,229.000000,235.200000,230.010000
10107,59491810,MSFT,8048,2021-02-25,228.990000,39462272,227.880000,234.585200,232.080000
10107,59491810,MSFT,8048,2021-02-26,232.380000,37679175,229.540000,235.370000,231.525000
10107,59491810,MSFT,8048,2021-03-01,236.940000,25283556,233.150000,237.470000,235.900000
10107,59491810,MSFT,8048,2021-03-02,233.870000,22779932,233.450000,237.300000,237.010000
10107,59491810,MSFT,8048,2021-03-03,227.560000,33926329,227.260000,233.579900,232.155000
10107,59491810,MSFT,8048,2021-03-04,226.730000,44596506,224.260000,232.490000,226.735000
10107,59491810,MSFT,8048,2021-03-05,231.600000,41780603,226.460000,233.270000,229.517000
10107,59491810,MSFT,8048,2021-03-08,227.390000,35197716,227.130000,233.365000,231.370000
10107,59491810,MSFT,8048,2021-03-09,233.780000,33022864,231.670000,235.383900,232.880000
10107,59491810,MSFT,8048,2021-03-10,232.420000,29675052,232.040000,237.000000,237.000000
10107,59491810,MSFT,8048,2021-03-11,237.130000,29848828,234.310000,239.170000,234.960000
10107,59491810,MSFT,8048,2021-03-12,235.750000,22637291,233.230000,235.820000,234.010000
10107,59491810,MSFT,8048,2021-03-15,234.810000,26011300,231.810000,235.185000,234.960000
10107,59491810,MSFT,8048,2021-03-16,237.710000,28042808,235.940000,240.055000,236.280000
10107,59491810,MSFT,8048,2021-03-17,237.040000,29538537,233.230000,238.550000,236.150000
10107,59491810,MSFT,8048,2021-03-18,230.720000,34810722,230.330000,234.190000,232.560000
10107,59491810,MSFT,8048,2021-03-19,230.350000,46375066,229.349600,232.474000,231.020000
10107,59491810,MSFT,8048,2021-03-22,235.990000,30097293,230.140000,236.900000,230.270000
10107,59491810,MSFT,8048,2021-03-23,237.580000,31668869,237.070000,241.050000,237.485000
10107,59491810,MSFT,8048,2021-03-24,235.460000,25572321,235.320000,238.000000,237.845000
10107,59491810,MSFT,8048,2021-03-25,232.340000,34032843,231.570000,236.940000,235.300000
10107,59491810,MSFT,8048,2021-03-26,236.480000,25465939,231.550000,236.710000,231.550000
10107,59491810,MSFT,8048,2021-03-29,235.240000,26270976,231.880000,236.800000,236.590000
10107,59491810,MSFT,8048,2021-03-30,231.850000,24756958,231.100000,233.850000,233.525000
10107,59491810,MSFT,8048,2021-03-31,235.770000,43529147,232.390000,239.100000,232.910000
10107,59491810,MSFT,8048,2021-04-01,242.350000,30310601,238.050100,242.840000,238.470000
10107,59491810,MSFT,8048,2021-04-05,249.070000,36880414,242.700000,249.960000,242.760000
10107,59491810,MSFT,8048,2021-04-06,247.860000,22908156,246.880000,249.400000,247.610000
10107,59491810,MSFT,8048,2021-04-07,249.900000,22691053,247.190000,250.930000,247.810000
10107,59491810,MSFT,8048,2021-04-08,253.250000,23599367,252.000000,254.139000,252.770000
10107,59491810,MSFT,8048,2021-04-09,255.850000,24289760,252.440000,255.990000,252.870000
10107,59491810,MSFT,8048,2021-04-12,255.910000,27111522,254.620000,257.670000,254.710000
10107,59491810,MSFT,8048,2021-04-13,258.490000,23801741,256.830000,259.190000,257.257000
10107,59491810,MSFT,8048,2021-04-14,255.590000,23028434,255.160000,258.830000,257.475000
10107,59491810,MSFT,8048,2021-04-15,259.500000,25608187,257.730000,259.930000,257.931000
10107,59491810,MSFT,8048,2021-04-16,260.740000,24856583,257.601400,261.000000,259.470000
10107,59491810,MSFT,8048,2021-04-19,258.740000,23183103,257.821000,261.480000,260.190000
10107,59491810,MSFT,8048,2021-04-20,258.260000,19700433,256.840000,260.200000,257.820000
10107,59491810,MSFT,8048,2021-04-21,260.580000,24134659,257.250000,260.680000,258.940000
10107,59491810,MSFT,8048,2021-04-22,257.170000,25575599,255.640000,261.780000,260.210000
10107,59491810,MSFT,8048,2021-04-23,261.150000,21475411,257.270000,261.510000,257.880000
10107,59491810,MSFT,8048,2021-04-26,261.550000,19728316,260.170000,262.435000,261.660000
10107,59491810,MSFT,8048,2021-04-27,261.970000,31011609,260.120000,263.190000,261.585000
10107,59491810,MSFT,8048,2021-04-28,254.560000,46821276,252.950000,256.539900,256.078000
10107,59491810,MSFT,8048,2021-04-29,252.510000,40541027,249.000000,256.100000,255.460000
10107,59491810,MSFT,8048,2021-04-30,252.180000,30878693,249.600000,253.080000,249.740000
10107,59491810,MSFT,8048,2021-05-03,251.860000,19652087,251.120000,254.350000,253.400000
10107,59491810,MSFT,8048,2021-05-04,247.790000,32699654,245.760000,251.210000,250.970000
10107,59491810,MSFT,8048,2021-05-05,246.470000,21876831,245.820000,249.500000,249.060000
10107,59491810,MSFT,8048,2021-05-06,249.730000,26471720,244.690000,249.860000,246.450000
10107,59491810,MSFT,8048,2021-05-07,252.460000,27000234,251.170000,254.300000,252.150000
10107,59491810,MSFT,8048,2021-05-10,247.180000,29263666,247.120000,251.730000,250.870000
10107,59491810,MSFT,8048,2021-05-11,246.230000,33610012,242.570000,246.600000,244.550000
10107,59491810,MSFT,8048,2021-05-12,239.000000,36609390,238.070000,244.380000,242.165000
10107,59491810,MSFT,8048,2021-05-13,243.030000,29590857,241.420000,245.600000,241.800000
10107,59491810,MSFT,8048,2021-05-14,248.150000,24023474,245.490000,249.180000,245.575000
10107,59491810,MSFT,8048,2021-05-17,245.180000,24942341,243.520000,246.590000,246.550000
10107,59491810,MSFT,8048,2021-05-18,243.080000,20144534,242.900000,246.410000,246.270000
10107,59491810,MSFT,8048,2021-05-19,243.120000,25711097,238.600000,243.230000,239.310000
10107,59491810,MSFT,8048,2021-05-20,246.480000,21768450,243.860000,247.950000,243.960000
10107,59491810,MSFT,8048,2021-05-21,245.170000,21922422,244.740000,248.330000,247.565000
10107,59491810,MSFT,8048,2021-05-24,250.780000,21379095,247.510000,251.160000,247.785000
10107,59491810,MSFT,8048,2021-05-25,251.720000,17681986,250.820000,252.750000,251.769000
10107,59491810,MSFT,8048,2021-05-26,251.490000,17762649,250.750000,252.940000,251.430000
10107,59491810,MSFT,8048,2021-05-27,249.310000,24406475,249.250000,251.480000,251.170000
10107,59491810,MSFT,8048,2021-05-28,249.680000,18251898,249.560000,252.080000,250.995000
10107,59491810,MSFT,8048,2021-06-01,247.400000,23190059,246.960000,251.290000,251.230000
10107,59491810,MSFT,8048,2021-06-02,247.300000,19358103,245.840000,249.270000,248.125000
10107,59491810,MSFT,8048,2021-06-03,245.710000,25283978,243.000000,246.340000,245.220000
10107,59491810,MSFT,8048,2021-06-04,250.790000,25255797,247.510000,251.650000,247.760000
10107,59491810,MSFT,8048,2021-06-07,253.810000,23014222,249.810000,254.090000,249.980000
10107,59491810,MSFT,8048,2021-06-08,252.570000,22423620,252.510000,256.010000,255.160000
10107,59491810,MSFT,8048,2021-06-09,253.590000,17911747,253.210000,255.530000,253.810000
10107,59491810,MSFT,8048,2021-06-10,257.240000,24548788,253.670000,257.460000,254.290000
10107,59491810,MSFT,8048,2021-06-11,257.890000,18980823,256.610000,258.486800,257.985000
10107,59491810,MSFT,8048,2021-06-14,259.890000,19127612,256.800000,259.950000,257.900000
10107,59491810,MSFT,8048,2021-06-15,258.360000,18023474,257.680000,259.990000,259.775000
10107,59491810,MSFT,8048,2021-06-16,257.380000,27179228,254.420000,260.580000,259.400000
10107,59491810,MSFT,8048,2021-06-17,260.900000,27535879,256.010000,261.750000,256.065000
10107,59491810,MSFT,8048,2021-06-18,259.430000,37163285,258.750000,262.300000,259.630000
10107,59491810,MSFT,8048,2021-06-21,262.630000,26676937,257.920000,263.520000,259.820000
10107,59491810,MSFT,8048,2021-06-22,265.510000,24677909,262.400000,265.790000,262.720000
10107,59491810,MSFT,8048,2021-06-23,265.275000,19501358,264.430000,266.830000,265.990000
10107,59491810,MSFT,8048,2021-06-24,266.690000,21453273,265.470000,267.850000,266.160000
10107,59491810,MSFT,8048,2021-06-25,265.020000,25585076,264.760000,267.250000,266.230000
10107,59491810,MSFT,8048,2021-06-28,268.720000,19580167,265.910000,268.900000,266.185000
10107,59491810,MSFT,8048,2021-06-29,271.400000,19921691,267.980000,271.650000,268.865000
10107,59491810,MSFT,8048,2021-06-30,270.900000,21629418,269.604300,271.359800,270.690000
10107,59491810,MSFT,8048,2021-07-01,271.600000,16709942,269.600000,271.840000,269.610000
10107,59491810,MSFT,8048,2021-07-02,277.650000,26445879,272.500000,278.000000,272.820000
10107,59491810,MSFT,8048,2021-07-06,277.660000,31529618,274.300000,279.369800,278.030000
10107,59491810,MSFT,8048,2021-07-07,279.930000,23241653,277.150000,280.694500,279.400000
10107,59491810,MSFT,8048,2021-07-08,277.420000,24599805,274.870000,278.730000,276.900000
10107,59491810,MSFT,8048,2021-07-09,277.940000,23882069,275.320000,278.050000,275.720000
10107,59491810,MSFT,8048,2021-07-12,277.320000,18910515,276.580000,279.770000,279.157000
10107,59491810,MSFT,8048,2021-07-13,280.980000,26089011,277.390000,282.847700,277.520000
10107,59491810,MSFT,8048,2021-07-14,282.510000,23061882,280.550000,283.660000,282.345000
10107,59491810,MSFT,8048,2021-07-15,281.030000,22584004,279.830000,282.510000,282.000000
10107,59491810,MSFT,8048,2021-07-16,280.750000,26145941,279.460000,284.100000,282.070000
10107,59491810,MSFT,8048,2021-07-19,277.010000,32889818,274.450000,280.370000,278.934000
10107,59491810,MSFT,8048,2021-07-20,279.320000,26230655,276.260000,280.970000,278.030000
10107,59491810,MSFT,8048,2021-07-21,281.400000,24310747,277.290000,281.520000,278.905000
10107,59491810,MSFT,8048,2021-07-22,286.140000,23354797,283.420000,286.420000,283.840000
10107,59491810,MSFT,8048,2021-07-23,289.670000,22752136,286.500000,289.990000,287.370000
10107,59491810,MSFT,8048,2021-07-26,289.050000,23125324,286.642000,289.690000,289.000000
10107,59491810,MSFT,8048,2021-07-27,286.540000,33545198,282.950000,289.575000,289.430000
10107,59491810,MSFT,8048,2021-07-28,286.220000,33526643,283.830300,290.150000,288.990000
10107,59491810,MSFT,8048,2021-07-29,286.500000,18104357,286.080000,288.618000,286.235000
10107,59491810,MSFT,8048,2021-07-30,284.910000,21039384,283.910000,286.660000,285.170000
10107,59491810,MSFT,8048,2021-08-02,284.820000,16243627,283.740000,286.775000,286.360000
10107,59491810,MSFT,8048,2021-08-03,287.120000,17863351,284.000000,287.230000,285.420000
10107,59491810,MSFT,8048,2021-08-04,286.510000,16163239,284.650000,287.588300,286.220000
10107,59491810,MSFT,8048,2021-08-05,289.520000,13885932,286.100000,289.630000,286.880000
10107,59491810,MSFT,8048,2021-08-06,289.460000,16581352,287.623800,289.500000,288.505000
10107,59491810,MSFT,8048,2021-08-09,288.330000,16092239,287.810000,291.550000,289.750000
10107,59491810,MSFT,8048,2021-08-10,286.440000,18598814,285.200000,289.250000,288.800000
10107,59491810,MSFT,8048,2021-08-11,286.950000,13941639,285.860000,288.660000,287.210000
10107,59491810,MSFT,8048,2021-08-12,289.810000,14561384,286.340000,289.970000,286.630000
10107,59491810,MSFT,8048,2021-08-13,292.850000,18225649,289.300000,292.900000,289.480000
10107,59491810,MSFT,8048,2021-08-16,294.600000,22503428,290.020000,294.820000,293.190000
10107,59491810,MSFT,8048,2021-08-17,293.080000,20063307,291.080000,293.430000,292.390000
10107,59491810,MSFT,8048,2021-08-18,290.730000,21856020,290.270000,294.820000,292.040000
10107,59491810,MSFT,8048,2021-08-19,296.770000,29615933,288.640000,297.470000,288.694000
10107,59491810,MSFT,8048,2021-08-20,304.360000,40955240,298.060000,305.840000,299.720000
10107,59491810,MSFT,8048,2021-08-23,304.650000,22887929,301.850000,305.400000,303.245000
10107,59491810,MSFT,8048,2021-08-24,302.620000,18162940,302.003500,305.650000,305.020000
10107,59491810,MSFT,8048,2021-08-25,302.010000,20544370,300.420000,304.590000,304.300000
10107,59491810,MSFT,8048,2021-08-26,299.090000,17644212,298.950000,302.429000,300.990000
10107,59491810,MSFT,8048,2021-08-27,299.720000,22573063,296.830000,300.870000,298.987000
10107,59491810,MSFT,8048,2021-08-30,303.590000,16333264,301.060000,304.220000,301.115000
10107,59491810,MSFT,8048,2021-08-31,301.880000,26250159,301.500000,304.500000,304.420000
10107,59491810,MSFT,8048,2021-09-01,301.830000,18958615,301.490000,305.190000,302.865000
10107,59491810,MSFT,8048,2021-09-02,301.150000,16271914,300.180000,303.360200,302.200000
10107,59491810,MSFT,8048,2021-09-03,301.140000,14735567,300.260000,302.600000,300.990000
10107,59491810,MSFT,8048,2021-09-07,300.180000,17154648,298.200000,301.090000,301.005000
10107,59491810,MSFT,8048,2021-09-08,300.210000,15033831,297.465100,300.610000,299.780000
10107,59491810,MSFT,8048,2021-09-09,297.250000,19905427,297.000000,302.140000,300.820000
10107,59491810,MSFT,8048,2021-09-10,295.710000,19611887,295.380000,299.920000,298.415000
10107,59491810,MSFT,8048,2021-09-13,296.990000,23632548,294.080000,298.540000,297.550000
10107,59491810,MSFT,8048,2021-09-14,299.790000,21825032,298.100000,301.390000,299.560000
10107,59491810,MSFT,8048,2021-09-15,304.820000,28329536,301.820000,305.320000,303.260000
10107,59491810,MSFT,8048,2021-09-16,305.220000,19529377,300.760000,305.310000,303.760000
10107,59491810,MSFT,8048,2021-09-17,299.870000,41321530,299.530000,304.500000,304.170000
10107,59491810,MSFT,8048,2021-09-20,294.300000,38247523,289.520000,298.720000,296.330000
10107,59491810,MSFT,8048,2021-09-21,294.800000,22334497,294.070000,297.540000,295.690000
10107,59491810,MSFT,8048,2021-09-22,298.580000,26600757,294.510000,300.220000,296.725000
10107,59491810,MSFT,8048,2021-09-23,299.560000,18580039,297.533900,300.900000,298.845000
10107,59491810,MSFT,8048,2021-09-24,299.350000,14976866,296.930000,299.800000,298.230000
10107,59491810,MSFT,8048,2021-09-27,294.170000,23553060,292.944900,296.470000,296.140000
10107,59491810,MSFT,8048,2021-09-28,283.520000,43110297,282.750000,290.780000,289.795000
10107,59491810,MSFT,8048,2021-09-29,284.000000,26318139,283.010000,286.770000,285.100000
10107,59491810,MSFT,8048,2021-09-30,281.920000,32304285,281.620000,287.830000,285.710000
10107,59491810,MSFT,8048,2021-10-01,289.100000,30047259,281.290000,289.980000,282.122000
10107,59491810,MSFT,8048,2021-10-04,283.110000,31314825,280.250000,287.750000,287.400000
10107,59491810,MSFT,8048,2021-10-05,288.760000,24955731,284.046400,290.398000,284.046400
10107,59491810,MSFT,8048,2021-10-06,293.110000,27961759,285.509300,293.630000,285.780000
10107,59491810,MSFT,8048,2021-10-07,294.850000,20409971,293.920000,296.640000,295.175000
10107,59491810,MSFT,8048,2021-10-08,294.850000,17667404,293.760000,296.640900,296.219000
10107,59491810,MSFT,8048,2021-10-11,294.230000,19270663,292.745000,297.970000,292.920000
10107,59491810,MSFT,8048,2021-10-12,292.880000,17952210,292.350000,295.440000,295.340000
10107,59491810,MSFT,8048,2021-10-13,296.310000,23409422,293.490000,297.280000,294.910000
10107,59491810,MSFT,8048,2021-10-14,302.750000,27211430,297.830000,303.270000,299.210000
10107,59491810,MSFT,8048,2021-10-15,304.210000,25361968,300.519100,304.450000,302.340000
10107,59491810,MSFT,8048,2021-10-18,307.290000,22703426,302.690000,308.210000,303.570000
10107,59491810,MSFT,8048,2021-10-19,308.230000,17661806,307.220000,309.300000,308.348000
10107,59491810,MSFT,8048,2021-10-20,307.410000,16514253,306.110000,309.700000,309.210000
10107,59491810,MSFT,8048,2021-10-21,310.760000,16892541,306.360000,311.020000,307.170000
10107,59491810,MSFT,8048,2021-10-22,309.160000,17432592,307.800000,311.090000,310.400000
10107,59491810,MSFT,8048,2021-10-25,308.130000,17511286,306.460000,309.400000,309.360000
10107,59491810,MSFT,8048,2021-10-26,310.110000,28075904,308.596700,312.395000,311.000000
10107,59491810,MSFT,8048,2021-10-27,323.170000,52490909,316.000000,326.097300,316.000000
10107,59491810,MSFT,8048,2021-10-28,324.350000,26210759,321.360100,324.870000,324.325000
10107,59491810,MSFT,8048,2021-10-29,331.620000,34695153,323.900000,332.000000,324.130000
10107,59491810,MSFT,8048,2021-11-01,329.370000,27078710,326.370000,331.490000,331.355000
10107,59491810,MSFT,8048,2021-11-02,333.130000,26410445,330.000000,333.450000,330.310000
10107,59491810,MSFT,8048,2021-11-03,334.000000,21468549,330.650000,334.900000,333.900000
10107,59491810,MSFT,8048,2021-11-04,336.440000,23950888,329.510000,336.540000,332.890000
10107,59491810,MSFT,8048,2021-11-05,336.060000,22526181,334.421700,338.790000,338.510000
10107,59491810,MSFT,8048,2021-11-08,336.990000,20865147,334.440000,337.650000,337.300000
10107,59491810,MSFT,8048,2021-11-09,335.950000,21240194,334.530000,338.720000,337.107000
10107,59491810,MSFT,8048,2021-11-10,330.800000,25451215,329.920000,334.630300,334.570000
10107,59491810,MSFT,8048,2021-11-11,332.430000,16859593,330.510000,333.774600,331.250000
10107,59491810,MSFT,8048,2021-11-12,336.720000,23795843,333.790000,337.230000,333.920000
10107,59491810,MSFT,8048,2021-11-15,336.070000,16685878,334.034000,337.880000,337.540000
10107,59491810,MSFT,8048,2021-11-16,339.510000,20832225,335.510000,340.670000,335.680000
10107,59491810,MSFT,8048,2021-11-17,339.120000,19000499,338.000000,342.190000,338.940000
10107,59491810,MSFT,8048,2021-11-18,341.270000,22420998,337.120000,342.450000,338.180000
10107,59491810,MSFT,8048,2021-11-19,343.110000,21917574,342.200000,345.100000,342.640000
10107,59491810,MSFT,8048,2021-11-22,339.830000,31249552,339.550000,349.670000,344.620000
10107,59491810,MSFT,8048,2021-11-23,337.680000,30369960,333.560000,339.450000,337.050000
10107,59491810,MSFT,8048,2021-11-24,337.910000,21628466,333.911000,338.160000,336.280000
10107,59491810,MSFT,8048,2021-11-26,329.680000,24099226,328.120000,337.930000,334.350000
10107,59491810,MSFT,8048,2021-11-29,336.630000,28500522,334.740000,339.030000,334.940000
10107,59491810,MSFT,8048,2021-11-30,330.590000,42802613,328.990000,337.780000,335.320000
10107,59491810,MSFT,8048,2021-12-01,330.080000,33331631,329.390000,339.280000,335.130000
10107,59491810,MSFT,8048,2021-12-02,329.490000,30711534,327.802800,333.490000,330.300000
10107,59491810,MSFT,8048,2021-12-03,323.010000,41726543,318.030000,332.700000,331.990000
10107,59491810,MSFT,8048,2021-12-06,326.190000,29996368,319.230000,327.450000,323.950000
10107,59491810,MSFT,8048,2021-12-07,334.920000,30974947,330.100000,335.800000,331.640000
10107,59491810,MSFT,8048,2021-12-08,334.970000,24731685,330.800000,335.500000,335.310000
10107,59491810,MSFT,8048,2021-12-09,333.100000,22179842,332.120000,336.489000,334.410000
10107,59491810,MSFT,8048,2021-12-10,342.540000,38043479,334.790000,343.000000,334.980000
10107,59491810,MSFT,8048,2021-12-13,339.400000,28868422,339.080000,343.790000,340.680000
10107,59491810,MSFT,8048,2021-12-14,328.340000,44350980,324.110000,334.640000,333.220000
10107,59491810,MSFT,8048,2021-12-15,334.650000,35284184,324.500000,335.190000,328.610000
10107,59491810,MSFT,8048,2021-12-16,324.900000,34946518,323.020000,336.760000,335.710000
10107,59491810,MSFT,8048,2021-12-17,323.800000,47914611,317.250000,324.920000,320.880000
10107,59491810,MSFT,8048,2021-12-20,319.910000,28331572,317.570000,322.800000,320.050000
10107,59491810,MSFT,8048,2021-12-21,327.290000,24694876,319.800000,327.730000,323.290000
10107,59491810,MSFT,8048,2021-12-22,333.200000,24874038,325.750000,333.605000,328.300000
10107,59491810,MSFT,8048,2021-12-23,334.690000,19590708,332.730000,336.390000,332.750000
10107,59491810,MSFT,8048,2021-12-27,342.450000,19930278,335.430000,342.480000,335.460000
10107,59491810,MSFT,8048,2021-12-28,341.250000,15630296,340.320000,343.810000,343.150000
10107,59491810,MSFT,8048,2021-12-29,341.950000,15025066,339.680000,344.300000,341.300000
10107,59491810,MSFT,8048,2021-12-30,339.320000,15965197,338.820000,343.130000,341.910000
10107,59491810,MSFT,8048,2021-12-31,336.320000,17974550,335.850000,339.355000,338.510000
10107,59491810,MSFT,8048,2022-01-03,334.750000,28823566,329.780000,338.000000,335.350000
10107,59491810,MSFT,8048,2022-01-04,329.010000,32626156,326.120000,335.200000,334.830000
10107,59491810,MSFT,8048,2022-01-05,316.380000,39957778,315.980000,326.070000,325.860000
10107,59491810,MSFT,8048,2022-01-06,313.880000,39744069,311.490000,318.700000,313.150000
10107,59491810,MSFT,8048,2022-01-07,314.040000,32664078,310.090000,316.500000,314.150000
10107,59491810,MSFT,8048,2022-01-10,314.270000,44236612,304.690000,314.720000,309.485000
10107,59491810,MSFT,8048,2022-01-11,314.980000,29307097,309.890000,316.610000,313.380000
10107,59491810,MSFT,8048,2022-01-12,318.270000,34312485,317.080000,323.410000,319.670000
10107,59491810,MSFT,8048,2022-01-13,304.800000,45286074,304.000000,320.880000,320.466000
10107,59491810,MSFT,8048,2022-01-14,310.200000,39736749,303.750000,310.820000,304.250000
10107,59491810,MSFT,8048,2022-01-18,302.650000,42324592,301.740000,309.800000,304.070000
10107,59491810,MSFT,8048,2022-01-19,303.330000,45814517,302.700000,313.909300,306.290000
10107,59491810,MSFT,8048,2022-01-20,301.600000,35351255,301.140000,311.649400,309.070000
10107,59491810,MSFT,8048,2022-01-21,296.030000,57897463,295.610000,304.110000,302.685000
10107,59491810,MSFT,8048,2022-01-24,296.370000,85823911,276.050000,297.110000,292.200000
10107,59491810,MSFT,8048,2022-01-25,288.490000,72658473,285.170000,294.990000,291.520000
10107,59491810,MSFT,8048,2022-01-26,296.710000,90217932,293.030000,308.500000,307.985000
10107,59491810,MSFT,8048,2022-01-27,299.840000,53322770,297.930000,307.300000,302.660000
10107,59491810,MSFT,8048,2022-01-28,308.260000,49616322,294.450000,308.480000,300.230000
10107,59491810,MSFT,8048,2022-01-31,310.980000,46306571,306.370000,312.380000,308.950000
10107,59491810,MSFT,8048,2022-02-01,308.760000,40838131,305.129300,310.630000,310.410000
10107,59491810,MSFT,8048,2022-02-02,313.460000,36566574,308.880000,315.120000,309.630000
10107,59491810,MSFT,8048,2022-02-03,301.250000,43662713,299.960000,311.230000,309.490000
10107,59491810,MSFT,8048,2022-02-04,305.940000,35018097,299.970000,308.800000,300.210000
10107,59491810,MSFT,8048,2022-02-07,300.950000,28476821,299.900000,307.840000,306.170000
10107,59491810,MSFT,8048,2022-02-08,304.560000,32375104,299.950000,305.561000,301.250000
10107,59491810,MSFT,8048,2022-02-09,311.210000,31280605,307.390000,311.930000,309.865000
10107,59491810,MSFT,8048,2022-02-10,302.380000,45304866,300.700000,309.120000,304.040000
10107,59491810,MSFT,8048,2022-02-11,295.040000,39124413,294.220000,304.290000,303.190000
10107,59491810,MSFT,8048,2022-02-14,295.000000,36302209,291.350000,296.760000,293.770000
10107,59491810,MSFT,8048,2022-02-15,300.470000,27361580,297.020000,300.800000,300.008000
10107,59491810,MSFT,8048,2022-02-16,299.500000,29956515,293.680000,300.870000,298.365000
10107,59491810,MSFT,8048,2022-02-17,290.730000,32422138,290.000000,296.800000,296.360000
10107,59491810,MSFT,8048,2022-02-18,287.930000,34213657,286.305000,293.860000,293.050000
10107,59491810,MSFT,8048,2022-02-22,287.720000,41684303,284.500000,291.540000,285.000000
10107,59491810,MSFT,8048,2022-02-23,280.270000,37773613,280.100000,291.700000,290.180000
10107,59491810,MSFT,8048,2022-02-24,294.590000,56907841,271.520000,295.160000,272.510000
10107,59491810,MSFT,8048,2022-02-25,297.310000,32514141,291.655000,297.630000,295.140000
10107,59491810,MSFT,8048,2022-02-28,298.790000,28814144,293.000000,299.140000,294.310000
10107,59491810,MSFT,8048,2022-03-01,294.950000,31320281,292.150000,299.970000,296.400000
10107,59491810,MSFT,8048,2022-03-02,300.190000,31825624,293.698000,301.470000,295.360000
10107,59491810,MSFT,8048,2022-03-03,295.920000,27255075,294.050000,303.130000,302.890000
10107,59491810,MSFT,8048,2022-03-04,289.860000,32321650,287.165000,295.660000,294.290000
10107,59491810,MSFT,8048,2022-03-07,278.910000,43086709,278.530000,289.690000,288.530000
10107,59491810,MSFT,8048,2022-03-08,275.850000,48082527,270.000000,283.960000,277.800000
10107,59491810,MSFT,8048,2022-03-09,288.500000,35138885,280.780000,289.600000,283.440000
10107,59491810,MSFT,8048,2022-03-10,285.590000,30600158,280.580000,286.600000,283.020000
10107,59491810,MSFT,8048,2022-03-11,280.070000,27176913,279.430000,289.510000,287.960000
10107,59491810,MSFT,8048,2022-03-14,276.440000,30615626,275.820000,285.399200,280.340000
10107,59491810,MSFT,8048,2022-03-15,287.150000,34183825,278.725000,287.820000,280.350000
10107,59491810,MSFT,8048,2022-03-16,294.390000,38609981,283.200000,294.570000,289.110000
10107,59491810,MSFT,8048,2022-03-17,295.220000,30797409,289.370000,295.610000,293.290000
10107,59491810,MSFT,8048,2022-03-18,300.430000,43320848,292.730000,301.000000,295.370000
10107,59491810,MSFT,8048,2022-03-21,299.160000,29186287,294.900000,300.140000,298.890000
10107,59491810,MSFT,8048,2022-03-22,304.060000,27582727,298.770000,305.000000,299.800000
10107,59491810,MSFT,8048,2022-03-23,299.490000,25686934,297.720100,303.230000,300.510000
10107,59491810,MSFT,8048,2022-03-24,304.100000,24464722,298.315000,304.200000,299.140000
10107,59491810,MSFT,8048,2022-03-25,303.680000,22544459,299.285500,305.500000,305.230000
10107,59491810,MSFT,8048,2022-03-28,310.700000,29560701,304.330000,310.800000,304.330000
10107,59491810,MSFT,8048,2022-03-29,315.410000,30349457,309.050000,315.820000,313.910000
10107,59491810,MSFT,8048,2022-03-30,313.860000,28134409,311.580000,315.950000,313.760000
10107,59491810,MSFT,8048,2022-03-31,308.310000,33301367,307.890000,315.140000,313.900000
10107,59491810,MSFT,8048,2022-04-01,309.420000,27060828,305.540000,310.130000,309.370000
10107,59491810,MSFT,8048,2022-04-04,314.970000,24305850,309.710000,315.110000,310.090000
10107,59491810,MSFT,8048,2022-04-05,310.880000,23076509,309.870000,314.865000,313.270000
10107,59491810,MSFT,8048,2022-04-06,299.500000,40020336,296.710000,307.000000,305.190000
10107,59491810,MSFT,8048,2022-04-07,301.370000,31325226,296.350000,303.650000,296.660000
10107,59491810,MSFT,8048,2022-04-08,296.970000,24321149,296.280000,301.120000,300.440000
10107,59491810,MSFT,8048,2022-04-11,285.260000,34500218,285.000000,292.610000,291.790000
10107,59491810,MSFT,8048,2022-04-12,282.060000,30916914,280.490000,290.739000,289.235000
10107,59491810,MSFT,8048,2022-04-13,287.620000,21893137,281.300000,288.580000,282.730000
10107,59491810,MSFT,8048,2022-04-14,279.830000,28227869,279.320000,288.305000,288.090000
10107,59491810,MSFT,8048,2022-04-18,280.520000,20721842,278.340000,282.460000,278.910000
10107,59491810,MSFT,8048,2022-04-19,285.300000,22356479,278.410000,286.170000,279.380000
10107,59491810,MSFT,8048,2022-04-20,286.360000,22868906,285.370200,289.700000,289.400000
10107,59491810,MSFT,8048,2022-04-21,280.810000,29413448,280.060000,293.300000,288.580000
10107,59491810,MSFT,8048,2022-04-22,274.030000,29362891,273.380000,283.200000,281.680000
10107,59491810,MSFT,8048,2022-04-25,280.720000,35630912,270.770000,281.110000,273.290000
10107,59491810,MSFT,8048,2022-04-26,270.220000,46439121,270.000000,278.359900,277.500000
10107,59491810,MSFT,8048,2022-04-27,283.220000,63322902,279.160000,290.970000,282.100000
10107,59491810,MSFT,8048,2022-04-28,289.630000,33588081,281.456200,290.980000,285.185000
10107,59491810,MSFT,8048,2022-04-29,277.520000,37019137,276.500000,289.880000,288.610000
10107,59491810,MSFT,8048,2022-05-02,284.470000,35090320,276.220000,284.940000,277.710000
10107,59491810,MSFT,8048,2022-05-03,281.780000,25926424,280.150000,284.130000,283.960000
10107,59491810,MSFT,8048,2022-05-04,289.980000,33511005,276.730000,290.880000,282.590000
10107,59491810,MSFT,8048,2022-05-05,277.350000,43154937,274.340000,286.350000,285.540000
10107,59491810,MSFT,8048,2022-05-06,274.730000,37640998,271.270000,279.250000,274.805000
10107,59491810,MSFT,8048,2022-05-09,264.580000,47633856,263.320000,272.360000,270.060000
10107,59491810,MSFT,8048,2022-05-10,269.500000,39242847,265.070000,273.750000,271.690000
10107,59491810,MSFT,8048,2022-05-11,260.550000,48878390,259.300000,271.360000,265.680000
10107,59491810,MSFT,8048,2022-05-12,255.350000,50924999,250.020000,259.880000,257.690000
10107,59491810,MSFT,8048,2022-05-13,261.120000,34807946,255.350000,263.040000,257.350000
10107,59491810,MSFT,8048,2022-05-16,261.500000,32493091,255.780000,265.820000,259.955000
10107,59491810,MSFT,8048,2022-05-17,266.820000,28764643,262.460000,268.330000,266.110000
10107,59491810,MSFT,8048,2022-05-18,254.080000,31415742,252.770000,263.600000,263.000000
10107,59491810,MSFT,8048,2022-05-19,253.140000,32608161,251.880000,257.670000,253.900000
10107,59491810,MSFT,8048,2022-05-20,252.560000,39777452,246.440000,258.540000,257.240000
10107,59491810,MSFT,8048,2022-05-23,260.650000,33118356,253.430000,261.500000,255.490000
10107,59491810,MSFT,8048,2022-05-24,259.620000,28978811,253.500000,261.330000,257.890000
10107,59491810,MSFT,8048,2022-05-25,262.520000,28499618,257.125000,264.580000,258.140000
10107,59491810,MSFT,8048,2022-05-26,265.900000,24950825,261.429400,267.110000,262.270000
10107,59491810,MSFT,8048,2022-05-27,273.240000,26872388,267.560000,273.340000,268.480000
10107,59491810,MSFT,8048,2022-05-31,271.870000,37773712,268.930000,274.770000,272.530000
10107,59491810,MSFT,8048,2022-06-01,272.420000,25222078,270.040000,277.690000,275.195000
10107,59491810,MSFT,8048,2022-06-02,274.580000,43962274,261.600000,274.650000,264.450000
10107,59491810,MSFT,8048,2022-06-03,270.020000,28051977,268.410000,273.450000,270.310000
10107,59491810,MSFT,8048,2022-06-06,268.750000,22369147,267.220000,274.180000,272.060000
10107,59491810,MSFT,8048,2022-06-07,272.500000,22818290,265.940000,273.130000,266.635000
10107,59491810,MSFT,8048,2022-06-08,270.410000,17348284,269.610000,273.000000,271.710000
10107,59491810,MSFT,8048,2022-06-09,264.790000,26410262,264.630000,272.708100,267.780000
10107,59491810,MSFT,8048,2022-06-10,252.990000,31692483,252.530000,260.580000,260.580000
10107,59491810,MSFT,8048,2022-06-13,242.260000,46078951,241.530000,249.024200,245.110000
10107,59491810,MSFT,8048,2022-06-14,244.490000,28721420,241.510000,245.740000,243.860000
10107,59491810,MSFT,8048,2022-06-15,251.760000,33062174,246.420000,255.300000,248.310000
10107,59491810,MSFT,8048,2022-06-16,244.970000,33127783,243.020000,247.417400,245.980000
10107,59491810,MSFT,8048,2022-06-17,247.650000,43007907,244.030000,250.500000,244.700000
10107,59491810,MSFT,8048,2022-06-21,253.740000,29894952,249.510000,254.750000,250.255000
10107,59491810,MSFT,8048,2022-06-22,253.130000,25940673,250.370000,257.170000,251.890000
10107,59491810,MSFT,8048,2022-06-23,258.860000,25832128,253.630000,259.370000,255.570000
10107,59491810,MSFT,8048,2022-06-24,267.700000,33874190,261.720000,267.980000,261.808000
10107,59491810,MSFT,8048,2022-06-27,264.890000,24576931,263.280000,268.300000,268.205000
10107,59491810,MSFT,8048,2022-06-28,256.480000,27342290,256.320000,266.910000,263.980000
10107,59491810,MSFT,8048,2022-06-29,260.260000,20045413,255.760000,261.970000,257.590000
10107,59491810,MSFT,8048,2022-06-30,256.830000,31684145,252.900000,259.530000,257.050000
10107,59491810,MSFT,8048,2022-07-01,259.580000,22807208,254.610000,259.770000,256.390000
10107,59491810,MSFT,8048,2022-07-05,262.850000,22937940,254.740000,262.980000,256.160000
10107,59491810,MSFT,8048,2022-07-06,266.210000,23803616,262.400000,267.990000,263.750000
10107,59491810,MSFT,8048,2022-07-07,268.400000,20831005,265.020000,269.055000,265.120000
10107,59491810,MSFT,8048,2022-07-08,267.660000,19634476,263.285000,268.100000,264.790000
10107,59491810,MSFT,8048,2022-07-11,264.510000,19495346,262.180000,266.530000,265.650000
10107,59491810,MSFT,8048,2022-07-12,253.670000,35833714,252.040000,265.940000,265.880000
10107,59491810,MSFT,8048,2022-07-13,252.720000,29440411,248.110000,253.550000,250.190000
10107,59491810,MSFT,8048,2022-07-14,254.080000,25070759,245.940000,255.137400,250.570000
10107,59491810,MSFT,8048,2022-07-15,256.720000,29731770,254.772700,260.369900,255.720000
10107,59491810,MSFT,8048,2022-07-18,254.250000,20954475,253.300000,260.840000,259.750000
10107,59491810,MSFT,8048,2022-07-19,259.530000,24937278,253.680000,259.720000,257.575000
10107,59491810,MSFT,8048,2022-07-20,262.270000,22729666,258.910000,264.870000,259.900000
10107,59491810,MSFT,8048,2022-07-21,264.840000,22358549,257.030000,264.890000,259.790000
10107,59491810,MSFT,8048,2022-07-22,260.360000,21886787,259.070000,265.330000,265.240000
10107,59491810,MSFT,8048,2022-07-25,258.830000,21014597,256.810000,261.500000,260.995000
10107,59491810,MSFT,8048,2022-07-26,251.900000,39305704,249.570000,259.880000,259.860000
10107,59491810,MSFT,8048,2022-07-27,268.740000,45872274,258.850000,270.050000,261.160000
10107,59491810,MSFT,8048,2022-07-28,276.410000,33420198,267.870000,277.840000,269.750000
10107,59491810,MSFT,8048,2022-07-29,280.740000,32108742,276.630000,282.000000,277.700000
10107,59491810,MSFT,8048,2022-08-01,278.010000,21489986,275.840000,281.280000,277.820000
10107,59491810,MSFT,8048,2022-08-02,274.820000,22724711,272.380000,277.890000,276.000000
10107,59491810,MSFT,8048,2022-08-03,282.470000,23479333,276.610000,283.500000,276.760000
10107,59491810,MSFT,8048,2022-08-04,283.650000,18083970,280.167700,283.800000,281.800000
10107,59491810,MSFT,8048,2022-08-05,282.910000,16750235,278.680000,283.650000,279.150000
10107,59491810,MSFT,8048,2022-08-08,280.320000,18704871,279.320000,285.920000,284.050000
10107,59491810,MSFT,8048,2022-08-09,282.300000,23372280,277.610000,283.080000,279.640000
10107,59491810,MSFT,8048,2022-08-10,289.160000,24667967,286.940000,289.810000,288.170000
10107,59491810,MSFT,8048,2022-08-11,287.020000,20040426,286.510000,291.210000,290.850000
10107,59491810,MSFT,8048,2022-08-12,291.910000,22594634,286.940000,291.910000,288.480000
10107,59491810,MSFT,8048,2022-08-15,293.470000,18047996,290.110000,294.180000,291.000000
10107,59491810,MSFT,8048,2022-08-16,292.710000,18079318,290.420000,294.040000,291.990000
10107,59491810,MSFT,8048,2022-08-17,291.320000,18237500,289.470000,293.350000,289.740000
10107,59491810,MSFT,8048,2022-08-18,290.170000,17115250,289.080000,291.910000,290.189000
10107,59491810,MSFT,8048,2022-08-19,286.150000,20547911,285.560000,289.250000,288.900000
10107,59491810,MSFT,8048,2022-08-22,277.750000,25027194,277.220000,282.460000,282.080000
10107,59491810,MSFT,8048,2022-08-23,276.440000,17481487,275.400000,278.860000,276.440000
10107,59491810,MSFT,8048,2022-08-24,275.790000,18108036,275.110000,277.230000,275.410000
10107,59491810,MSFT,8048,2022-08-25,278.850000,16811891,274.520000,279.020000,277.330000
10107,59491810,MSFT,8048,2022-08-26,268.090000,27521465,267.980000,280.340000,279.080000
10107,59491810,MSFT,8048,2022-08-29,265.230000,20303469,263.850000,267.400000,265.850000
10107,59491810,MSFT,8048,2022-08-30,262.970000,22746858,260.660000,267.050000,266.670000
10107,59491810,MSFT,8048,2022-08-31,261.470000,24745835,261.330000,267.110000,265.390000
10107,59491810,MSFT,8048,2022-09-01,260.400000,23218111,255.410000,260.890000,258.870000
10107,59491810,MSFT,8048,2022-09-02,256.060000,22828091,254.470000,264.740000,261.695000
10107,59491810,MSFT,8048,2022-09-06,253.250000,21312251,251.940000,257.830000,256.200000
10107,59491810,MSFT,8048,2022-09-07,258.090000,24102569,253.220000,258.830000,254.700000
10107,59491810,MSFT,8048,2022-09-08,258.520000,20291286,254.790000,260.430000,257.510000
10107,59491810,MSFT,8048,2022-09-09,264.460000,22054608,260.290000,265.230000,260.500000
10107,59491810,MSFT,8048,2022-09-12,266.650000,18744767,265.160000,267.450000,265.780000
10107,59491810,MSFT,8048,2022-09-13,251.990000,33276500,251.590000,260.400000,258.840000
10107,59491810,MSFT,8048,2022-09-14,252.220000,23840960,249.860000,254.230000,253.530000
10107,59491810,MSFT,8048,2022-09-15,245.380000,31475089,244.020000,251.400000,249.770000
10107,59491810,MSFT,8048,2022-09-16,244.740000,39737534,242.062700,245.300000,244.260000
10107,59491810,MSFT,8048,2022-09-19,244.520000,26794442,240.850000,245.140000,242.465000
10107,59491810,MSFT,8048,2022-09-20,242.450000,26622984,239.640000,243.510000,242.065000
10107,59491810,MSFT,8048,2022-09-21,238.950000,28585127,238.900000,247.660000,244.270000
10107,59491810,MSFT,8048,2022-09-22,240.980000,30997848,237.570000,243.860000,237.870000
10107,59491810,MSFT,8048,2022-09-23,237.920000,34163652,235.200000,241.130000,239.540000
10107,59491810,MSFT,8048,2022-09-26,237.450000,27688679,236.900000,241.450000,237.045000
10107,59491810,MSFT,8048,2022-09-27,236.410000,26974822,234.500000,241.800000,239.980000
10107,59491810,MSFT,8048,2022-09-28,241.070000,28972738,234.730000,242.330000,236.810000
10107,59491810,MSFT,8048,2022-09-29,237.500000,27439846,234.410000,239.950000,238.890000
10107,59491810,MSFT,8048,2022-09-30,232.900000,35526905,232.730000,240.540000,238.290000
10107,59491810,MSFT,8048,2022-10-03,240.740000,28838055,234.660000,241.610000,235.410000
10107,59491810,MSFT,8048,2022-10-04,248.880000,34821766,244.975000,250.360000,245.090000
10107,59491810,MSFT,8048,2022-10-05,249.200000,20361751,244.100000,250.580000,245.990000
10107,59491810,MSFT,8048,2022-10-06,246.790000,20197482,246.080000,250.340000,247.930000
10107,59491810,MSFT,8048,2022-10-07,234.240000,37690239,233.170000,241.320000,240.902000
10107,59491810,MSFT,8048,2022-10-10,229.250000,29714163,226.730000,234.559000,233.050000
10107,59491810,MSFT,8048,2022-10-11,225.410000,30420004,224.110000,229.060000,227.620000
10107,59491810,MSFT,8048,2022-10-12,225.750000,21865503,223.960000,227.860000,225.400000
10107,59491810,MSFT,8048,2022-10-13,234.240000,42511075,219.130000,236.100000,219.850000
10107,59491810,MSFT,8048,2022-10-14,228.560000,30123529,228.340000,237.240000,235.540000
10107,59491810,MSFT,8048,2022-10-17,237.530000,28109933,235.135000,238.960000,235.820000
10107,59491810,MSFT,8048,2022-10-18,238.500000,26296138,235.370000,243.930000,243.240000
10107,59491810,MSFT,8048,2022-10-19,236.480000,20025731,234.290000,239.610000,237.040000
10107,59491810,MSFT,8048,2022-10-20,236.150000,21785949,234.870000,241.310000,235.770000
10107,59491810,MSFT,8048,2022-10-21,242.120000,26275138,234.500000,243.000000,234.740000
10107,59491810,MSFT,8048,2022-10-24,247.250000,24882548,241.295000,247.840000,243.760000
10107,59491810,MSFT,8048,2022-10-25,250.660000,34713401,245.830000,251.040000,247.260000
10107,59491810,MSFT,8048,2022-10-26,231.320000,82523616,230.060000,238.300000,231.170000
10107,59491810,MSFT,8048,2022-10-27,226.750000,40359252,225.780000,233.690000,231.040000
10107,59491810,MSFT,8048,2022-10-28,235.870000,40574166,226.050000,236.600000,226.240000
10107,59491810,MSFT,8048,2022-10-31,232.130000,28304565,231.150000,234.920000,233.760000
10107,59491810,MSFT,8048,2022-11-01,228.170000,30525099,227.325000,235.740000,234.600000
10107,59491810,MSFT,8048,2022-11-02,220.100000,38358550,220.040000,231.300000,229.460000
10107,59491810,MSFT,8048,2022-11-03,214.250000,36732830,213.980000,220.410000,220.090000
10107,59491810,MSFT,8048,2022-11-04,221.390000,36712344,213.431000,221.590000,217.550000
10107,59491810,MSFT,8048,2022-11-07,227.870000,33462164,221.280000,228.410000,221.990000
10107,59491810,MSFT,8048,2022-11-08,228.870000,28165860,225.840000,231.650000,228.700000
10107,59491810,MSFT,8048,2022-11-09,224.510000,27814285,224.330000,228.632700,227.370000
10107,59491810,MSFT,8048,2022-11-10,242.980000,46213524,235.000000,243.330000,235.430000
10107,59491810,MSFT,8048,2022-11-11,247.110000,34570086,241.930000,247.990000,242.990000
10107,59491810,MSFT,8048,2022-11-14,241.550000,31081333,239.210000,243.910000,241.985000
10107,59491810,MSFT,8048,2022-11-15,241.970000,31357854,240.030000,247.000000,245.660000
10107,59491810,MSFT,8048,2022-11-16,241.730000,24048684,240.420000,243.800000,242.790000
10107,59491810,MSFT,8048,2022-11-17,241.680000,23089950,237.630000,243.250000,237.780000
10107,59491810,MSFT,8048,2022-11-18,241.220000,27575903,239.030000,243.740000,243.510000
10107,59491810,MSFT,8048,2022-11-21,242.050000,26368205,241.190000,244.670000,241.430000
10107,59491810,MSFT,8048,2022-11-22,245.030000,19618821,240.710000,245.310000,243.590000
10107,59491810,MSFT,8048,2022-11-23,247.580000,19477162,244.270000,248.280000,245.105000
10107,59491810,MSFT,8048,2022-11-25,247.490000,9191065,246.730000,248.700000,247.310000
10107,59491810,MSFT,8048,2022-11-28,241.760000,24778937,240.800000,246.650000,246.080000
10107,59491810,MSFT,8048,2022-11-29,240.330000,17932282,238.210000,242.790000,241.400000
10107,59491810,MSFT,8048,2022-11-30,255.140000,47454704,239.860000,255.330000,240.570000
10107,59491810,MSFT,8048,2022-12-01,254.690000,25994808,250.915600,256.120000,253.870000
10107,59491810,MSFT,8048,2022-12-02,255.020000,21492217,249.690000,256.060000,249.820000
10107,59491810,MSFT,8048,2022-12-05,250.200000,23410574,248.060000,253.819000,252.010000
10107,59491810,MSFT,8048,2022-12-06,245.120000,22408779,243.780000,251.860000,250.820000
10107,59491810,MSFT,8048,2022-12-07,244.370000,20432120,242.205000,246.160000,244.830000
10107,59491810,MSFT,8048,2022-12-08,247.400000,22559773,243.060000,248.740000,244.840000
10107,59491810,MSFT,8048,2022-12-09,245.420000,20589371,244.160000,248.310000,244.695000
10107,59491810,MSFT,8048,2022-12-12,252.510000,30627413,247.170000,252.540000,247.445000
10107,59491810,MSFT,8048,2022-12-13,256.920000,42134655,253.070000,263.915000,261.690000
10107,59491810,MSFT,8048,2022-12-14,257.220000,35295594,254.310000,262.588000,257.130000
10107,59491810,MSFT,8048,2022-12-15,249.010000,35513851,247.340000,254.200000,253.720000
10107,59491810,MSFT,8048,2022-12-16,244.690000,94651273,243.510000,249.840000,248.550000
10107,59491810,MSFT,8048,2022-12-19,240.450000,29634558,238.710000,245.210000,244.860000
10107,59491810,MSFT,8048,2022-12-20,241.800000,25126887,238.420000,242.910000,239.400000
10107,59491810,MSFT,8048,2022-12-21,244.430000,23639790,240.110000,245.615000,241.690000
10107,59491810,MSFT,8048,2022-12-22,238.190000,28616381,233.870000,241.990000,241.255000
10107,59491810,MSFT,8048,2022-12-23,238.730000,21287448,233.942800,238.870000,236.110000
10107,59491810,MSFT,8048,2022-12-27,236.960000,16666893,235.830000,238.930000,238.700000
10107,59491810,MSFT,8048,2022-12-28,234.530000,17447853,234.170000,239.720000,236.890000
10107,59491810,MSFT,8048,2022-12-29,241.010000,19727159,235.650000,241.920000,235.650000
10107,59491810,MSFT,8048,2022-12-30,239.820000,21924379,236.660000,239.960000,238.210000
10107,59491810,MSFT,8048,2023-01-03,239.580000,25723760,237.400000,245.750000,243.080000
10107,59491810,MSFT,8048,2023-01-04,229.100000,50564994,225.960000,232.870000,232.275000
10107,59491810,MSFT,8048,2023-01-05,222.310000,39541865,221.760200,227.550000,227.200000
10107,59491810,MSFT,8048,2023-01-06,224.930000,43569634,219.350000,225.760100,223.000000
10107,59491810,MSFT,8048,2023-01-09,227.120000,27334038,226.410000,231.236600,226.450000
10107,59491810,MSFT,8048,2023-01-10,228.850000,27007110,227.330000,231.310000,227.755000
10107,59491810,MSFT,8048,2023-01-11,235.770000,28626526,231.110000,235.950000,231.290000
10107,59491810,MSFT,8048,2023-01-12,238.510000,27217153,233.560000,239.900000,235.260000
10107,59491810,MSFT,8048,2023-01-13,239.230000,21306236,234.920000,239.370000,237.002000
10107,59491810,MSFT,8048,2023-01-17,240.350000,29798924,237.090000,240.910000,237.970000
10107,59491810,MSFT,8048,2023-01-18,235.810000,30101214,235.520000,242.380000,241.565000
10107,59491810,MSFT,8048,2023-01-19,231.930000,28605038,230.680000,235.520000,233.780000
10107,59491810,MSFT,8048,2023-01-20,240.220000,35344239,234.510000,240.740000,234.855000
10107,59491810,MSFT,8048,2023-01-23,242.580000,31884543,239.650000,245.165000,241.100000
10107,59491810,MSFT,8048,2023-01-24,242.040000,40129127,240.440000,243.950000,242.500000
10107,59491810,MSFT,8048,2023-01-25,240.610000,66375667,230.900000,243.300000,234.480000
10107,59491810,MSFT,8048,2023-01-26,248.000000,33395283,242.000000,248.310000,243.650000
10107,59491810,MSFT,8048,2023-01-27,248.160000,26448757,246.830000,249.830000,248.990000
10107,59491810,MSFT,8048,2023-01-30,242.710000,25838168,242.200000,245.600000,244.510000
10107,59491810,MSFT,8048,2023-01-31,247.810000,26491956,242.945000,247.950000,243.450000
10107,59491810,MSFT,8048,2023-02-01,252.750000,31216676,245.470000,255.180000,248.000000
10107,59491810,MSFT,8048,2023-02-02,264.600000,39883410,257.250000,264.690000,258.820000
10107,59491810,MSFT,8048,2023-02-03,258.350000,29027496,257.100000,264.200000,259.542000
10107,59491810,MSFT,8048,2023-02-06,256.770000,22480540,254.780000,258.300000,257.440000
10107,59491810,MSFT,8048,2023-02-07,267.560000,50745924,260.080000,268.775000,260.530000
10107,59491810,MSFT,8048,2023-02-08,266.730000,54571856,266.210000,276.760000,273.200000
10107,59491810,MSFT,8048,2023-02-09,263.620000,42507508,262.800000,273.980000,273.800000
10107,59491810,MSFT,8048,2023-02-10,263.100000,25782621,260.662000,264.090000,261.530000
10107,59491810,MSFT,8048,2023-02-13,271.320000,44561649,267.150000,274.600000,267.640000
10107,59491810,MSFT,8048,2023-02-14,272.170000,36992177,269.280000,274.970000,272.670000
10107,59491810,MSFT,8048,2023-02-15,269.320000,28926206,266.180000,270.730000,268.320000
10107,59491810,MSFT,8048,2023-02-16,262.150000,29552122,261.900000,266.740000,264.020000
10107,59491810,MSFT,8048,2023-02-17,258.060000,29970269,256.000000,260.090000,259.390000
10107,59491810,MSFT,8048,2023-02-21,252.670000,28414023,251.590000,255.490000,254.480000
10107,59491810,MSFT,8048,2023-02-22,251.510000,22469197,250.340000,254.340000,254.090000
10107,59491810,MSFT,8048,2023-02-23,254.770000,29178106,250.480000,256.840000,255.560000
10107,59491810,MSFT,8048,2023-02-24,249.220000,24959089,248.100000,251.000000,249.960000
10107,59491810,MSFT,8048,2023-02-27,250.160000,21154783,249.390000,252.820000,252.460000
10107,59491810,MSFT,8048,2023-02-28,249.420000,22453233,248.730000,251.490000,249.070000
10107,59491810,MSFT,8048,2023-03-01,246.270000,27519487,245.790000,250.930000,250.760000
10107,59491810,MSFT,8048,2023-03-02,251.110000,24789110,245.610000,251.400000,246.550000
10107,59491810,MSFT,8048,2023-03-03,255.290000,30722456,251.390000,255.620000,252.190000
10107,59491810,MSFT,8048,2023-03-06,256.870000,24074211,255.980000,260.120000,256.425000
10107,59491810,MSFT,8048,2023-03-07,254.150000,21418974,253.390000,257.690000,256.300000
10107,59491810,MSFT,8048,2023-03-08,253.700000,17319888,250.810000,254.541700,254.040000
10107,59491810,MSFT,8048,2023-03-09,252.320000,26628620,251.580000,259.560000,255.820000
10107,59491810,MSFT,8048,2023-03-10,248.590000,28296808,247.600000,252.790000,251.080000
10107,59491810,MSFT,8048,2023-03-13,253.920000,33282280,245.730000,257.910000,247.400000
10107,59491810,MSFT,8048,2023-03-14,260.790000,33571146,255.860000,261.070000,256.750000
10107,59491810,MSFT,8048,2023-03-15,265.440000,45925327,259.210000,266.480000,259.980000
10107,59491810,MSFT,8048,2023-03-16,276.200000,54648523,263.280000,276.560000,265.205000
10107,59491810,MSFT,8048,2023-03-17,279.430000,69418106,276.320100,283.330000,278.260000
10107,59491810,MSFT,8048,2023-03-20,272.230000,43948109,269.850000,277.480000,276.980000
10107,59491810,MSFT,8048,2023-03-21,273.780000,34495006,269.519100,275.000000,274.880000
10107,59491810,MSFT,8048,2023-03-22,272.290000,34785567,272.180000,281.040000,273.400000
10107,59491810,MSFT,8048,2023-03-23,277.660000,36571944,275.200000,281.060000,277.940000
10107,59491810,MSFT,8048,2023-03-24,280.570000,28153749,275.280000,280.630000,277.240000
10107,59491810,MSFT,8048,2023-03-27,276.380000,26798592,275.520000,281.458900,280.500000
10107,59491810,MSFT,8048,2023-03-28,275.230000,21834125,272.045100,276.140000,275.790000
10107,59491810,MSFT,8048,2023-03-29,280.510000,25024137,278.410000,281.139800,278.960000
10107,59491810,MSFT,8048,2023-03-30,284.050000,25030639,281.480000,284.460000,284.230000
10107,59491810,MSFT,8048,2023-03-31,288.300000,32670546,283.000000,289.270000,283.730000
10107,59491810,MSFT,8048,2023-04-03,287.230000,24847570,283.950000,288.270000,286.520000
10107,59491810,MSFT,8048,2023-04-04,287.180000,25792601,285.670000,290.449900,287.230000
10107,59491810,MSFT,8048,2023-04-05,284.340000,22037552,282.920000,287.150000,285.850000
10107,59491810,MSFT,8048,2023-04-06,291.600000,29687952,282.030000,292.080000,283.210000
10107,59491810,MSFT,8048,2023-04-10,289.390000,23076459,284.710000,289.600000,289.208000
10107,59491810,MSFT,8048,2023-04-11,282.830000,27225165,281.640000,285.980000,285.750000
10107,59491810,MSFT,8048,2023-04-12,283.490000,27345181,281.960000,287.010000,284.790000
10107,59491810,MSFT,8048,2023-04-13,289.840000,24169889,283.170000,289.900000,283.590000
10107,59491810,MSFT,8048,2023-04-14,286.140000,20946853,283.690000,288.480000,287.000000
10107,59491810,MSFT,8048,2023-04-17,288.800000,23851152,286.160000,291.600000,289.930000
10107,59491810,MSFT,8048,2023-04-18,288.370000,20140439,287.010000,291.755000,291.570000
10107,59491810,MSFT,8048,2023-04-19,288.450000,17124613,284.540000,289.050000,285.990000
10107,59491810,MSFT,8048,2023-04-20,286.110000,23210702,285.080000,289.030000,285.250000
10107,59491810,MSFT,8048,2023-04-21,285.760000,21643658,283.060800,286.270000,285.010000
10107,59491810,MSFT,8048,2023-04-24,281.770000,26584282,278.720000,284.950000,282.090000
10107,59491810,MSFT,8048,2023-04-25,275.420000,45674375,275.370000,281.600000,279.510000
10107,59491810,MSFT,8048,2023-04-26,295.370000,64559458,292.730000,299.570000,296.700000
10107,59491810,MSFT,8048,2023-04-27,304.830000,46351819,295.250000,305.200000,295.970000
10107,59491810,MSFT,8048,2023-04-28,307.260000,36390153,303.310000,308.930000,304.010000
10107,59491810,MSFT,8048,2023-05-01,305.560000,21264708,305.150000,308.600000,306.970000
10107,59491810,MSFT,8048,2023-05-02,305.410000,26368829,303.910000,309.180000,307.760000
10107,59491810,MSFT,8048,2023-05-03,304.400000,22316656,304.090000,308.610000,306.620000
10107,59491810,MSFT,8048,2023-05-04,305.410000,22490758,303.400000,307.762600,306.240000
10107,59491810,MSFT,8048,2023-05-05,310.650000,28132011,304.270000,311.970000,305.720000
10107,59491810,MSFT,8048,2023-05-08,308.650000,21277364,306.090000,310.200000,310.130000
10107,59491810,MSFT,8048,2023-05-09,307.000000,21310485,306.310000,310.040000,308.000000
10107,59491810,MSFT,8048,2023-05-10,312.310000,30170317,307.670000,313.000000,308.620000
10107,59491810,MSFT,8048,2023-05-11,310.110000,31622280,306.260100,311.120000,310.100000
10107,59491810,MSFT,8048,2023-05-12,308.970000,19747525,306.600000,310.650000,310.550000
10107,59491810,MSFT,8048,2023-05-15,309.460000,16304867,307.590000,309.905000,309.095000
10107,59491810,MSFT,8048,2023-05-16,311.740000,25792768,309.830000,313.710000,309.830000
10107,59491810,MSFT,8048,2023-05-17,314.000000,24275344,310.740000,314.430000,312.290000
10107,59491810,MSFT,8048,2023-05-18,318.520000,27213404,313.720000,319.040000,314.530000
10107,59491810,MSFT,8048,2023-05-19,318.340000,27524296,316.370000,318.750000,316.740000
10107,59491810,MSFT,8048,2023-05-22,321.180000,24096272,318.010000,322.590000,318.600000
10107,59491810,MSFT,8048,2023-05-23,315.260000,30788049,315.250000,322.720000,320.030000
10107,59491810,MSFT,8048,2023-05-24,313.850000,23359428,312.610000,316.500000,314.730000
10107,59491810,MSFT,8048,2023-05-25,325.920000,43211134,320.000000,326.900000,323.240000
10107,59491810,MSFT,8048,2023-05-26,332.890000,36666799,323.880000,333.400000,324.020000
10107,59491810,MSFT,8048,2023-05-30,331.210000,29417058,330.520000,335.740000,335.230000
10107,59491810,MSFT,8048,2023-05-31,328.390000,45855604,327.330000,335.940000,332.290000
10107,59491810,MSFT,8048,2023-06-01,332.580000,26741060,324.720000,333.530000,325.930000
10107,59491810,MSFT,8048,2023-06-02,335.400000,25825764,332.550000,337.500000,334.247000
10107,59491810,MSFT,8048,2023-06-05,335.940000,21262839,334.660100,338.559900,335.220000
10107,59491810,MSFT,8048,2023-06-06,333.680000,20367315,332.170000,335.370000,335.330000
10107,59491810,MSFT,8048,2023-06-07,323.380000,40688618,322.500000,334.490000,331.650000
10107,59491810,MSFT,8048,2023-06-08,325.260000,23248974,323.350000,326.640000,323.935000
10107,59491810,MSFT,8048,2023-06-09,326.790000,22475645,324.410000,329.990000,324.990000
10107,59491810,MSFT,8048,2023-06-12,331.850000,24256527,325.160000,332.099900,328.580000
10107,59491810,MSFT,8048,2023-06-13,334.290000,22897823,330.390000,336.980000,334.465000
10107,59491810,MSFT,8048,2023-06-14,337.340000,25989870,332.810000,339.040000,334.340000
10107,59491810,MSFT,8048,2023-06-15,348.100000,39022948,337.200000,349.840000,337.480000
10107,59491810,MSFT,8048,2023-06-16,342.330000,46491277,341.950000,351.470000,351.320000
10107,59491810,MSFT,8048,2023-06-20,338.050000,26248460,335.860000,342.080000,339.310000
10107,59491810,MSFT,8048,2023-06-21,333.560000,25091166,332.070000,337.730000,336.370000
10107,59491810,MSFT,8048,2023-06-22,339.710000,23526630,333.340000,340.120000,334.120000
10107,59491810,MSFT,8048,2023-06-23,335.020000,23096745,333.450000,337.960000,334.360000
10107,59491810,MSFT,8048,2023-06-26,328.600000,21484178,328.490000,336.110000,333.720000
10107,59491810,MSFT,8048,2023-06-27,334.570000,24321034,329.300000,336.150000,331.860000
10107,59491810,MSFT,8048,2023-06-28,335.850000,20232160,333.810000,337.980000,334.660000
10107,59491810,MSFT,8048,2023-06-29,335.050000,16953737,332.620000,336.110000,334.710000
10107,59491810,MSFT,8048,2023-06-30,340.540000,26799737,337.200000,342.730000,337.750000
10107,59491810,MSFT,8048,2023-07-03,337.990000,12495743,336.571000,340.900000,339.190000
10107,59491810,MSFT,8048,2023-07-05,338.150000,18147070,334.727600,341.650000,335.090000
10107,59491810,MSFT,8048,2023-07-06,341.270000,28164526,335.500000,342.990000,337.300000
10107,59491810,MSFT,8048,2023-07-07,337.220000,21194326,337.000000,341.790000,339.320000
10107,59491810,MSFT,8048,2023-07-10,331.830000,32743632,327.590000,335.230000,334.600000
10107,59491810,MSFT,8048,2023-07-11,332.470000,26665456,327.000000,332.860000,331.060000
10107,59491810,MSFT,8048,2023-07-12,337.200000,29964020,335.670000,341.652000,336.600000
10107,59491810,MSFT,8048,2023-07-13,342.660000,20537384,339.020000,343.740000,339.560000
10107,59491810,MSFT,8048,2023-07-14,345.240000,28396289,344.310000,351.430000,347.590000
10107,59491810,MSFT,8048,2023-07-17,345.730000,20307706,342.200000,346.990000,345.678000
10107,59491810,MSFT,8048,2023-07-18,359.490000,64730710,342.170000,366.780000,345.830000
10107,59491810,MSFT,8048,2023-07-19,355.080000,39660592,352.435000,362.460000,361.750000
10107,59491810,MSFT,8048,2023-07-20,346.870000,33728143,345.370000,357.970000,353.570000
10107,59491810,MSFT,8048,2023-07-21,343.770000,69316281,339.830000,350.300000,349.150000
10107,59491810,MSFT,8048,2023-07-24,345.110000,26670051,342.310000,346.920000,345.850000
10107,59491810,MSFT,8048,2023-07-25,350.980000,41612494,345.070000,351.890000,347.110000
10107,59491810,MSFT,8048,2023-07-26,337.770000,58188044,333.110000,344.670000,341.440000
10107,59491810,MSFT,8048,2023-07-27,330.720000,39549119,329.050000,341.330000,340.480000
10107,59491810,MSFT,8048,2023-07-28,338.370000,28413438,333.170000,340.010000,333.670000
10107,59491810,MSFT,8048,2023-07-31,335.920000,25374168,333.360000,337.695000,336.920000
10107,59491810,MSFT,8048,2023-08-01,336.340000,18351467,333.700000,338.540000,335.190000
10107,59491810,MSFT,8048,2023-08-02,327.500000,27719902,326.355100,333.630000,333.630000
10107,59491810,MSFT,8048,2023-08-03,326.660000,18325117,325.950000,329.880000,326.000000
10107,59491810,MSFT,8048,2023-08-04,327.780000,23680406,327.240000,335.140000,331.880000
10107,59491810,MSFT,8048,2023-08-07,330.110000,17712827,327.520000,331.110000,328.370000
10107,59491810,MSFT,8048,2023-08-08,326.050000,22290772,323.000000,328.750000,326.960000
10107,59491810,MSFT,8048,2023-08-09,322.230000,22341026,321.049900,327.110000,326.470000
10107,59491810,MSFT,8048,2023-08-10,322.930000,20096115,321.180000,328.260000,326.015000
10107,59491810,MSFT,8048,2023-08-11,321.010000,24663587,319.210000,322.410000,320.260000
10107,59491810,MSFT,8048,2023-08-14,324.040000,18813753,320.080000,324.060000,321.390000
10107,59491810,MSFT,8048,2023-08-15,321.860000,16991444,320.903400,325.090000,323.000000
10107,59491810,MSFT,8048,2023-08-16,320.400000,20661431,319.803500,324.420000,320.800000
10107,59491810,MSFT,8048,2023-08-17,316.880000,21226266,316.210000,321.870000,320.540000
10107,59491810,MSFT,8048,2023-08-18,316.480000,24704440,311.550800,318.380000,314.490000
10107,59491810,MSFT,8048,2023-08-21,321.880000,23999717,317.040000,322.770000,317.930000
10107,59491810,MSFT,8048,2023-08-22,322.460000,16049321,321.460000,326.075000,325.500000
10107,59491810,MSFT,8048,2023-08-23,327.000000,21114512,323.460000,329.200000,323.820000
10107,59491810,MSFT,8048,2023-08-24,319.970000,23211122,319.960000,332.980000,332.850000
10107,59491810,MSFT,8048,2023-08-25,322.980000,21648363,318.800100,325.360000,321.470000
10107,59491810,MSFT,8048,2023-08-28,323.700000,14787520,321.722000,326.150000,325.660000
10107,59491810,MSFT,8048,2023-08-29,328.410000,19322196,321.880000,328.983500,321.880000
10107,59491810,MSFT,8048,2023-08-30,328.790000,15172792,326.445000,329.810000,328.670000
10107,59491810,MSFT,8048,2023-08-31,327.760000,26344214,326.780000,330.909900,329.200000
10107,59491810,MSFT,8048,2023-09-01,328.660000,14912723,326.780000,331.990000,331.310000
10107,59491810,MSFT,8048,2023-09-05,333.550000,18475262,328.660000,334.850000,329.000000
10107,59491810,MSFT,8048,2023-09-06,332.880000,17479241,330.180000,334.460000,333.380000
10107,59491810,MSFT,8048,2023-09-07,329.910000,18356493,329.030000,333.080000,331.290000
10107,59491810,MSFT,8048,2023-09-08,334.270000,19469957,329.460000,336.160000,330.090000
10107,59491810,MSFT,8048,2023-09-11,337.940000,16572127,335.430000,338.420000,337.240000
10107,59491810,MSFT,8048,2023-09-12,331.770000,17540963,331.480000,336.790000,335.815000
10107,59491810,MSFT,8048,2023-09-13,336.060000,16504908,331.170000,336.850000,331.310000
10107,59491810,MSFT,8048,2023-09-14,338.700000,20244279,336.570000,340.860000,339.148000
10107,59491810,MSFT,8048,2023-09-15,330.220000,37653124,329.650000,337.397500,336.920000
10107,59491810,MSFT,8048,2023-09-18,329.060000,16815983,326.360000,330.400000,327.800000
10107,59491810,MSFT,8048,2023-09-19,328.650000,16667776,324.510000,329.390000,326.170000
10107,59491810,MSFT,8048,2023-09-20,320.770000,21517711,320.510000,329.590000,329.510000
10107,59491810,MSFT,8048,2023-09-21,319.530000,35513321,315.000000,325.349900,319.260000
10107,59491810,MSFT,8048,2023-09-22,317.010000,21412259,316.150000,321.450000,321.320000
10107,59491810,MSFT,8048,2023-09-25,317.540000,17844083,315.000000,317.670000,316.590000
10107,59491810,MSFT,8048,2023-09-26,312.140000,26256037,310.020000,315.880000,315.130000
10107,59491810,MSFT,8048,2023-09-27,312.790000,19372172,309.690000,314.299000,312.300000
10107,59491810,MSFT,8048,2023-09-28,313.640000,19643507,309.450000,315.480000,310.990000
10107,59491810,MSFT,8048,2023-09-29,315.750000,24096063,314.980000,319.470000,317.750000
10107,59491810,MSFT,8048,2023-10-02,321.800000,20527801,315.180000,321.888000,316.280000
10107,59491810,MSFT,8048,2023-10-03,313.390000,21005226,311.215000,321.390000,320.830000
10107,59491810,MSFT,8048,2023-10-04,318.955000,20687640,314.000000,320.040000,314.030000
10107,59491810,MSFT,8048,2023-10-05,319.360000,16939509,314.900000,319.980000,319.090000
10107,59491810,MSFT,8048,2023-10-06,327.260000,25645613,316.300000,329.190000,316.550000
10107,59491810,MSFT,8048,2023-10-09,329.820000,19858021,323.180000,330.300000,324.750000
10107,59491810,MSFT,8048,2023-10-10,328.390000,20505076,327.670000,331.100000,330.960000
10107,59491810,MSFT,8048,2023-10-11,332.420000,20038997,329.140000,332.820000,331.210000
10107,59491810,MSFT,8048,2023-10-12,331.160000,19267191,328.720000,333.629900,330.565000
10107,59491810,MSFT,8048,2023-10-13,327.730000,21053888,326.360000,333.830000,332.380000
10107,59491810,MSFT,8048,2023-10-16,332.640000,22126487,330.600000,336.140000,331.050000
10107,59491810,MSFT,8048,2023-10-17,332.060000,18313913,327.410000,333.460000,329.590000
10107,59491810,MSFT,8048,2023-10-18,330.110000,23110633,328.300000,335.590000,332.490000
10107,59491810,MSFT,8048,2023-10-19,331.320000,25018574,330.910000,336.880000,332.150000
10107,59491810,MSFT,8048,2023-10-20,326.670000,24947758,325.450000,331.920000,331.720000
10107,59491810,MSFT,8048,2023-10-23,329.320000,24402989,324.390000,332.725000,325.470000
10107,59491810,MSFT,8048,2023-10-24,330.530000,31102445,327.600000,331.840000,331.300000
10107,59491810,MSFT,8048,2023-10-25,340.670000,54880574,337.620000,346.200000,345.020000
10107,59491810,MSFT,8048,2023-10-26,327.890000,37741889,326.940000,341.630000,340.540000
10107,59491810,MSFT,8048,2023-10-27,329.810000,29795633,328.400700,336.720000,330.425000
10107,59491810,MSFT,8048,2023-10-30,337.310000,22762542,331.830000,339.450000,333.410000
10107,59491810,MSFT,8048,2023-10-31,338.110000,20210835,334.690000,339.000000,338.850000
10107,59491810,MSFT,8048,2023-11-01,346.070000,27947693,339.650000,347.420000,339.790000
10107,59491810,MSFT,8048,2023-11-02,348.320000,24160713,344.770000,348.830000,347.240000
10107,59491810,MSFT,8048,2023-11-03,352.800000,23451432,347.330000,354.390000,349.630000
10107,59491810,MSFT,8048,2023-11-06,356.530000,23580689,353.350000,357.540000,353.450000
10107,59491810,MSFT,8048,2023-11-07,360.530000,25663710,357.630000,362.460000,359.400000
10107,59491810,MSFT,8048,2023-11-08,363.200000,26727667,360.550000,363.870000,361.680000
10107,59491810,MSFT,8048,2023-11-09,360.690000,24701944,360.362000,364.790000,362.300000
10107,59491810,MSFT,8048,2023-11-10,369.670000,27928267,361.070000,370.100000,361.490000
10107,59491810,MSFT,8048,2023-11-13,366.680000,19879549,365.900000,368.470000,368.220000
10107,59491810,MSFT,8048,2023-11-14,370.270000,27464415,367.345400,371.950000,371.010000
10107,59491810,MSFT,8048,2023-11-15,369.670000,26691578,367.110000,373.130000,371.280000
10107,59491810,MSFT,8048,2023-11-16,376.170000,26963964,370.180000,376.350000,370.960000
10107,59491810,MSFT,8048,2023-11-17,369.850000,39905580,367.000000,374.370000,373.610000
10107,59491810,MSFT,8048,2023-11-20,377.440000,51976782,371.000000,378.870000,371.220000
10107,59491810,MSFT,8048,2023-11-21,373.070000,28230620,371.120000,376.221500,375.670000
10107,59491810,MSFT,8048,2023-11-22,377.850000,23230651,374.965000,379.789900,378.000000
10107,59491810,MSFT,8048,2023-11-24,377.430000,10114326,375.135000,377.970000,377.330000
10107,59491810,MSFT,8048,2023-11-27,378.610000,22058871,376.200000,380.640000,376.780000
10107,59491810,MSFT,8048,2023-11-28,382.700000,20318123,378.160000,383.000000,378.350000
10107,59491810,MSFT,8048,2023-11-29,378.850000,28830256,377.440000,384.300000,383.760000
10107,59491810,MSFT,8048,2023-11-30,378.910000,30417000,375.470000,380.090000,378.490000
10107,59491810,MSFT,8048,2023-12-01,374.510000,32778961,371.310000,378.160000,376.760000
10107,59491810,MSFT,8048,2023-12-04,369.140000,31663972,362.900000,369.520000,369.100000
10107,59491810,MSFT,8048,2023-12-05,372.520000,22977856,365.621000,373.075000,366.450000
10107,59491810,MSFT,8048,2023-12-06,368.800000,21077334,368.030000,374.180000,373.540000
10107,59491810,MSFT,8048,2023-12-07,370.950000,22916480,366.320000,371.452700,368.230000
10107,59491810,MSFT,8048,2023-12-08,374.230000,20020201,368.230000,374.460000,369.200000
10107,59491810,MSFT,8048,2023-12-11,371.300000,27388886,366.100000,371.600000,368.480000
10107,59491810,MSFT,8048,2023-12-12,374.380000,24608166,370.460000,374.420000,370.850000
10107,59491810,MSFT,8048,2023-12-13,374.370000,30772050,370.770000,377.636100,376.020000
10107,59491810,MSFT,8048,2023-12-14,365.930000,43451881,364.130000,373.760000,373.310000
10107,59491810,MSFT,8048,2023-12-15,370.730000,77755324,366.280000,372.400000,366.850000
10107,59491810,MSFT,8048,2023-12-18,372.650000,21632344,368.680000,373.000000,369.450000
10107,59491810,MSFT,8048,2023-12-19,373.260000,20434545,369.840000,373.260000,371.490000
10107,59491810,MSFT,8048,2023-12-20,370.620000,26089812,370.530000,376.030000,375.000000
10107,59491810,MSFT,8048,2023-12-21,373.540000,17622307,370.040000,374.410000,372.560000
10107,59491810,MSFT,8048,2023-12-22,374.580000,17012801,372.710000,375.180000,373.680000
10107,59491810,MSFT,8048,2023-12-26,374.660000,12622222,373.500000,376.940000,375.000000
10107,59491810,MSFT,8048,2023-12-27,374.070000,14830103,372.811600,375.060000,373.690000
10107,59491810,MSFT,8048,2023-12-28,375.280000,14278610,374.160000,376.458000,375.370000
10107,59491810,MSFT,8048,2023-12-29,376.040000,18621428,373.480000,377.160000,376.000000
10107,59491810,MSFT,8048,2024-01-02,370.870000,25134559,366.771000,375.900000,373.860000
10107,59491810,MSFT,8048,2024-01-03,370.600000,22992351,368.510000,373.256200,369.010000
10107,59491810,MSFT,8048,2024-01-04,367.940000,20657385,367.170000,373.100000,370.665000
10107,59491810,MSFT,8048,2024-01-05,367.750000,20884293,366.500000,372.060000,368.970000
10107,59491810,MSFT,8048,2024-01-08,374.690000,22953632,369.010000,375.200000,369.300000
10107,59491810,MSFT,8048,2024-01-09,375.790000,20721875,371.190000,375.990000,372.010000
10107,59491810,MSFT,8048,2024-01-10,382.770000,25386887,376.320000,384.170000,376.370000
10107,59491810,MSFT,8048,2024-01-11,384.630000,27685927,380.380000,390.680000,386.000000
10107,59491810,MSFT,8048,2024-01-12,388.470000,21557503,384.650000,388.680000,385.490000
10107,59491810,MSFT,8048,2024-01-16,390.270000,27042389,387.622900,394.030000,393.660000
10107,59491810,MSFT,8048,2024-01-17,389.470000,22113120,384.810000,390.110000,387.980000
10107,59491810,MSFT,8048,2024-01-18,393.870000,23247255,390.120000,393.990000,391.720000
10107,59491810,MSFT,8048,2024-01-19,398.670000,29158131,393.500000,398.670000,395.760000
10107,59491810,MSFT,8048,2024-01-22,396.510000,26740989,393.590000,400.620000,400.020000
10107,59491810,MSFT,8048,2024-01-23,398.900000,20609127,393.930000,399.380000,395.750000
10107,59491810,MSFT,8048,2024-01-24,402.560000,25249179,400.450000,405.630000,401.540000
10107,59491810,MSFT,8048,2024-01-25,404.870000,20890798,402.529400,407.010000,404.320000
10107,59491810,MSFT,8048,2024-01-26,403.930000,17703338,402.430000,406.170000,404.370000
10107,59491810,MSFT,8048,2024-01-29,409.720000,24363272,404.330000,409.980000,406.060000
10107,59491810,MSFT,8048,2024-01-30,408.590000,33039497,406.450100,413.050000,412.260000
10107,59491810,MSFT,8048,2024-01-31,397.580000,47477125,397.210000,415.320000,406.960000
10107,59491810,MSFT,8048,2024-02-01,403.780000,30408416,401.800000,408.000000,401.830000
10107,59491810,MSFT,8048,2024-02-02,411.220000,28051784,403.560000,412.650000,403.810000
10107,59491810,MSFT,8048,2024-02-05,405.650000,25195782,403.990000,411.160000,409.900000
10107,59491810,MSFT,8048,2024-02-06,405.490000,18309006,402.910000,407.970000,405.880000
10107,59491810,MSFT,8048,2024-02-07,414.050000,22225577,407.400000,414.300000,407.440000
10107,59491810,MSFT,8048,2024-02-08,414.110000,21150698,412.530000,415.560000,414.050000
10107,59491810,MSFT,8048,2024-02-09,420.550000,21904286,415.090000,420.820000,415.250000
10107,59491810,MSFT,8048,2024-02-12,415.260000,21018029,414.750000,420.740000,420.555000
10107,59491810,MSFT,8048,2024-02-13,406.320000,27528133,403.390000,410.071000,404.940000
10107,59491810,MSFT,8048,2024-02-14,409.490000,20242861,404.570000,409.840000,408.070000
10107,59491810,MSFT,8048,2024-02-15,406.560000,21641713,404.290000,409.130000,408.140000
10107,59491810,MSFT,8048,2024-02-16,404.060000,22947447,403.440000,408.290000,407.960000
10107,59491810,MSFT,8048,2024-02-20,402.790000,24190848,398.010000,404.490000,403.240000
10107,59491810,MSFT,8048,2024-02-21,402.180000,18504506,397.220000,402.290000,400.170000
10107,59491810,MSFT,8048,2024-02-22,411.650000,26892696,408.570000,412.830000,410.190000
10107,59491810,MSFT,8048,2024-02-23,410.340000,16203109,408.970000,415.860000,415.670000
10107,59491810,MSFT,8048,2024-02-26,407.540000,16111425,407.360000,412.160000,411.455000
10107,59491810,MSFT,8048,2024-02-27,407.480000,14768417,403.850000,408.320000,407.990000
10107,59491810,MSFT,8048,2024-02-28,407.720000,13078416,405.320100,409.300000,408.175000
10107,59491810,MSFT,8048,2024-02-29,413.640000,31753780,405.920000,414.200000,408.640000
10107,59491810,MSFT,8048,2024-03-01,415.500000,17697230,410.880000,415.870000,411.270000
10107,59491810,MSFT,8048,2024-03-04,414.920000,17486701,412.320000,417.350000,413.440000
10107,59491810,MSFT,8048,2024-03-05,402.650000,26711311,400.640000,414.250000,413.960000
10107,59491810,MSFT,8048,2024-03-06,402.090000,22181294,398.390000,405.160000,402.970000
10107,59491810,MSFT,8048,2024-03-07,409.140000,18551976,402.240000,409.780000,406.120000
10107,59491810,MSFT,8048,2024-03-08,406.220000,17880234,404.330000,410.420000,407.960000
10107,59491810,MSFT,8048,2024-03-11,404.520000,15986217,401.260000,405.680000,403.762000
10107,59491810,MSFT,8048,2024-03-12,415.280000,22315583,406.790000,415.570000,407.620000
10107,59491810,MSFT,8048,2024-03-13,415.100000,16981062,411.450000,418.180000,418.100000
10107,59491810,MSFT,8048,2024-03-14,425.220000,33751353,417.990000,427.820000,420.240000
10107,59491810,MSFT,8048,2024-03-15,416.420000,44891350,412.790000,422.600000,419.290000
10107,59491810,MSFT,8048,2024-03-18,417.320000,19949874,413.780000,420.730000,414.250000
10107,59491810,MSFT,8048,2024-03-19,421.410000,19668221,415.550000,421.665600,417.830000
10107,59491810,MSFT,8048,2024-03-20,425.230000,17676370,420.660000,425.960000,422.000000
10107,59491810,MSFT,8048,2024-03-21,429.370000,21117664,427.160000,430.820000,429.830000
10107,59491810,MSFT,8048,2024-03-22,428.740000,18010308,426.070000,429.860000,429.700000
10107,59491810,MSFT,8048,2024-03-25,422.860000,17918528,421.610000,427.410000,425.240000
10107,59491810,MSFT,8048,2024-03-26,421.650000,16627737,421.350000,425.990000,425.610000
10107,59491810,MSFT,8048,2024-03-27,421.430000,16547957,419.010000,424.450000,424.440000
10107,59491810,MSFT,8048,2024-03-28,420.720000,21727459,419.120000,421.870000,420.960000
10107,59491810,MSFT,8048,2024-04-01,424.570000,16115384,422.220000,427.890000,423.950000
10107,59491810,MSFT,8048,2024-04-02,421.440000,17680351,417.840000,422.380000,420.110000
10107,59491810,MSFT,8048,2024-04-03,420.450000,16095533,419.085000,423.260000,419.730000
10107,59491810,MSFT,8048,2024-04-04,417.880000,19192050,417.570000,428.670000,424.990000
10107,59491810,MSFT,8048,2024-04-05,425.520000,16368011,418.320000,426.510000,420.010000
10107,59491810,MSFT,8048,2024-04-08,424.590000,14147670,423.300000,427.280000,425.170000
10107,59491810,MSFT,8048,2024-04-09,426.280000,12383102,421.620000,427.740000,426.440000
10107,59491810,MSFT,8048,2024-04-10,423.260000,16020210,419.700000,424.030000,422.190000
10107,59491810,MSFT,8048,2024-04-11,427.930000,17847191,422.360000,429.370000,425.820000
10107,59491810,MSFT,8048,2024-04-12,421.900000,19103036,419.770000,425.179400,424.050000
10107,59491810,MSFT,8048,2024-04-15,413.640000,20118778,413.430000,426.820000,426.600000
10107,59491810,MSFT,8048,2024-04-16,414.580000,16633484,413.730100,418.400000,414.570000
10107,59491810,MSFT,8048,2024-04-17,411.840000,15794760,410.330000,418.880000,417.250000
10107,59491810,MSFT,8048,2024-04-18,404.270000,20819157,403.950000,411.890000,410.630000
10107,59491810,MSFT,8048,2024-04-19,399.120000,30013838,397.770000,405.480000,404.030000
10107,59491810,MSFT,8048,2024-04-22,400.960000,20066222,395.750000,402.850000,400.080000
10107,59491810,MSFT,8048,2024-04-23,407.570000,15608990,403.060000,408.200000,404.235000
10107,59491810,MSFT,8048,2024-04-24,409.060000,14918642,406.780000,412.470000,409.560000
10107,59491810,MSFT,8048,2024-04-25,399.040000,39955226,388.030000,399.889900,394.030000
10107,59491810,MSFT,8048,2024-04-26,406.320000,29332852,405.760100,413.000000,412.170000
10107,59491810,MSFT,8048,2024-04-29,402.250000,19364519,399.190000,406.320000,405.250000
10107,59491810,MSFT,8048,2024-04-30,389.330000,28510241,389.170000,402.160000,401.490000
10107,59491810,MSFT,8048,2024-05-01,394.940000,23139887,390.310000,401.719900,392.610000
10107,59491810,MSFT,8048,2024-05-02,397.840000,17571403,394.651500,399.930000,397.660000
10107,59491810,MSFT,8048,2024-05-03,406.660000,17347804,401.860000,407.150000,402.280000
10107,59491810,MSFT,8048,2024-05-06,413.540000,16857312,406.370100,413.930000,408.760000
10107,59491810,MSFT,8048,2024-05-07,409.340000,19807119,409.090000,414.670000,414.660000
10107,59491810,MSFT,8048,2024-05-08,410.540000,11724973,406.713200,412.230000,408.170000
10107,59491810,MSFT,8048,2024-05-09,412.320000,14613427,409.100000,412.720000,410.570000
10107,59491810,MSFT,8048,2024-05-10,414.740000,13320219,411.800000,415.380000,412.935000
10107,59491810,MSFT,8048,2024-05-13,413.720000,15321588,410.820000,418.348000,418.010000
10107,59491810,MSFT,8048,2024-05-14,416.560000,14994036,411.550000,417.490000,412.020000
10107,59491810,MSFT,8048,2024-05-15,423.080000,22043212,417.270000,423.810000,417.900000
10107,59491810,MSFT,8048,2024-05-16,420.990000,17363996,420.350000,425.420000,421.800000
10107,59491810,MSFT,8048,2024-05-17,420.210000,15230616,418.025000,422.920000,422.540000
10107,59491810,MSFT,8048,2024-05-20,425.340000,16205883,419.990000,426.770000,420.210000
10107,59491810,MSFT,8048,2024-05-21,429.040000,21286679,424.850000,432.970000,426.825000
10107,59491810,MSFT,8048,2024-05-22,430.520000,17917318,427.130000,432.410000,430.090000
10107,59491810,MSFT,8048,2024-05-23,427.000000,17001775,425.424000,433.600000,432.970000
10107,59491810,MSFT,8048,2024-05-24,430.160000,11750822,424.410000,431.055000,427.190000
10107,59491810,MSFT,8048,2024-05-28,430.320000,15481467,426.600000,430.820000,429.630000
10107,59491810,MSFT,8048,2024-05-29,429.170000,15305176,425.690000,430.940000,425.690000
10107,59491810,MSFT,8048,2024-05-30,414.670000,27947098,414.240000,424.300000,424.300000
10107,59491810,MSFT,8048,2024-05-31,415.130000,47360578,404.510000,416.750000,416.750000
10107,59491810,MSFT,8048,2024-06-03,413.520000,17292784,408.923400,416.430000,415.525000
10107,59491810,MSFT,8048,2024-06-04,416.070000,14512417,409.675000,416.440000,412.430000
10107,59491810,MSFT,8048,2024-06-05,424.010000,16838154,416.300000,424.080000,417.810000
10107,59491810,MSFT,8048,2024-06-06,424.520000,14760086,420.580000,425.310000,424.010000
10107,59491810,MSFT,8048,2024-06-07,423.850000,13542338,423.000000,426.280000,426.200000
10107,59491810,MSFT,8048,2024-06-10,427.870000,13894569,423.890000,428.080000,424.700000
10107,59491810,MSFT,8048,2024-06-11,432.680000,14442965,425.250000,432.820000,425.475000
10107,59491810,MSFT,8048,2024-06-12,441.060000,22158443,433.250000,443.400000,435.320000
10107,59491810,MSFT,8048,2024-06-13,441.580000,15844702,439.370000,443.390000,440.850000
10107,59491810,MSFT,8048,2024-06-14,442.570000,13495309,436.721000,443.137600,438.275000
10107,59491810,MSFT,8048,2024-06-17,448.370000,20678207,440.720000,450.940000,442.585000
10107,59491810,MSFT,8048,2024-06-18,446.340000,16979593,444.890000,450.140000,449.705000
10107,59491810,MSFT,8048,2024-06-20,445.700000,19616599,441.270000,446.530000,446.300000
10107,59491810,MSFT,8048,2024-06-21,449.780000,34288741,446.510000,450.580000,447.380000
10107,59491810,MSFT,8048,2024-06-24,447.670000,15751623,446.410000,452.750000,449.800000
10107,59491810,MSFT,8048,2024-06-25,450.950000,16611044,446.750000,451.420000,448.250000
10107,59491810,MSFT,8048,2024-06-26,452.160000,16422472,448.190000,453.600000,449.000000
10107,59491810,MSFT,8048,2024-06-27,452.850000,14663990,451.770000,456.170000,452.175000
10107,59491810,MSFT,8048,2024-06-28,446.950000,28013073,446.410000,455.380000,453.070000
10107,59491810,MSFT,8048,2024-07-01,456.730000,17444696,445.660000,457.370000,448.660000
10107,59491810,MSFT,8048,2024-07-02,459.280000,13899176,453.113000,459.590000,453.200000
10107,59491810,MSFT,8048,2024-07-03,460.770000,9811535,457.880000,461.020000,458.190000
10107,59491810,MSFT,8048,2024-07-05,467.560000,15907319,458.965000,468.350000,459.610000
10107,59491810,MSFT,8048,2024-07-08,466.240000,12822151,464.460000,467.700000,466.550000
10107,59491810,MSFT,8048,2024-07-09,459.540000,17060355,458.000000,467.330000,467.000000
10107,59491810,MSFT,8048,2024-07-10,466.250000,18050893,458.855000,466.460000,461.220000
10107,59491810,MSFT,8048,2024-07-11,454.700000,22872453,451.550000,464.780000,462.980000
10107,59491810,MSFT,8048,2024-07-12,453.550000,16133013,450.645000,456.360000,454.325000
10107,59491810,MSFT,8048,2024-07-15,453.960000,14319416,451.430000,457.260000,453.300000
10107,59491810,MSFT,8048,2024-07-16,449.520000,17030807,446.660000,454.300000,454.220000
10107,59491810,MSFT,8048,2024-07-17,443.520000,21710866,439.180000,444.850000,442.590000
10107,59491810,MSFT,8048,2024-07-18,440.370000,20619085,434.400000,444.650000,444.340000
10107,59491810,MSFT,8048,2024-07-19,437.110000,20769791,432.000000,441.140000,433.100000
10107,59491810,MSFT,8048,2024-07-22,442.940000,15703549,438.912500,444.600000,441.790000
10107,59491810,MSFT,8048,2024-07-23,444.850000,13052351,443.100000,448.390000,443.895000
10107,59491810,MSFT,8048,2024-07-24,428.900000,26621647,427.585000,441.480000,440.450000
10107,59491810,MSFT,8048,2024-07-25,418.400000,29512557,417.510000,429.800000,428.800000
10107,59491810,MSFT,8048,2024-07-26,425.270000,23416105,417.270000,428.915000,418.200000
10107,59491810,MSFT,8048,2024-07-29,426.730000,14967564,424.704200,432.150000,431.580000
10107,59491810,MSFT,8048,2024-07-30,422.920000,32031560,417.360000,429.050000,427.720000
10107,59491810,MSFT,8048,2024-07-31,418.350000,42411431,412.210000,421.775000,420.495000
10107,59491810,MSFT,8048,2024-08-01,417.110000,30541492,413.090100,427.460000,420.785000
10107,59491810,MSFT,8048,2024-08-02,408.490000,29078076,404.340000,415.000000,412.490000
10107,59491810,MSFT,8048,2024-08-05,395.150000,40255236,385.580000,401.040000,389.170000
10107,59491810,MSFT,8048,2024-08-06,399.610000,24612950,398.500000,405.670000,400.000000
10107,59491810,MSFT,8048,2024-08-07,398.430000,20509096,397.470000,410.080000,408.635000
10107,59491810,MSFT,8048,2024-08-08,402.690000,20069294,399.940700,405.860000,402.440000
10107,59491810,MSFT,8048,2024-08-09,406.020000,19195314,402.262400,408.050000,404.030000
10107,59491810,MSFT,8048,2024-08-12,406.810000,16679078,404.243400,408.760000,407.060000
10107,59491810,MSFT,8048,2024-08-13,414.010000,19322150,409.570000,414.950000,409.590000
10107,59491810,MSFT,8048,2024-08-14,416.860000,18220088,412.445600,417.720000,414.800000
10107,59491810,MSFT,8048,2024-08-15,421.030000,20617953,417.660000,421.110000,419.800000
10107,59491810,MSFT,8048,2024-08-16,418.470000,22701253,417.300000,421.340000,420.600000
10107,59491810,MSFT,8048,2024-08-19,421.530000,15139179,416.460000,421.750000,418.960000
10107,59491810,MSFT,8048,2024-08-20,424.800000,16372327,421.640000,425.860000,421.700000
10107,59491810,MSFT,8048,2024-08-21,424.140000,15934768,421.720000,426.400000,424.075000
10107,59491810,MSFT,8048,2024-08-22,415.550000,19242772,414.610000,426.789900,424.360000
10107,59491810,MSFT,8048,2024-08-23,416.790000,18372523,412.090000,419.260000,416.980000
10107,59491810,MSFT,8048,2024-08-26,413.490000,13035184,411.340000,417.279900,416.365000
10107,59491810,MSFT,8048,2024-08-27,413.840000,13375324,410.250000,414.360000,412.860000
10107,59491810,MSFT,8048,2024-08-28,410.600000,14752763,407.310000,415.000000,414.880000
10107,59491810,MSFT,8048,2024-08-29,413.120000,16882720,410.600000,422.050000,414.940000
10107,59491810,MSFT,8048,2024-08-30,417.140000,24055056,412.130000,417.490000,415.600000
10107,59491810,MSFT,8048,2024-09-03,409.440000,20081838,407.030000,419.880000,417.910000
10107,59491810,MSFT,8048,2024-09-04,408.900000,15002927,404.370000,411.240000,405.910000
10107,59491810,MSFT,8048,2024-09-05,408.390000,14005315,406.130000,413.100000,407.620000
10107,59491810,MSFT,8048,2024-09-06,401.700000,19475423,400.800000,410.650000,409.060000
10107,59491810,MSFT,8048,2024-09-09,405.720000,15152874,402.150000,408.650000,407.240000
10107,59491810,MSFT,8048,2024-09-10,414.200000,19396521,407.700000,416.330000,408.200000
10107,59491810,MSFT,8048,2024-09-11,423.040000,19102731,409.580000,423.990000,415.500000
10107,59491810,MSFT,8048,2024-09-12,427.000000,17253430,419.750000,427.369200,423.310000
10107,59491810,MSFT,8048,2024-09-13,430.590000,15770766,425.460000,431.830000,425.825000
10107,59491810,MSFT,8048,2024-09-16,431.340000,13726339,428.220000,433.530000,430.600000
10107,59491810,MSFT,8048,2024-09-17,435.150000,18720809,432.270000,441.850000,440.230000
10107,59491810,MSFT,8048,2024-09-18,430.810000,18706906,430.410000,436.030000,435.000000
10107,59491810,MSFT,8048,2024-09-19,438.690000,21522774,436.900000,441.500000,441.225000
10107,59491810,MSFT,8048,2024-09-20,435.270000,54918188,434.220000,439.240000,437.220000
10107,59491810,MSFT,8048,2024-09-23,433.510000,15030763,430.388900,436.460000,434.280000
10107,59491810,MSFT,8048,2024-09-24,429.170000,16856994,426.100000,433.350000,433.000000
10107,59491810,MSFT,8048,2024-09-25,432.110000,13285870,428.570000,433.119000,429.830000
10107,59491810,MSFT,8048,2024-09-26,431.310000,14330814,429.130000,435.300000,435.085000
10107,59491810,MSFT,8048,2024-09-27,428.020000,15980709,427.470000,431.850000,431.520000
10107,59491810,MSFT,8048,2024-09-30,430.300000,16727427,425.370000,430.420000,428.210000
10107,59491810,MSFT,8048,2024-10-01,420.690000,18938781,418.810000,428.480000,428.450000
10107,59491810,MSFT,8048,2024-10-02,417.130000,16315283,416.710000,422.820000,422.580000
10107,59491810,MSFT,8048,2024-10-03,416.540000,13537953,414.290000,419.550000,417.630000
10107,59491810,MSFT,8048,2024-10-04,416.060000,19077845,414.970000,419.750000,418.240000
10107,59491810,MSFT,8048,2024-10-07,409.540000,20673822,409.000000,417.110000,416.000000
10107,59491810,MSFT,8048,2024-10-08,414.710000,19076113,408.170000,415.660000,410.900000
10107,59491810,MSFT,8048,2024-10-09,417.460000,14870744,414.300000,420.380000,415.860000
10107,59491810,MSFT,8048,2024-10-10,415.840000,13729805,413.150000,417.350000,415.225000
10107,59491810,MSFT,8048,2024-10-11,416.320000,14045649,413.250000,417.130000,416.135000
10107,59491810,MSFT,8048,2024-10-14,419.140000,16568744,417.520000,424.040000,417.770000
10107,59491810,MSFT,8048,2024-10-15,418.740000,18754075,415.260000,422.480000,422.180000
10107,59491810,MSFT,8048,2024-10-16,416.120000,15384950,410.480000,416.360000,415.170000
10107,59491810,MSFT,8048,2024-10-17,416.720000,14730457,415.590000,422.500000,422.360000
10107,59491810,MSFT,8048,2024-10-18,418.160000,17054585,416.260100,419.650000,417.140000
10107,59491810,MSFT,8048,2024-10-21,418.780000,14102074,413.750100,418.960000,416.120000
10107,59491810,MSFT,8048,2024-10-22,427.510000,25273568,418.040000,430.579300,418.490000
10107,59491810,MSFT,8048,2024-10-23,424.600000,19499792,422.530000,431.080000,430.855000
10107,59491810,MSFT,8048,2024-10-24,424.730000,13513603,422.400000,425.978200,425.325000
10107,59491810,MSFT,8048,2024-10-25,428.150000,17042356,426.565000,432.520000,426.760000
10107,59491810,MSFT,8048,2024-10-28,426.590000,14734257,426.300000,431.940000,431.655000
10107,59491810,MSFT,8048,2024-10-29,431.950000,17537160,425.800100,433.170000,428.000000
10107,59491810,MSFT,8048,2024-10-30,432.530000,29367685,432.100000,438.500000,437.435000
10107,59491810,MSFT,8048,2024-10-31,406.350000,53273456,406.300000,416.160000,415.360000
10107,59491810,MSFT,8048,2024-11-01,410.370000,24048819,407.500000,415.500000,409.010000
10107,59491810,MSFT,8048,2024-11-04,408.460000,19525749,405.571300,410.415000,409.800000
10107,59491810,MSFT,8048,2024-11-05,411.460000,17456111,408.080000,414.900000,408.370000
10107,59491810,MSFT,8048,2024-11-06,420.180000,26407190,410.520000,420.450000,412.420000
10107,59491810,MSFT,8048,2024-11-07,425.430000,19720232,419.880000,426.850000,421.280000
10107,59491810,MSFT,8048,2024-11-08,422.540000,16778435,421.780000,426.500000,425.320000
10107,59491810,MSFT,8048,2024-11-11,418.010000,24331439,416.000000,424.810000,422.515000
10107,59491810,MSFT,8048,2024-11-12,423.030000,19230383,417.200000,424.440000,418.250000
10107,59491810,MSFT,8048,2024-11-13,425.200000,21308759,418.210000,429.325000,421.640000
10107,59491810,MSFT,8048,2024-11-14,426.890000,30050921,420.000000,428.170000,425.000000
10107,59491810,MSFT,8048,2024-11-15,415.000000,28777331,413.640000,422.800000,419.820000
10107,59491810,MSFT,8048,2024-11-18,415.760000,24618460,412.100000,418.403700,414.870000
10107,59491810,MSFT,8048,2024-11-19,417.790000,17963152,411.550000,417.940000,413.110000
10107,59491810,MSFT,8048,2024-11-20,415.490000,19081356,410.580000,417.290000,416.870000
10107,59491810,MSFT,8048,2024-11-21,412.870000,20578044,410.288700,419.780000,419.500000
10107,59491810,MSFT,8048,2024-11-22,417.000000,24636831,411.060000,417.400000,411.365000
10107,59491810,MSFT,8048,2024-11-25,418.790000,27587928,414.850000,421.080000,418.380000
10107,59491810,MSFT,8048,2024-11-26,427.990000,23269477,418.850000,429.041400,419.585000
10107,59491810,MSFT,8048,2024-11-27,422.990000,18165022,422.020000,427.229900,425.105000
10107,59491810,MSFT,8048,2024-11-29,423.460000,16824185,417.800000,424.884900,420.090000
10107,59491810,MSFT,8048,2024-12-02,430.980000,20060790,421.310000,433.000000,421.570000
10107,59491810,MSFT,8048,2024-12-03,431.200000,18153847,427.740000,432.470000,429.840000
10107,59491810,MSFT,8048,2024-12-04,437.420000,25795196,432.630000,439.670000,433.030000
10107,59491810,MSFT,8048,2024-12-05,442.620000,21529986,436.171000,444.660000,437.920000
10107,59491810,MSFT,8048,2024-12-06,443.570000,18679782,441.770300,446.100000,442.300000
10107,59491810,MSFT,8048,2024-12-09,446.020000,18864847,440.500000,448.330000,442.600000
10107,59491810,MSFT,8048,2024-12-10,443.330000,18343169,441.600000,449.620000,444.390000
10107,59491810,MSFT,8048,2024-12-11,448.990000,19079666,444.050000,450.350000,444.050000
10107,59491810,MSFT,8048,2024-12-12,449.560000,20606737,449.110000,456.164800,449.110000
10107,59491810,MSFT,8048,2024-12-13,447.270000,20000538,445.580000,451.430000,448.435000
10107,59491810,MSFT,8048,2024-12-16,451.590000,23416294,445.280000,452.180000,447.270000
10107,59491810,MSFT,8048,2024-12-17,454.460000,22590136,449.570000,455.290000,451.010000
10107,59491810,MSFT,8048,2024-12-18,437.390000,24205593,437.020000,452.650000,451.320000
10107,59491810,MSFT,8048,2024-12-19,437.030000,22817765,436.320000,443.183400,441.620000
10107,59491810,MSFT,8048,2024-12-20,436.600000,64040182,428.630000,443.740000,433.110000
10107,59491810,MSFT,8048,2024-12-23,435.250000,18961866,432.830000,437.650000,436.740000
10107,59491810,MSFT,8048,2024-12-24,439.330000,7120367,434.190000,439.600000,434.650000
10107,59491810,MSFT,8048,2024-12-26,438.110000,8132242,436.630000,440.940000,439.080000
10107,59491810,MSFT,8048,2024-12-27,430.530000,17980968,426.350000,435.220000,434.600000
10107,59491810,MSFT,8048,2024-12-30,424.830000,13072288,421.900000,427.550000,426.060000
10107,59491810,MSFT,8048,2024-12-31,421.500000,13096488,420.660000,426.730000,426.100000
10107,59491810,MSFT,8048,2025-01-02,418.580000,16687053,414.850000,426.070000,425.530000
10107,59491810,MSFT,8048,2025-01-03,423.350000,16481170,419.540000,424.030000,421.080000
10107,59491810,MSFT,8048,2025-01-06,427.850000,20431601,425.477400,434.320000,428.000000
10107,59491810,MSFT,8048,2025-01-07,422.370000,17988619,420.800000,430.650000,429.000000
10107,59491810,MSFT,8048,2025-01-08,424.560000,14962666,421.540000,426.970000,423.460000
10107,59491810,MSFT,8048,2025-01-10,418.950000,19981567,415.020000,424.710000,424.630000
10107,59491810,MSFT,8048,2025-01-13,417.190000,17469960,412.290000,418.500000,415.235000
10107,59491810,MSFT,8048,2025-01-14,415.670000,16804776,410.720000,419.740000,417.810000
10107,59491810,MSFT,8048,2025-01-15,426.310000,19447729,418.265000,428.150000,419.130000
10107,59491810,MSFT,8048,2025-01-16,424.580000,15145323,424.390000,429.490000,428.695000
10107,59491810,MSFT,8048,2025-01-17,429.030000,26397303,428.170000,434.480000,434.085000
10107,59491810,MSFT,8048,2025-01-21,428.500000,25852900,425.595000,430.899900,430.200000
10107,59491810,MSFT,8048,2025-01-22,446.200000,27551201,436.000000,447.270000,437.560000
10107,59491810,MSFT,8048,2025-01-23,446.710000,18294182,441.504800,446.750000,442.000000
10107,59491810,MSFT,8048,2025-01-24,444.060000,15455152,441.400000,446.650000,445.160000
10107,59491810,MSFT,8048,2025-01-27,434.560000,35156193,423.500000,435.200000,424.010000
10107,59491810,MSFT,8048,2025-01-28,447.200000,23174067,431.380000,448.380000,434.600000
10107,59491810,MSFT,8048,2025-01-29,442.330000,23222193,440.400000,446.880000,446.690000
10107,59491810,MSFT,8048,2025-01-30,414.990000,53606756,413.160000,422.860000,418.770000
10107,59491810,MSFT,8048,2025-01-31,415.060000,33966885,414.910000,420.690000,418.980000
10107,59491810,MSFT,8048,2025-02-03,410.920000,25368964,408.660000,415.410000,411.600000
10107,59491810,MSFT,8048,2025-02-04,412.370000,20318998,409.740000,413.919900,412.685000
10107,59491810,MSFT,8048,2025-02-05,413.290000,16176102,410.400000,413.827000,412.350000
10107,59491810,MSFT,8048,2025-02-06,415.820000,16175967,414.000000,418.200000,414.000000
10107,59491810,MSFT,8048,2025-02-07,409.750000,22618259,408.100000,418.650000,416.480000
10107,59491810,MSFT,8048,2025-02-10,412.220000,20673434,410.920000,415.462400,413.710000
10107,59491810,MSFT,8048,2025-02-11,411.440000,18071276,409.300000,412.490000,409.640000
10107,59491810,MSFT,8048,2025-02-12,409.040000,18954919,404.367300,410.750000,407.210000
10107,59491810,MSFT,8048,2025-02-13,410.540000,23762354,406.360000,411.000000,407.000000
10107,59491810,MSFT,8048,2025-02-14,408.430000,22552602,405.880000,408.910000,407.790000
10107,59491810,MSFT,8048,2025-02-18,409.640000,21296921,406.500000,410.597000,408.000000
10107,59491810,MSFT,8048,2025-02-19,414.770000,23965670,407.650000,415.490000,407.880000
10107,59491810,MSFT,8048,2025-02-20,416.130000,23246815,412.540000,419.310000,415.290000
10107,59491810,MSFT,8048,2025-02-21,408.210000,27282271,407.890000,418.048000,417.335000
10107,59491810,MSFT,8048,2025-02-24,404.000000,26191607,399.320000,409.370000,408.510000
10107,59491810,MSFT,8048,2025-02-25,397.900000,29083713,396.700000,401.915000,401.100000
10107,59491810,MSFT,8048,2025-02-26,399.730000,19491842,394.245000,403.600000,398.010000
10107,59491810,MSFT,8048,2025-02-27,392.530000,20940005,392.170000,405.740000,401.265000
10107,59491810,MSFT,8048,2025-02-28,396.990000,32473189,386.570000,397.630000,392.655000
10107,59491810,MSFT,8048,2025-03-03,388.490000,22776691,386.155000,398.820000,398.820000
10107,59491810,MSFT,8048,2025-03-04,388.610000,29003771,381.000000,392.580000,383.400000
10107,59491810,MSFT,8048,2025-03-05,401.020000,23036472,388.810000,401.670000,389.340000
10107,59491810,MSFT,8048,2025-03-06,396.890000,23011341,392.677700,402.150000,394.280000
10107,59491810,MSFT,8048,2025-03-07,393.310000,21809195,385.540000,394.800000,392.320000
10107,59491810,MSFT,8048,2025-03-10,380.160000,32503541,377.220000,386.400000,385.840000
10107,59491810,MSFT,8048,2025-03-11,380.450000,30053843,376.910000,386.000000,379.000000
10107,59491810,MSFT,8048,2025-03-12,383.270000,23971247,378.950700,385.216500,382.950000
10107,59491810,MSFT,8048,2025-03-13,378.770000,20322732,377.450000,385.320000,383.155000
10107,59491810,MSFT,8048,2025-03-14,388.560000,19781476,379.510000,390.230000,379.775000
10107,59491810,MSFT,8048,2025-03-17,388.700000,22141244,385.570000,392.705000,386.700000
10107,59491810,MSFT,8048,2025-03-18,383.520000,19254499,381.100000,387.370000,387.070000
10107,59491810,MSFT,8048,2025-03-19,387.820000,19088279,384.000000,389.680000,385.525000
10107,59491810,MSFT,8048,2025-03-20,386.840000,18316162,383.280000,391.785000,385.735000
10107,59491810,MSFT,8048,2025-03-21,391.260000,39347943,382.800000,391.740000,383.215000
10107,59491810,MSFT,8048,2025-03-24,393.080000,20839415,389.810000,395.400000,395.400000
10107,59491810,MSFT,8048,2025-03-25,395.160000,15662734,392.640000,396.360000,393.915000
10107,59491810,MSFT,8048,2025-03-26,389.970000,15986807,388.570000,395.310000,395.000000
10107,59491810,MSFT,8048,2025-03-27,390.580000,13641575,387.395000,392.240000,390.130000
10107,59491810,MSFT,8048,2025-03-28,378.800000,21406266,376.930000,389.130000,388.080000
10107,59491810,MSFT,8048,2025-03-31,375.390000,34712026,367.240000,377.070000,372.535000
10107,59491810,MSFT,8048,2025-04-01,382.190000,19514710,373.230000,382.850000,374.650000
10107,59491810,MSFT,8048,2025-04-02,382.140000,15967470,376.620000,385.080000,377.965000
10107,59491810,MSFT,8048,2025-04-03,373.110000,29925661,369.350000,377.480000,374.785000
10107,59491810,MSFT,8048,2025-04-04,359.840000,48627518,359.480000,374.590000,364.125000
10107,59491810,MSFT,8048,2025-04-07,357.860000,49891330,344.790000,370.999900,350.880000
10107,59491810,MSFT,8048,2025-04-08,354.560000,35436172,350.250000,373.650000,368.255000
10107,59491810,MSFT,8048,2025-04-09,390.490000,49632003,353.100000,393.225000,353.535000
10107,59491810,MSFT,8048,2025-04-10,381.350000,37519839,367.800000,383.900000,382.060000
10107,59491810,MSFT,8048,2025-04-11,388.450000,23689698,378.890000,390.050000,380.635000
10107,59491810,MSFT,8048,2025-04-14,387.810000,19110980,384.210000,394.650000,393.220000
10107,59491810,MSFT,8048,2025-04-15,385.730000,17054938,384.159900,391.890000,388.505000
10107,59491810,MSFT,8048,2025-04-16,371.610000,21769831,368.000000,381.610000,380.670000
10107,59491810,MSFT,8048,2025-04-17,367.780000,20880736,366.890000,374.321500,373.745000
10107,59491810,MSFT,8048,2025-04-21,359.120000,20658171,355.670000,364.480000,362.815000
10107,59491810,MSFT,8048,2025-04-22,366.820000,19375549,359.860200,367.770000,363.375000
10107,59491810,MSFT,8048,2025-04-23,374.390000,20411267,373.020000,380.390000,376.060000
10107,59491810,MSFT,8048,2025-04-24,387.300000,22080784,375.190000,388.450000,375.695000
10107,59491810,MSFT,8048,2025-04-25,391.850000,18788435,384.600000,392.160000,387.000000
10107,59491810,MSFT,8048,2025-04-28,391.160000,16458836,386.638000,392.740000,391.955000
10107,59491810,MSFT,8048,2025-04-29,394.040000,14837927,390.380000,395.100000,391.300000
10107,59491810,MSFT,8048,2025-04-30,395.260000,35891921,384.440000,396.660000,390.300000
10107,59491810,MSFT,8048,2025-05-01,425.400000,58582824,424.900000,436.990000,431.110000
10107,59491810,MSFT,8048,2025-05-02,435.280000,30485854,429.985000,439.440000,431.740000
10107,59491810,MSFT,8048,2025-05-05,436.170000,19987420,432.110000,439.500000,432.870000
10107,59491810,MSFT,8048,2025-05-06,433.310000,14983912,431.170000,437.730000,432.200000
10107,59491810,MSFT,8048,2025-05-07,433.350000,23144815,431.110300,438.120000,433.840000
10107,59491810,MSFT,8048,2025-05-08,438.170000,23298487,435.660000,443.670000,437.930000
10107,59491810,MSFT,8048,2025-05-09,438.730000,15234825,435.880000,440.740000,440.000000
10107,59491810,MSFT,8048,2025-05-12,449.260000,22596666,439.780000,449.370000,445.940000
10107,59491810,MSFT,8048,2025-05-13,449.140000,23413327,445.360000,450.673300,447.780000
10107,59491810,MSFT,8048,2025-05-14,452.940000,19744355,448.140000,453.900000,448.140000
10107,59491810,MSFT,8048,2025-05-15,453.130000,21787628,450.430100,456.190000,450.765000
10107,59491810,MSFT,8048,2025-05-16,454.270000,23692362,448.730000,454.360000,452.050000
10107,59491810,MSFT,8048,2025-05-19,458.870000,21224475,450.800000,459.585000,450.875000
10107,59491810,MSFT,8048,2025-05-20,458.170000,15357243,454.320100,458.340000,455.590000
10107,59491810,MSFT,8048,2025-05-21,452.570000,19003448,451.814000,457.780000,454.570000
10107,59491810,MSFT,8048,2025-05-22,454.860000,17820838,453.900000,460.250000,454.950000
10107,59491810,MSFT,8048,2025-05-23,450.180000,16706286,448.910000,453.690000,449.980000
10107,59491810,MSFT,8048,2025-05-27,460.690000,20805269,456.115000,460.950000,456.480000
10107,59491810,MSFT,8048,2025-05-28,457.360000,16944951,456.930000,462.520000,461.220000
10107,59491810,MSFT,8048,2025-05-29,458.680000,13892512,455.310500,461.720000,461.550000
10107,59491810,MSFT,8048,2025-05-30,460.360000,34473979,455.540000,461.680000,459.715000
10107,59491810,MSFT,8048,2025-06-02,461.970000,16453535,456.890000,462.110000,457.140000
10107,59491810,MSFT,8048,2025-06-03,462.970000,15633566,460.862200,464.140000,461.470000
10107,59491810,MSFT,8048,2025-06-04,463.870000,14176597,463.020100,465.690000,464.000000
10107,59491810,MSFT,8048,2025-06-05,467.680000,19947835,464.030000,469.650000,464.955000
10107,59491810,MSFT,8048,2025-06-06,470.380000,15096421,468.780000,473.335000,470.085000
10107,59491810,MSFT,8048,2025-06-09,472.750000,16341182,468.620000,473.430000,469.700000
10107,59491810,MSFT,8048,2025-06-10,470.920000,15208796,466.960000,472.800000,471.185000
10107,59491810,MSFT,8048,2025-06-11,472.620000,16357195,469.655000,475.470000,470.020000
10107,59491810,MSFT,8048,2025-06-12,478.870000,18840366,473.520000,480.415000,475.020000
10107,59491810,MSFT,8048,2025-06-13,474.960000,16593285,472.760000,479.180000,476.410000
10107,59491810,MSFT,8048,2025-06-16,479.140000,15463914,475.000000,480.694300,475.210000
10107,59491810,MSFT,8048,2025-06-17,478.040000,15282554,474.080000,478.739900,475.395000
10107,59491810,MSFT,8048,2025-06-18,480.240000,17280194,474.460000,481.000000,478.000000
10107,59491810,MSFT,8048,2025-06-20,477.400000,37345540,476.870000,483.460000,482.230000
10107,59491810,MSFT,8048,2025-06-23,486.000000,24599797,472.510000,487.750000,478.210000
10107,59491810,MSFT,8048,2025-06-24,490.110000,22219271,486.795000,491.849000,488.950000
10107,59491810,MSFT,8048,2025-06-25,492.270000,17331448,489.390000,494.555600,492.040000
10107,59491810,MSFT,8048,2025-06-26,497.450000,21403160,492.810000,498.040000,492.980000
10107,59491810,MSFT,8048,2025-06-27,495.940000,34278301,493.030000,499.300000,497.550000
10107,59491810,MSFT,8048,2025-06-30,497.410000,28195179,495.330000,500.760000,497.040000
10107,59491810,MSFT,8048,2025-07-01,492.050000,19803794,490.980000,498.050000,496.470000
10107,59491810,MSFT,8048,2025-07-02,491.090000,16173955,488.700000,493.500000,489.990000
10107,59491810,MSFT,8048,2025-07-03,498.840000,13871965,493.440000,500.130000,493.810000
10107,59491810,MSFT,8048,2025-07-07,497.720000,13878064,495.225000,498.750000,497.380000
10107,59491810,MSFT,8048,2025-07-08,496.620000,11770864,494.110000,498.200000,497.240000
10107,59491810,MSFT,8048,2025-07-09,503.510000,18472896,499.740000,506.780000,500.300000
10107,59491810,MSFT,8048,2025-07-10,501.480000,16353706,497.750000,504.440000,503.050000
10107,59491810,MSFT,8048,2025-07-11,503.320000,16260583,497.795000,505.030000,498.470000
10107,59491810,MSFT,8048,2025-07-14,503.020000,11983626,501.030000,503.970000,501.515000
10107,59491810,MSFT,8048,2025-07-15,505.820000,14821237,502.790000,508.300000,503.020000
10107,59491810,MSFT,8048,2025-07-16,505.620000,15038366,501.890000,506.720000,505.180000
10107,59491810,MSFT,8048,2025-07-17,511.700000,17356546,505.620000,513.370000,505.680000
10107,59491810,MSFT,8048,2025-07-18,510.050000,21001447,507.430000,514.640000,514.480000
10107,59491810,MSFT,8048,2025-07-21,510.060000,13955688,505.550000,512.090000,506.705000
10107,59491810,MSFT,8048,2025-07-22,505.270000,13766661,505.270000,511.200000,510.970000
10107,59491810,MSFT,8048,2025-07-23,505.870000,16233575,500.700000,506.790000,506.750000
10107,59491810,MSFT,8048,2025-07-24,510.880000,15997630,507.300000,513.670000,508.770000
10107,59491810,MSFT,8048,2025-07-25,513.710000,18976335,510.359200,518.290000,512.465000
10107,59491810,MSFT,8048,2025-07-28,512.500000,14199089,510.120000,515.000000,514.080000
10107,59491810,MSFT,8048,2025-07-29,512.570000,16370336,511.560000,517.620000,515.530000
10107,59491810,MSFT,8048,2025-07-30,513.240000,26117061,509.435000,515.950000,515.170000
10107,59491810,MSFT,8048,2025-07-31,533.500000,51107969,531.900000,555.450000,555.225000
10107,59491810,MSFT,8048,2025-08-01,524.110000,28666936,520.860000,535.800000,535.000000
10107,59491810,MSFT,8048,2025-08-04,535.640000,24952378,528.130000,538.250000,528.270000
10107,59491810,MSFT,8048,2025-08-05,527.750000,18995677,527.240000,537.300000,537.180000
10107,59491810,MSFT,8048,2025-08-06,524.940000,21198751,524.030000,531.700000,530.900000
10107,59491810,MSFT,8048,2025-08-07,520.840000,15931566,517.551100,528.090000,526.800000
10107,59491810,MSFT,8048,2025-08-08,522.040000,15429325,519.410000,524.660000,522.600000
10107,59491810,MSFT,8048,2025-08-11,521.770000,20063417,519.720000,527.590000,522.300000
10107,59491810,MSFT,8048,2025-08-12,529.240000,18610112,522.700000,530.980000,523.750000
10107,59491810,MSFT,8048,2025-08-13,520.580000,19460581,519.370000,532.700000,532.110000
10107,59491810,MSFT,8048,2025-08-14,522.480000,20092851,520.140000,525.949900,522.560000
10107,59491810,MSFT,8048,2025-08-15,520.170000,25059167,519.080000,526.100000,522.770000
10107,59491810,MSFT,8048,2025-08-18,517.100000,23607486,514.020000,522.820000,521.585000
10107,59491810,MSFT,8048,2025-08-19,509.770000,21283454,508.550000,515.164100,515.000000
10107,59491810,MSFT,8048,2025-08-20,505.720000,27523356,504.440000,511.000000,509.865000
10107,59491810,MSFT,8048,2025-08-21,504.240000,18258775,502.720100,507.630000,503.690000
10107,59491810,MSFT,8048,2025-08-22,507.230000,24176235,502.410000,510.730000,504.250000
10107,59491810,MSFT,8048,2025-08-25,504.260000,21388313,504.120000,508.190000,506.630000
10107,59491810,MSFT,8048,2025-08-26,502.040000,30637309,498.510000,504.977800,504.355000
10107,59491810,MSFT,8048,2025-08-27,506.740000,17099475,499.900000,507.290000,502.000000
10107,59491810,MSFT,8048,2025-08-28,509.640000,17857160,505.500000,511.090000,507.090000
10107,59491810,MSFT,8048,2025-08-29,506.690000,20794450,504.491500,509.600000,508.660000
10107,59491810,MSFT,8048,2025-09-02,505.120000,18044563,496.810000,506.000000,500.465000
10107,59491810,MSFT,8048,2025-09-03,505.350000,16177074,502.320000,507.790000,503.790000
10107,59491810,MSFT,8048,2025-09-04,507.970000,15252966,503.150000,508.150000,504.300000
10107,59491810,MSFT,8048,2025-09-05,495.000000,31748692,492.370000,511.970000,509.070000
10107,59491810,MSFT,8048,2025-09-08,498.200000,16598937,495.030000,501.195000,498.105000
10107,59491810,MSFT,8048,2025-09-09,498.410000,14287534,497.700000,502.250000,501.430000
10107,59491810,MSFT,8048,2025-09-10,500.370000,21411275,496.720000,503.229900,502.980000
10107,59491810,MSFT,8048,2025-09-11,501.010000,18714592,497.880000,503.170000,502.250000
10107,59491810,MSFT,8048,2025-09-12,509.900000,23476418,503.850000,512.550000,506.650000
10107,59491810,MSFT,8048,2025-09-15,515.360000,17016854,507.000000,515.470000,508.790000
10107,59491810,MSFT,8048,2025-09-16,509.040000,19577129,508.600000,517.230000,516.880000
10107,59491810,MSFT,8048,2025-09-17,510.020000,15723138,505.930000,511.290000,510.620000
10107,59491810,MSFT,8048,2025-09-18,508.450000,18846994,507.660000,513.070000,511.490000
10107,59491810,MSFT,8048,2025-09-19,517.930000,52386235,510.310000,519.300000,510.560000
10107,59491810,MSFT,8048,2025-09-22,514.450000,19847000,512.545000,517.740000,515.590000
10107,59491810,MSFT,8048,2025-09-23,509.230000,19622973,507.310000,514.589900,513.800000
10107,59491810,MSFT,8048,2025-09-24,510.150000,13453310,506.920000,512.480000,510.380000
10107,59491810,MSFT,8048,2025-09-25,507.030000,15666800,505.040000,510.010000,508.300000
10107,59491810,MSFT,8048,2025-09-26,511.460000,16095010,506.620000,513.940000,510.060000
10107,59491810,MSFT,8048,2025-09-29,514.600000,17540953,508.880000,516.845000,511.500000
10107,59491810,MSFT,8048,2025-09-30,517.950000,19566280,509.660000,518.160000,513.240000
10107,59491810,MSFT,8048,2025-10-01,519.710000,22504115,511.690000,520.505000,514.800000
10107,59491810,MSFT,8048,2025-10-02,515.740000,21075387,510.679100,521.600000,517.640000
10107,59491810,MSFT,8048,2025-10-03,517.350000,14994549,515.000000,520.490000,517.100000
10107,59491810,MSFT,8048,2025-10-06,528.570000,21226476,518.200000,531.030000,518.610000
10107,59491810,MSFT,8048,2025-10-07,523.980000,14529699,521.440000,529.800000,528.285000
10107,59491810,MSFT,8048,2025-10-08,524.850000,13269947,523.090000,526.950000,523.280000
10107,59491810,MSFT,8048,2025-10-09,522.400000,18201033,517.400000,524.325000,522.335000
10107,59491810,MSFT,8048,2025-10-10,510.960000,23945473,509.630000,523.580000,519.640000
10107,59491810,MSFT,8048,2025-10-13,514.050000,14178283,511.680000,516.410000,516.410000
10107,59491810,MSFT,8048,2025-10-14,513.570000,14585822,506.000000,515.282000,510.225000
10107,59491810,MSFT,8048,2025-10-15,513.430000,14587891,510.000000,517.190000,514.955000
10107,59491810,MSFT,8048,2025-10-16,511.610000,15500515,508.130000,516.850000,512.580000
10107,59491810,MSFT,8048,2025-10-17,513.580000,19783276,507.310000,515.480000,509.040000
10107,59491810,MSFT,8048,2025-10-20,516.790000,14580254,513.430000,518.700000,514.610000
10107,59491810,MSFT,8048,2025-10-21,517.660000,15473093,513.040000,518.690000,517.500000
10107,59491810,MSFT,8048,2025-10-22,520.540000,18781693,517.710000,525.230000,521.150000
10107,59491810,MSFT,8048,2025-10-23,520.560000,13905159,518.610000,523.950000,522.460000
10107,59491810,MSFT,8048,2025-10-24,523.610000,15426600,520.710000,525.345000,522.790000
10107,59491810,MSFT,8048,2025-10-27,531.520000,18609004,529.010000,534.580000,531.780000
10107,59491810,MSFT,8048,2025-10-28,542.070000,29717607,540.770000,553.720000,550.000000
10107,59491810,MSFT,8048,2025-10-29,541.550000,35463203,536.728700,546.270000,544.940000
10107,59491810,MSFT,8048,2025-10-30,525.760000,40594808,522.120000,534.970000,530.480000
10107,59491810,MSFT,8048,2025-10-31,517.810000,33683890,515.100000,529.320000,528.875000
10107,59491810,MSFT,8048,2025-11-03,517.030000,22118439,514.590000,524.960000,519.805000
10107,59491810,MSFT,8048,2025-11-04,514.330000,20812968,507.840000,515.550000,511.760000
10107,59491810,MSFT,8048,2025-11-05,507.160000,22771619,506.575000,514.830000,513.300000
10107,59491810,MSFT,8048,2025-11-06,497.100000,27067492,495.810000,505.700000,505.660000
10107,59491810,MSFT,8048,2025-11-07,496.820000,23852209,493.250000,499.377000,496.945000
10107,59491810,MSFT,8048,2025-11-10,506.000000,25853662,498.800000,506.850000,500.035000
10107,59491810,MSFT,8048,2025-11-11,508.680000,17803163,502.348800,509.600000,504.800000
10107,59491810,MSFT,8048,2025-11-12,511.140000,26447071,499.120100,511.670000,509.355000
10107,59491810,MSFT,8048,2025-11-13,503.290000,24957900,501.290000,513.500000,510.310000
10107,59491810,MSFT,8048,2025-11-14,510.180000,28201090,497.440000,511.600000,498.230000
10107,59491810,MSFT,8048,2025-11-17,507.490000,18915541,504.910000,512.120000,508.450000
10107,59491810,MSFT,8048,2025-11-18,493.790000,33356327,486.780000,502.980000,495.365000
10107,59491810,MSFT,8048,2025-11-19,487.120000,22926857,482.830000,495.187200,490.100000
10107,59491810,MSFT,8048,2025-11-20,478.430000,26321840,475.500000,493.570000,492.710000
10107,59491810,MSFT,8048,2025-11-21,472.120000,31337233,468.270000,478.920000,478.500000
10107,59491810,MSFT,8048,2025-11-24,474.000000,33982571,468.020000,476.900000,475.000000
10107,59491810,MSFT,8048,2025-11-25,476.990000,27672033,464.890000,479.150000,474.070000
10107,59491810,MSFT,8048,2025-11-26,485.500000,25190433,481.200000,488.310000,486.310000
10107,59491810,MSFT,8048,2025-11-28,492.010000,14183728,486.650000,492.630000,487.595000
10107,59491810,MSFT,8048,2025-12-01,486.740000,23720973,484.647500,489.859900,488.435000
10107,59491810,MSFT,8048,2025-12-02,490.000000,19425437,486.320000,493.499900,486.715000
10107,59491810,MSFT,8048,2025-12-03,477.730000,33840567,475.200000,484.240000,476.320000
10107,59491810,MSFT,8048,2025-12-04,480.840000,22240702,476.490000,481.322000,479.760000
10107,59491810,MSFT,8048,2025-12-05,483.160000,22381229,478.880100,483.400000,482.515000
10107,59491810,MSFT,8048,2025-12-08,491.020000,21771483,484.380000,492.300000,484.885000
10107,59491810,MSFT,8048,2025-12-09,492.020000,14574605,488.500100,492.120000,489.100000
10107,59491810,MSFT,8048,2025-12-10,478.560000,35264459,475.080000,484.250000,484.030000
10107,59491810,MSFT,8048,2025-12-11,483.470000,24352609,475.860000,486.030000,476.630000
10107,59491810,MSFT,8048,2025-12-12,478.530000,20970665,476.340000,482.450000,479.820000
10107,59491810,MSFT,8048,2025-12-15,474.820000,23514853,472.520000,480.720500,480.100000
10107,59491810,MSFT,8048,2025-12-16,476.390000,20412317,470.880000,477.890000,471.905000
10107,59491810,MSFT,8048,2025-12-17,476.120000,24096024,475.000000,480.000000,476.905000
10107,59491810,MSFT,8048,2025-12-18,483.980000,28285999,477.890000,489.600000,478.190000
10107,59491810,MSFT,8048,2025-12-19,485.920000,70387540,482.490000,487.850000,487.360000
10107,59491810,MSFT,8048,2025-12-22,484.920000,16767652,482.690000,488.730000,486.120000
10107,59491810,MSFT,8048,2025-12-23,486.850000,14462361,484.740000,487.830000,484.980000
10107,59491810,MSFT,8048,2025-12-24,488.020000,5784796,484.830000,489.162500,485.680000
10107,59491810,MSFT,8048,2025-12-26,487.710000,8698452,485.960000,488.120000,486.705000
10107,59491810,MSFT,8048,2025-12-29,487.100000,10707395,484.180000,488.350000,484.855000
10107,59491810,MSFT,8048,2025-12-30,487.480000,13773346,485.500000,489.680000,485.930000
10107,59491810,MSFT,8048,2025-12-31,483.620000,15467443,483.300000,488.140000,487.840000
14593,03783310,AAPL,7,2020-01-02,300.350000,33884314,295.190000,300.600000,296.240000
14593,03783310,AAPL,7,2020-01-03,297.430000,36604600,296.500000,300.580000,297.150000
14593,03783310,AAPL,7,2020-01-06,299.800000,29597401,292.750000,299.960000,293.790000
14593,03783310,AAPL,7,2020-01-07,298.390000,27864170,297.480000,300.900000,299.840000
14593,03783310,AAPL,7,2020-01-08,303.190000,33060420,297.156000,304.439900,297.160000
14593,03783310,AAPL,7,2020-01-09,309.630000,42591634,306.200000,310.430000,307.235000
14593,03783310,AAPL,7,2020-01-10,310.330000,35186623,308.250000,312.670000,310.600000
14593,03783310,AAPL,7,2020-01-13,316.960000,30502330,311.150000,317.070000,311.640000
14593,03783310,AAPL,7,2020-01-14,312.680000,40621057,312.170000,317.570000,316.700000
14593,03783310,AAPL,7,2020-01-15,311.340000,30452727,309.550000,315.500000,311.850000
14593,03783310,AAPL,7,2020-01-16,315.240000,27627154,312.090000,315.700000,313.590000
14593,03783310,AAPL,7,2020-01-17,318.730000,34420045,315.000000,318.740000,316.270000
14593,03783310,AAPL,7,2020-01-21,316.570000,27674778,316.000000,319.020000,317.190000
14593,03783310,AAPL,7,2020-01-22,317.700000,25432169,317.310000,319.990000,318.580000
14593,03783310,AAPL,7,2020-01-23,319.230000,26094188,315.650000,319.560000,317.920000
14593,03783310,AAPL,7,2020-01-24,318.310000,36599802,317.518800,323.330000,320.250000
14593,03783310,AAPL,7,2020-01-27,308.950000,40414808,304.880000,311.770000,310.060000
14593,03783310,AAPL,7,2020-01-28,317.690000,40519265,312.190000,318.400000,312.600000
14593,03783310,AAPL,7,2020-01-29,324.340000,54084956,321.380000,327.850000,324.450000
14593,03783310,AAPL,7,2020-01-30,323.870000,31655940,318.750000,324.090000,320.544000
14593,03783310,AAPL,7,2020-01-31,309.510000,49774162,308.290000,322.680000,320.930000
14593,03783310,AAPL,7,2020-02-03,308.660000,43429346,302.220000,313.490000,304.300000
14593,03783310,AAPL,7,2020-02-04,318.850000,34121782,313.634500,319.640000,315.310000
14593,03783310,AAPL,7,2020-02-05,321.450000,29676769,318.950000,324.760000,323.520000
14593,03783310,AAPL,7,2020-02-06,325.210000,26335234,320.264800,325.220000,322.570000
14593,03783310,AAPL,7,2020-02-07,320.030000,29385908,318.000000,323.400000,322.370000
14593,03783310,AAPL,7,2020-02-10,321.550000,27300253,313.850000,321.550000,314.180000
14593,03783310,AAPL,7,2020-02-11,319.610000,23553383,318.710000,323.900000,323.600000
14593,03783310,AAPL,7,2020-02-12,327.200000,28389294,321.470000,327.220000,321.470000
14593,03783310,AAPL,7,2020-02-13,324.870000,23664270,323.350000,326.220000,324.190000
14593,03783310,AAPL,7,2020-02-14,324.950000,20012702,322.850000,325.980000,324.740000
14593,03783310,AAPL,7,2020-02-18,319.000000,38134455,314.610000,319.750000,315.360000
14593,03783310,AAPL,7,2020-02-19,323.620000,23475508,320.000000,324.570000,320.000000
14593,03783310,AAPL,7,2020-02-20,320.300000,25104231,318.210000,324.650000,322.630000
14593,03783310,AAPL,7,2020-02-21,313.050000,32382677,310.500000,320.450000,318.620000
14593,03783310,AAPL,7,2020-02-24,298.180000,55358969,289.230000,304.180000,297.260000
14593,03783310,AAPL,7,2020-02-25,288.080000,57562282,286.130000,302.530000,300.950000
14593,03783310,AAPL,7,2020-02-26,292.650000,49617890,286.500000,297.880000,286.530000
14593,03783310,AAPL,7,2020-02-27,273.520000,80001860,272.960000,286.000000,281.100000
14593,03783310,AAPL,7,2020-02-28,273.360000,106327264,256.370000,278.410000,257.260000
14593,03783310,AAPL,7,2020-03-02,298.810000,85232545,277.720000,301.440000,282.280000
14593,03783310,AAPL,7,2020-03-03,289.320000,79720151,285.800000,304.000000,303.670000
14593,03783310,AAPL,7,2020-03-04,302.740000,54708936,293.130000,303.400000,296.440000
14593,03783310,AAPL,7,2020-03-05,292.920000,46806481,291.410000,299.550000,295.520000
14593,03783310,AAPL,7,2020-03-06,289.030000,56478313,281.230000,290.820000,282.000000
14593,03783310,AAPL,7,2020-03-09,266.170000,71558828,263.000000,278.090000,263.750000
14593,03783310,AAPL,7,2020-03-10,285.340000,71270996,269.370000,286.440000,277.140000
14593,03783310,AAPL,7,2020-03-11,275.430000,64033461,271.860000,281.220000,277.390000
14593,03783310,AAPL,7,2020-03-12,248.230000,104451482,248.000000,270.000000,255.940000
14593,03783310,AAPL,7,2020-03-13,277.970000,92561680,252.950000,279.920000,264.890000
14593,03783310,AAPL,7,2020-03-16,242.210000,80551692,240.000000,259.080000,241.950000
14593,03783310,AAPL,7,2020-03-17,252.860000,80907982,238.400000,257.610000,247.510000
14593,03783310,AAPL,7,2020-03-18,246.670000,74920302,237.120000,250.000000,239.770000
14593,03783310,AAPL,7,2020-03-19,244.780000,67827866,242.610000,252.840000,247.385000
14593,03783310,AAPL,7,2020-03-20,229.240000,100272318,228.000000,251.830000,247.180000
14593,03783310,AAPL,7,2020-03-23,224.370000,83978689,212.610000,228.499700,228.080000
14593,03783310,AAPL,7,2020-03-24,246.880000,71791972,234.300000,247.690000,236.360000
14593,03783310,AAPL,7,2020-03-25,245.520000,75687406,244.300000,258.250000,250.750000
14593,03783310,AAPL,7,2020-03-26,258.440000,63019408,246.360000,258.680000,246.520000
14593,03783310,AAPL,7,2020-03-27,247.740000,50970706,247.050000,255.870000,252.750000
14593,03783310,AAPL,7,2020-03-30,254.810000,41921042,249.400000,255.520000,250.740000
14593,03783310,AAPL,7,2020-03-31,254.290000,49168898,252.000000,262.490000,255.600000
14593,03783310,AAPL,7,2020-04-01,240.910000,43978002,239.130000,248.720000,246.500000
14593,03783310,AAPL,7,2020-04-02,244.930000,41424453,236.900000,245.150000,240.340000
14593,03783310,AAPL,7,2020-04-03,241.410000,32428323,238.974100,245.700000,242.800000
14593,03783310,AAPL,7,2020-04-06,262.470000,50353687,249.380000,263.110000,250.900000
14593,03783310,AAPL,7,2020-04-07,259.430000,50624293,259.000000,271.700000,270.800000
14593,03783310,AAPL,7,2020-04-08,266.070000,42151786,261.230000,267.370000,262.740000
14593,03783310,AAPL,7,2020-04-09,267.990000,40446131,264.700000,270.070000,268.700000
14593,03783310,AAPL,7,2020-04-13,273.250000,32689382,265.830000,273.700000,268.310000
14593,03783310,AAPL,7,2020-04-14,287.050000,48660844,278.050000,288.250000,280.000000
14593,03783310,AAPL,7,2020-04-15,284.430000,32742364,280.630000,286.330000,282.400000
14593,03783310,AAPL,7,2020-04-16,286.690000,39214816,282.350200,288.197500,287.380000
14593,03783310,AAPL,7,2020-04-17,282.800000,53719852,276.860000,286.945000,284.690000
14593,03783310,AAPL,7,2020-04-20,276.930000,32441064,276.850000,281.680000,277.950000
14593,03783310,AAPL,7,2020-04-21,268.370000,45156556,265.430000,277.250000,276.280000
14593,03783310,AAPL,7,2020-04-22,276.100000,29252005,272.200000,277.900000,273.610000
14593,03783310,AAPL,7,2020-04-23,275.030000,31149011,274.870000,281.750000,275.870000
14593,03783310,AAPL,7,2020-04-24,282.970000,31580110,277.000000,283.010000,277.200000
14593,03783310,AAPL,7,2020-04-27,283.170000,29220803,279.950000,284.540000,281.800000
14593,03783310,AAPL,7,2020-04-28,278.580000,27958780,278.200000,285.830000,285.080000
14593,03783310,AAPL,7,2020-04-29,287.730000,34259132,283.890000,289.670000,284.730000
14593,03783310,AAPL,7,2020-04-30,293.800000,45665290,288.350000,294.530000,289.960000
14593,03783310,AAPL,7,2020-05-01,289.070000,59981883,285.850000,299.000000,286.250000
14593,03783310,AAPL,7,2020-05-04,293.160000,33386791,286.317200,293.690000,289.170000
14593,03783310,AAPL,7,2020-05-05,297.560000,36900018,294.460000,301.000000,295.060000
14593,03783310,AAPL,7,2020-05-06,300.630000,35531278,298.870000,303.240000,300.460000
14593,03783310,AAPL,7,2020-05-07,303.740000,28763784,301.970000,305.170000,303.220000
14593,03783310,AAPL,7,2020-05-08,310.130000,33480668,304.290000,310.350000,305.640000
14593,03783310,AAPL,7,2020-05-11,315.010000,36442985,307.240000,317.050000,308.100000
14593,03783310,AAPL,7,2020-05-12,311.410000,40521030,310.910000,319.688000,317.830000
14593,03783310,AAPL,7,2020-05-13,307.650000,50052283,303.210000,315.950000,312.150000
14593,03783310,AAPL,7,2020-05-14,309.540000,39675660,301.530000,309.790000,304.510000
14593,03783310,AAPL,7,2020-05-15,307.710000,42088376,300.210000,307.900000,300.350000
14593,03783310,AAPL,7,2020-05-18,314.960000,33792008,310.324100,316.500000,313.170000
14593,03783310,AAPL,7,2020-05-19,313.140000,25387763,313.010000,318.520000,315.030000
14593,03783310,AAPL,7,2020-05-20,319.230000,27849957,316.200000,319.520000,316.680000
14593,03783310,AAPL,7,2020-05-21,316.850000,25624947,315.870000,320.890000,318.660000
14593,03783310,AAPL,7,2020-05-22,318.890000,20427425,315.350000,319.230000,315.770000
14593,03783310,AAPL,7,2020-05-26,316.730000,31335749,316.500000,324.240000,323.500000
14593,03783310,AAPL,7,2020-05-27,318.110000,28195636,313.090000,318.710000,316.140000
14593,03783310,AAPL,7,2020-05-28,318.250000,33404262,315.630000,323.440000,316.770000
14593,03783310,AAPL,7,2020-05-29,317.940000,38335152,316.470000,321.150000,319.250000
14593,03783310,AAPL,7,2020-06-01,321.850000,20205496,317.210000,322.350000,317.750000
14593,03783310,AAPL,7,2020-06-02,323.340000,21840201,318.930000,323.440000,320.745000
14593,03783310,AAPL,7,2020-06-03,325.120000,26078609,322.300000,326.200000,324.660000
14593,03783310,AAPL,7,2020-06-04,322.320000,21852179,320.780000,325.620000,324.390000
14593,03783310,AAPL,7,2020-06-05,331.500000,34247522,323.230000,331.750000,323.350000
14593,03783310,AAPL,7,2020-06-08,333.460000,23879017,327.320000,333.600000,330.250000
14593,03783310,AAPL,7,2020-06-09,343.990000,36863265,332.010000,345.610000,332.140000
14593,03783310,AAPL,7,2020-06-10,352.840000,41542053,346.090000,354.770000,347.900000
14593,03783310,AAPL,7,2020-06-11,335.900000,50300091,335.480000,351.060000,349.310000
14593,03783310,AAPL,7,2020-06-12,338.800000,49967115,334.223300,347.800000,344.720000
14593,03783310,AAPL,7,2020-06-15,342.990000,34627938,332.580000,345.680000,333.250000
14593,03783310,AAPL,7,2020-06-16,352.080000,41245513,344.720000,353.200000,351.460000
14593,03783310,AAPL,7,2020-06-17,351.590000,28554750,351.090000,355.400000,355.150000
14593,03783310,AAPL,7,2020-06-18,351.730000,24172267,349.220000,353.450000,351.410000
14593,03783310,AAPL,7,2020-06-19,349.720000,66037459,345.150000,356.560000,354.635000
14593,03783310,AAPL,7,2020-06-22,358.870000,33812912,351.150000,359.460000,351.340000
14593,03783310,AAPL,7,2020-06-23,366.530000,53182427,362.270100,372.380000,364.000000
14593,03783310,AAPL,7,2020-06-24,360.060000,48047118,358.520000,368.790000,365.000000
14593,03783310,AAPL,7,2020-06-25,364.840000,34315020,357.570000,365.000000,360.700000
14593,03783310,AAPL,7,2020-06-26,353.630000,51207362,353.020000,365.320000,364.410000
14593,03783310,AAPL,7,2020-06-29,361.780000,32566144,351.280000,362.173600,353.250000
14593,03783310,AAPL,7,2020-06-30,364.800000,34978689,360.000000,365.980000,360.080000
14593,03783310,AAPL,7,2020-07-01,364.110000,27650340,363.910000,367.360000,365.120000
14593,03783310,AAPL,7,2020-07-02,364.110000,28471206,363.640000,370.470000,367.850000
14593,03783310,AAPL,7,2020-07-06,373.850000,29631798,369.870000,375.780000,370.000000
14593,03783310,AAPL,7,2020-07-07,372.690000,28068497,372.230000,378.620000,375.410000
14593,03783310,AAPL,7,2020-07-08,381.370000,29211106,376.360000,381.500000,376.720000
14593,03783310,AAPL,7,2020-07-09,382.730000,31358769,378.690000,385.270000,385.050000
14593,03783310,AAPL,7,2020-07-10,383.680000,22534813,378.820700,383.920000,381.340000
14593,03783310,AAPL,7,2020-07-13,381.910000,47813489,381.030000,399.820000,389.060000
14593,03783310,AAPL,7,2020-07-14,388.230000,42609536,375.510000,389.020000,379.360000
14593,03783310,AAPL,7,2020-07-15,390.900000,38234631,385.960000,396.990000,395.960000
14593,03783310,AAPL,7,2020-07-16,386.090000,27597914,383.620000,389.620000,386.250000
14593,03783310,AAPL,7,2020-07-17,385.310000,22992702,383.360000,388.590000,387.950000
14593,03783310,AAPL,7,2020-07-20,393.430000,22536006,384.250000,394.000000,385.665000
14593,03783310,AAPL,7,2020-07-21,388.000000,25862305,386.970000,397.000000,396.690000
14593,03783310,AAPL,7,2020-07-22,389.090000,22203435,386.410000,391.900000,386.770000
14593,03783310,AAPL,7,2020-07-23,371.380000,49127346,368.039000,388.310000,387.994000
14593,03783310,AAPL,7,2020-07-24,370.460000,46450141,356.580000,371.880000,363.950000
14593,03783310,AAPL,7,2020-07-27,379.240000,30239896,373.920000,379.620000,374.840000
14593,03783310,AAPL,7,2020-07-28,373.010000,26041459,372.990000,378.198600,377.470000
14593,03783310,AAPL,7,2020-07-29,380.160000,22547440,374.850000,380.920000,375.000000
14593,03783310,AAPL,7,2020-07-30,384.760000,39436618,375.070000,385.190000,376.750000
14593,03783310,AAPL,7,2020-07-31,425.040000,93682818,403.300000,425.660000,411.535000
14593,03783310,AAPL,7,2020-08-03,435.750000,76862703,431.570000,446.545700,432.800000
14593,03783310,AAPL,7,2020-08-04,438.660000,43117998,433.550000,443.160000,436.530000
14593,03783310,AAPL,7,2020-08-05,440.250000,30448786,435.590000,441.570000,437.510000
14593,03783310,AAPL,7,2020-08-06,455.610000,50509031,439.190000,457.650000,441.620000
14593,03783310,AAPL,7,2020-08-07,444.450000,49415453,441.170000,454.700000,452.820000
14593,03783310,AAPL,7,2020-08-10,450.910000,53007760,440.000000,455.100000,450.400000
14593,03783310,AAPL,7,2020-08-11,437.500000,46866472,436.426700,449.930000,447.875000
14593,03783310,AAPL,7,2020-08-12,452.040000,41377100,441.190000,453.100000,441.990000
14593,03783310,AAPL,7,2020-08-13,460.040000,52399817,455.710000,464.170000,457.720000
14593,03783310,AAPL,7,2020-08-14,459.630000,41296563,452.180000,460.000000,459.315000
14593,03783310,AAPL,7,2020-08-17,458.430000,29839065,455.850100,464.350000,464.250000
14593,03783310,AAPL,7,2020-08-18,462.250000,26336505,456.030000,464.000000,457.410000
14593,03783310,AAPL,7,2020-08-19,462.830000,36314447,462.440000,468.650000,463.933000
14593,03783310,AAPL,7,2020-08-20,473.100000,31665110,462.933500,473.568000,463.000000
14593,03783310,AAPL,7,2020-08-21,497.480000,84280672,477.000000,499.472000,477.050000
14593,03783310,AAPL,7,2020-08-24,503.430000,86159818,495.745000,515.140000,514.790000
14593,03783310,AAPL,7,2020-08-25,499.300000,52733324,492.210000,500.717200,498.790000
14593,03783310,AAPL,7,2020-08-26,506.090000,40657799,500.330000,507.970000,504.717000
14593,03783310,AAPL,7,2020-08-27,500.040000,38758679,495.330000,509.940000,508.570000
14593,03783310,AAPL,7,2020-08-28,499.230000,46822040,498.310000,505.770000,504.050000
14593,03783310,AAPL,7,2020-08-31,129.040000,225554025,126.000000,131.000000,127.580000
14593,03783310,AAPL,7,2020-09-01,134.180000,152742024,130.530000,134.800000,132.760000
14593,03783310,AAPL,7,2020-09-02,131.400000,200042069,127.000000,137.980000,137.590000
14593,03783310,AAPL,7,2020-09-03,120.880000,257061551,120.500000,128.840000,126.910000
14593,03783310,AAPL,7,2020-09-04,120.960000,331572938,110.890000,123.700000,120.070000
14593,03783310,AAPL,7,2020-09-08,112.820000,230760176,112.680000,118.990000,113.950000
14593,03783310,AAPL,7,2020-09-09,117.320000,176645422,115.260000,119.140000,117.260000
14593,03783310,AAPL,7,2020-09-10,113.490000,181999025,112.500000,120.500000,120.360000
14593,03783310,AAPL,7,2020-09-11,112.000000,180659530,110.000000,115.230000,114.570000
14593,03783310,AAPL,7,2020-09-14,115.355000,139845699,112.800000,115.930000,114.720000
14593,03783310,AAPL,7,2020-09-15,115.540000,184316212,113.610000,118.829000,118.330000
14593,03783310,AAPL,7,2020-09-16,112.130000,154909387,112.040000,116.000000,115.230000
14593,03783310,AAPL,7,2020-09-17,110.340000,177537942,108.710000,112.200000,109.720000
14593,03783310,AAPL,7,2020-09-18,106.840000,286945799,106.090000,110.880000,110.400000
14593,03783310,AAPL,7,2020-09-21,110.080000,195573445,103.100000,110.190000,104.540000
14593,03783310,AAPL,7,2020-09-22,111.810000,182946738,109.160000,112.860000,112.680000
14593,03783310,AAPL,7,2020-09-23,107.120000,150589442,106.770000,112.110000,111.620000
14593,03783310,AAPL,7,2020-09-24,108.220000,167427193,105.000000,110.250000,105.170000
14593,03783310,AAPL,7,2020-09-25,112.280000,149848521,107.670000,112.440000,108.430000
14593,03783310,AAPL,7,2020-09-28,114.960000,137599239,112.780000,115.320000,115.010000
14593,03783310,AAPL,7,2020-09-29,114.090000,100031912,113.570000,115.310000,114.550000
14593,03783310,AAPL,7,2020-09-30,115.810000,142573119,113.620000,117.260000,113.790000
14593,03783310,AAPL,7,2020-10-01,116.790000,116058577,115.830000,117.720000,117.640000
14593,03783310,AAPL,7,2020-10-02,113.020000,144577195,112.220000,115.370000,112.890000
14593,03783310,AAPL,7,2020-10-05,116.500000,106183097,113.550000,116.650000,113.910000
14593,03783310,AAPL,7,2020-10-06,113.160000,161415506,112.250000,116.120000,115.700000
14593,03783310,AAPL,7,2020-10-07,115.080000,96819022,114.130000,115.550000,114.620000
14593,03783310,AAPL,7,2020-10-08,114.970000,83419922,114.590100,116.400000,116.250000
14593,03783310,AAPL,7,2020-10-09,116.970000,100478282,114.920000,117.000000,115.280000
14593,03783310,AAPL,7,2020-10-12,124.400000,240156702,119.284500,125.180000,120.060000
14593,03783310,AAPL,7,2020-10-13,121.100000,262171031,119.650000,125.390000,125.270000
14593,03783310,AAPL,7,2020-10-14,121.190000,150979103,119.620000,123.030000,121.000000
14593,03783310,AAPL,7,2020-10-15,120.710000,112515577,118.150000,121.200000,118.720000
14593,03783310,AAPL,7,2020-10-16,119.020000,115357841,118.810000,121.548000,121.280000
14593,03783310,AAPL,7,2020-10-19,115.980000,120572523,115.660000,120.419000,119.960000
14593,03783310,AAPL,7,2020-10-20,117.510000,124359954,115.630000,118.980000,116.200000
14593,03783310,AAPL,7,2020-10-21,116.870000,89876210,116.450000,118.705000,116.670000
14593,03783310,AAPL,7,2020-10-22,115.750000,101940212,114.590000,118.040000,117.450000
14593,03783310,AAPL,7,2020-10-23,115.040000,82697840,114.280000,116.550000,116.390000
14593,03783310,AAPL,7,2020-10-26,115.050000,111788864,112.880000,116.550000,114.010000
14593,03783310,AAPL,7,2020-10-27,116.600000,92236302,114.539900,117.280000,115.490000
14593,03783310,AAPL,7,2020-10-28,111.200000,143853670,111.100000,115.430000,115.050000
14593,03783310,AAPL,7,2020-10-29,115.320000,146025301,112.200000,116.930000,112.370000
14593,03783310,AAPL,7,2020-10-30,108.860000,190345505,107.720000,111.990000,111.060000
14593,03783310,AAPL,7,2020-11-02,108.770000,122778723,107.320000,110.680000,109.110000
14593,03783310,AAPL,7,2020-11-03,110.440000,107553090,108.730000,111.490000,109.660000
14593,03783310,AAPL,7,2020-11-04,114.950000,138138974,112.350000,115.590000,114.140000
14593,03783310,AAPL,7,2020-11-05,119.030000,126310647,116.868600,119.620000,117.950000
14593,03783310,AAPL,7,2020-11-06,118.690000,114409778,116.130000,119.200000,118.320000
14593,03783310,AAPL,7,2020-11-09,116.320000,154379369,116.050000,121.990000,120.500000
14593,03783310,AAPL,7,2020-11-10,115.970000,135799280,114.130000,117.590000,115.550000
14593,03783310,AAPL,7,2020-11-11,119.490000,112247789,116.440000,119.630000,117.190000
14593,03783310,AAPL,7,2020-11-12,119.210000,103416642,118.570000,120.530000,119.620000
14593,03783310,AAPL,7,2020-11-13,119.260000,81647331,117.870000,119.671700,119.440000
14593,03783310,AAPL,7,2020-11-16,120.300000,91110703,118.146000,120.990000,118.920000
14593,03783310,AAPL,7,2020-11-17,119.390000,74258839,118.960000,120.674100,119.550000
14593,03783310,AAPL,7,2020-11-18,118.030000,76042019,118.000000,119.820000,118.610000
14593,03783310,AAPL,7,2020-11-19,118.640000,74133445,116.810000,119.060000,117.590000
14593,03783310,AAPL,7,2020-11-20,117.340000,73549402,117.290000,118.770000,118.640000
14593,03783310,AAPL,7,2020-11-23,113.850000,127821075,113.750000,117.620200,117.180000
14593,03783310,AAPL,7,2020-11-24,115.170000,113784471,112.590000,115.850000,113.910000
14593,03783310,AAPL,7,2020-11-25,116.030000,76418915,115.170000,116.750000,115.550000
14593,03783310,AAPL,7,2020-11-27,116.590000,46657288,116.220000,117.490000,116.570000
14593,03783310,AAPL,7,2020-11-30,119.050000,169242194,116.810000,120.970000,116.970000
14593,03783310,AAPL,7,2020-12-01,122.720000,127991618,120.010000,123.469300,121.010000
14593,03783310,AAPL,7,2020-12-02,123.080000,88942532,120.890000,123.370000,122.020000
14593,03783310,AAPL,7,2020-12-03,122.940000,78855661,122.210000,123.780000,123.520000
14593,03783310,AAPL,7,2020-12-04,122.250000,78131082,121.520000,122.860800,122.600000
14593,03783310,AAPL,7,2020-12-07,123.750000,86661259,122.250000,124.570000,122.310000
14593,03783310,AAPL,7,2020-12-08,124.380000,82138626,123.090000,124.980000,124.370000
14593,03783310,AAPL,7,2020-12-09,121.780000,115185526,121.000000,125.950000,124.530000
14593,03783310,AAPL,7,2020-12-10,123.240000,81255400,120.150000,123.870000,120.500000
14593,03783310,AAPL,7,2020-12-11,122.410000,86803288,120.550000,122.760000,122.430000
14593,03783310,AAPL,7,2020-12-14,121.780000,79203119,121.540000,123.350000,122.600000
14593,03783310,AAPL,7,2020-12-15,127.880000,157265881,124.130000,127.900000,124.340000
14593,03783310,AAPL,7,2020-12-16,127.810000,98119593,126.560000,128.370000,127.410000
14593,03783310,AAPL,7,2020-12-17,128.700000,94296037,128.045000,129.580000,128.900000
14593,03783310,AAPL,7,2020-12-18,126.655000,192458161,126.120000,129.100000,128.960000
14593,03783310,AAPL,7,2020-12-21,128.230000,121045980,123.449000,128.310000,125.020000
14593,03783310,AAPL,7,2020-12-22,131.880000,169237476,129.650000,134.405000,131.610000
14593,03783310,AAPL,7,2020-12-23,130.960000,88169905,130.780000,132.430000,132.160000
14593,03783310,AAPL,7,2020-12-24,131.970000,54892884,131.100000,133.460000,131.320000
14593,03783310,AAPL,7,2020-12-28,136.690000,124412013,133.510000,137.340000,133.990000
14593,03783310,AAPL,7,2020-12-29,134.870000,120941073,134.340900,138.789000,138.050000
14593,03783310,AAPL,7,2020-12-30,133.720000,95485520,133.400000,135.990000,135.580000
14593,03783310,AAPL,7,2020-12-31,132.690000,99039105,131.720000,134.740000,134.080000
14593,03783310,AAPL,7,2021-01-04,129.410000,143186134,126.760000,133.611600,133.520000
14593,03783310,AAPL,7,2021-01-05,131.010000,97570488,128.430000,131.740000,128.890000
14593,03783310,AAPL,7,2021-01-06,126.600000,154976358,126.382000,131.049900,127.720000
14593,03783310,AAPL,7,2021-01-07,130.920000,109524093,127.860000,131.630000,128.360000
14593,03783310,AAPL,7,2021-01-08,132.050000,105069120,130.230000,132.630000,132.430000
14593,03783310,AAPL,7,2021-01-11,128.980000,100572235,128.500000,130.170000,129.190000
14593,03783310,AAPL,7,2021-01-12,128.800000,91934932,126.860000,129.690000,128.500000
14593,03783310,AAPL,7,2021-01-13,130.890000,88570905,128.490000,131.450000,128.760000
14593,03783310,AAPL,7,2021-01-14,128.910000,90068223,128.760000,131.000000,130.800000
14593,03783310,AAPL,7,2021-01-15,127.140000,113824189,127.000000,130.224200,128.780000
14593,03783310,AAPL,7,2021-01-19,127.830000,90721126,126.938000,128.710000,127.780000
14593,03783310,AAPL,7,2021-01-20,132.030000,104266089,128.550000,132.490000,128.660000
14593,03783310,AAPL,7,2021-01-21,136.870000,120558946,133.590000,139.670000,133.800000
14593,03783310,AAPL,7,2021-01-22,139.070000,114389452,135.020000,139.850000,136.280000
14593,03783310,AAPL,7,2021-01-25,142.920000,157582465,136.540000,145.090000,143.070000
14593,03783310,AAPL,7,2021-01-26,143.160000,98344597,141.370000,144.300000,143.600000
14593,03783310,AAPL,7,2021-01-27,142.060000,142354672,140.410000,144.300000,143.430000
14593,03783310,AAPL,7,2021-01-28,137.090000,142513841,136.700000,141.990000,139.520000
14593,03783310,AAPL,7,2021-01-29,131.960000,177453210,130.210000,136.740000,135.830000
14593,03783310,AAPL,7,2021-02-01,134.140000,106188262,130.930000,135.380000,133.750000
14593,03783310,AAPL,7,2021-02-02,134.990000,83261091,134.610000,136.310000,135.730000
14593,03783310,AAPL,7,2021-02-03,133.940000,89846834,133.610000,135.770000,135.760000
14593,03783310,AAPL,7,2021-02-04,137.390000,84143094,134.590000,137.400000,136.300000
14593,03783310,AAPL,7,2021-02-05,136.760000,75841114,135.860000,137.420000,137.350000
14593,03783310,AAPL,7,2021-02-08,136.910000,71251676,134.920000,136.960000,136.030000
14593,03783310,AAPL,7,2021-02-09,136.010000,76741441,135.850000,137.877000,136.620000
14593,03783310,AAPL,7,2021-02-10,135.390000,73006258,134.400000,136.990000,136.480000
14593,03783310,AAPL,7,2021-02-11,135.130000,64374429,133.770000,136.390000,135.900000
14593,03783310,AAPL,7,2021-02-12,135.370000,60094459,133.692100,135.530000,134.350000
14593,03783310,AAPL,7,2021-02-16,133.190000,80509624,132.790000,136.010000,135.490000
14593,03783310,AAPL,7,2021-02-17,130.840000,98053909,129.470000,132.220000,131.250000
14593,03783310,AAPL,7,2021-02-18,129.710000,97162779,127.410000,129.995000,129.200000
14593,03783310,AAPL,7,2021-02-19,129.870000,87585271,128.800000,130.710000,130.240000
14593,03783310,AAPL,7,2021-02-22,126.000000,103812090,125.600000,129.720000,128.010000
14593,03783310,AAPL,7,2021-02-23,125.860000,158135137,118.390000,126.710000,123.760000
14593,03783310,AAPL,7,2021-02-24,125.350000,110976944,122.230000,125.560000,124.940000
14593,03783310,AAPL,7,2021-02-25,120.990000,148045165,120.540000,126.458500,124.680000
14593,03783310,AAPL,7,2021-02-26,121.260000,164264783,121.200000,124.850000,122.590000
14593,03783310,AAPL,7,2021-03-01,127.790000,116182712,122.790000,127.930000,123.750000
14593,03783310,AAPL,7,2021-03-02,125.120000,102197605,125.010000,128.720000,128.410000
14593,03783310,AAPL,7,2021-03-03,122.060000,112878055,121.840000,125.710000,124.810000
14593,03783310,AAPL,7,2021-03-04,120.130000,178012291,118.620000,123.600000,121.750000
14593,03783310,AAPL,7,2021-03-05,121.420000,153612894,117.570000,121.935000,120.980000
14593,03783310,AAPL,7,2021-03-08,116.360000,154275852,116.210000,121.000000,120.930000
14593,03783310,AAPL,7,2021-03-09,121.085000,129396599,118.790000,122.060000,119.030000
14593,03783310,AAPL,7,2021-03-10,119.980000,111859318,119.450000,122.170000,121.690000
14593,03783310,AAPL,7,2021-03-11,121.960000,102938841,121.260000,123.210000,122.540000
14593,03783310,AAPL,7,2021-03-12,121.030000,88049545,119.160000,121.170000,120.400000
14593,03783310,AAPL,7,2021-03-15,123.990000,92554930,120.420000,124.000000,121.410000
14593,03783310,AAPL,7,2021-03-16,125.570000,115148387,124.715000,127.220000,125.700000
14593,03783310,AAPL,7,2021-03-17,124.760000,111850179,122.336000,125.859900,124.050000
14593,03783310,AAPL,7,2021-03-18,120.530000,121360054,120.320000,123.180000,122.880000
14593,03783310,AAPL,7,2021-03-19,119.990000,185471502,119.675000,121.430000,119.900000
14593,03783310,AAPL,7,2021-03-22,123.390000,111853557,120.260000,123.870000,120.330000
14593,03783310,AAPL,7,2021-03-23,122.540000,95406081,122.140000,124.240000,123.330000
14593,03783310,AAPL,7,2021-03-24,120.090000,88498035,120.065000,122.900000,122.820000
14593,03783310,AAPL,7,2021-03-25,120.590000,98796267,119.000000,121.660000,119.540000
14593,03783310,AAPL,7,2021-03-26,121.210000,93985444,118.920000,121.480000,120.350000
14593,03783310,AAPL,7,2021-03-29,121.390000,80783396,120.729900,122.580000,121.650000
14593,03783310,AAPL,7,2021-03-30,119.900000,85639493,118.860000,120.403100,120.110000
14593,03783310,AAPL,7,2021-03-31,122.150000,118233891,121.150000,123.520000,121.650000
14593,03783310,AAPL,7,2021-04-01,123.000000,75009453,122.490000,124.180000,123.660000
14593,03783310,AAPL,7,2021-04-05,125.900000,88607585,123.070000,126.160100,123.870000
14593,03783310,AAPL,7,2021-04-06,126.210000,80113038,125.650000,127.130000,126.500000
14593,03783310,AAPL,7,2021-04-07,127.900000,83423902,125.140000,127.920000,125.830000
14593,03783310,AAPL,7,2021-04-08,130.360000,88836712,128.520000,130.390000,128.950000
14593,03783310,AAPL,7,2021-04-09,132.995000,106616806,129.470000,133.040000,129.800000
14593,03783310,AAPL,7,2021-04-12,131.240000,91379660,130.630000,132.850000,132.520000
14593,03783310,AAPL,7,2021-04-13,134.430000,91200523,131.930000,134.660000,132.440000
14593,03783310,AAPL,7,2021-04-14,132.030000,87172478,131.655000,135.000000,134.940000
14593,03783310,AAPL,7,2021-04-15,134.500000,89274299,133.640000,135.000000,133.820000
14593,03783310,AAPL,7,2021-04-16,134.160000,84872857,133.280000,134.670000,134.300000
14593,03783310,AAPL,7,2021-04-19,134.840000,94233786,133.340000,135.470000,133.510000
14593,03783310,AAPL,7,2021-04-20,133.110000,94749966,131.810000,135.530000,135.020000
14593,03783310,AAPL,7,2021-04-21,133.500000,68809932,131.300100,133.750000,132.360000
14593,03783310,AAPL,7,2021-04-22,131.940000,84506870,131.410000,134.150000,133.040000
14593,03783310,AAPL,7,2021-04-23,134.320000,78761275,132.160000,135.120000,132.160000
14593,03783310,AAPL,7,2021-04-26,134.720000,66862409,133.560000,135.060000,134.830000
14593,03783310,AAPL,7,2021-04-27,134.390000,65940835,134.110000,135.410000,135.010000
14593,03783310,AAPL,7,2021-04-28,133.580000,107719664,133.080000,135.020000,134.310000
14593,03783310,AAPL,7,2021-04-29,133.480000,150986138,132.450000,137.070000,136.470000
14593,03783310,AAPL,7,2021-04-30,131.460000,109796210,131.065000,133.560000,131.780000
14593,03783310,AAPL,7,2021-05-03,132.540000,75091924,131.830000,134.070000,132.040000
14593,03783310,AAPL,7,2021-05-04,127.850000,137435341,126.700000,131.489900,131.190000
14593,03783310,AAPL,7,2021-05-05,128.100000,83940839,127.970000,130.450000,129.200000
14593,03783310,AAPL,7,2021-05-06,129.740000,78537744,127.130000,129.750000,127.890000
14593,03783310,AAPL,7,2021-05-07,130.210000,79293895,129.475000,131.258200,130.850000
14593,03783310,AAPL,7,2021-05-10,126.850000,88012052,126.810000,129.540000,129.410000
14593,03783310,AAPL,7,2021-05-11,125.910000,126018194,122.770000,126.270000,123.500000
14593,03783310,AAPL,7,2021-05-12,122.770000,112102027,122.250000,124.640000,123.400000
14593,03783310,AAPL,7,2021-05-13,124.970000,105797826,124.260000,126.150000,124.580000
14593,03783310,AAPL,7,2021-05-14,127.450000,81863139,125.850000,127.890000,126.250000
14593,03783310,AAPL,7,2021-05-17,126.270000,74211768,125.170000,126.930000,126.820000
14593,03783310,AAPL,7,2021-05-18,124.850000,63296379,124.780000,126.990000,126.560000
14593,03783310,AAPL,7,2021-05-19,124.690000,92520046,122.860000,124.915000,123.160000
14593,03783310,AAPL,7,2021-05-20,127.310000,76812687,125.100000,127.720000,125.230000
14593,03783310,AAPL,7,2021-05-21,125.430000,79269170,125.210000,128.000000,127.820000
14593,03783310,AAPL,7,2021-05-24,127.100000,63077553,125.940000,127.940000,126.010000
14593,03783310,AAPL,7,2021-05-25,126.900000,71980547,126.320000,128.320000,127.820000
14593,03783310,AAPL,7,2021-05-26,126.850000,56550481,126.420000,127.390000,126.955000
14593,03783310,AAPL,7,2021-05-27,125.280000,94585371,125.080000,127.640000,126.440000
14593,03783310,AAPL,7,2021-05-28,124.610000,71234781,124.550000,125.800000,125.570000
14593,03783310,AAPL,7,2021-06-01,124.280000,67592932,123.940000,125.350000,125.080000
14593,03783310,AAPL,7,2021-06-02,125.060000,59257915,124.050000,125.240000,124.280000
14593,03783310,AAPL,7,2021-06-03,123.540000,76181492,123.130000,124.850000,124.680000
14593,03783310,AAPL,7,2021-06-04,125.890000,75120692,123.850000,126.160000,124.070000
14593,03783310,AAPL,7,2021-06-07,125.900000,71020914,124.832100,126.320000,126.170000
14593,03783310,AAPL,7,2021-06-08,126.740000,74349190,126.210100,128.460000,126.600000
14593,03783310,AAPL,7,2021-06-09,127.130000,56857821,126.520000,127.750000,127.210000
14593,03783310,AAPL,7,2021-06-10,126.110000,71146464,125.940000,128.190000,127.020000
14593,03783310,AAPL,7,2021-06-11,127.350000,53473755,126.100000,127.440000,126.530000
14593,03783310,AAPL,7,2021-06-14,130.480000,96888867,127.070000,130.540000,127.820000
14593,03783310,AAPL,7,2021-06-15,129.640000,62712410,129.390000,130.600000,129.940000
14593,03783310,AAPL,7,2021-06-16,130.150000,91785628,128.461000,130.890000,130.370000
14593,03783310,AAPL,7,2021-06-17,131.790000,96651607,129.650000,132.550000,129.800000
14593,03783310,AAPL,7,2021-06-18,130.460000,108884951,130.240000,131.510000,130.710000
14593,03783310,AAPL,7,2021-06-21,132.300000,79620300,129.210000,132.410000,130.300000
14593,03783310,AAPL,7,2021-06-22,133.980000,74742961,131.620000,134.080000,132.130000
14593,03783310,AAPL,7,2021-06-23,133.700000,60199807,133.230000,134.320000,133.770000
14593,03783310,AAPL,7,2021-06-24,133.410000,68756931,132.930000,134.640000,134.450000
14593,03783310,AAPL,7,2021-06-25,133.110000,70747292,132.810000,133.890000,133.460000
14593,03783310,AAPL,7,2021-06-28,134.780000,62087450,133.350000,135.245000,133.410000
14593,03783310,AAPL,7,2021-06-29,136.330000,64595415,134.350000,136.490000,134.800000
14593,03783310,AAPL,7,2021-06-30,136.960000,63214977,135.870000,137.410000,136.170000
14593,03783310,AAPL,7,2021-07-01,137.270000,52462270,135.760000,137.330000,136.600000
14593,03783310,AAPL,7,2021-07-02,139.960000,78938035,137.745000,140.000000,137.900000
14593,03783310,AAPL,7,2021-07-06,142.020000,108088222,140.070000,143.150000,140.070000
14593,03783310,AAPL,7,2021-07-07,144.570000,104833605,142.660000,144.890000,143.535000
14593,03783310,AAPL,7,2021-07-08,143.240000,105674698,140.665000,144.060000,141.580000
14593,03783310,AAPL,7,2021-07-09,145.110000,99822968,142.652200,145.650000,142.750000
14593,03783310,AAPL,7,2021-07-12,144.500000,76237203,144.000000,146.320000,146.210000
14593,03783310,AAPL,7,2021-07-13,145.640000,100780097,143.630000,147.460000,144.030000
14593,03783310,AAPL,7,2021-07-14,149.150000,126884309,147.680000,149.570000,148.100000
14593,03783310,AAPL,7,2021-07-15,148.480000,106631716,147.090000,150.000000,149.240000
14593,03783310,AAPL,7,2021-07-16,146.390000,93174841,145.880000,149.760000,148.460000
14593,03783310,AAPL,7,2021-07-19,142.450000,121334242,141.670000,144.070000,143.750000
14593,03783310,AAPL,7,2021-07-20,146.150000,96948375,142.960000,147.099700,143.460000
14593,03783310,AAPL,7,2021-07-21,145.400000,74917788,144.630000,146.130000,145.530000
14593,03783310,AAPL,7,2021-07-22,146.800000,77295890,145.810000,148.195000,145.935000
14593,03783310,AAPL,7,2021-07-23,148.560000,71381299,146.920000,148.717700,147.550000
14593,03783310,AAPL,7,2021-07-26,148.990000,72377991,147.700000,149.830000,148.270000
14593,03783310,AAPL,7,2021-07-27,146.770000,104694666,145.550000,149.210000,149.120000
14593,03783310,AAPL,7,2021-07-28,144.980000,118770829,142.540000,146.970000,144.810000
14593,03783310,AAPL,7,2021-07-29,145.640000,56645669,144.580000,146.550000,144.685000
14593,03783310,AAPL,7,2021-07-30,145.860000,70363631,144.110000,146.330000,144.380000
14593,03783310,AAPL,7,2021-08-02,145.520000,62783650,145.250000,146.950000,146.360000
14593,03783310,AAPL,7,2021-08-03,147.360000,64747454,145.180000,148.045000,145.810000
14593,03783310,AAPL,7,2021-08-04,146.950000,56341525,146.280000,147.790000,147.270000
14593,03783310,AAPL,7,2021-08-05,147.060000,46344581,146.170000,147.840000,146.980000
14593,03783310,AAPL,7,2021-08-06,146.140000,54066445,145.630000,147.110000,146.350000
14593,03783310,AAPL,7,2021-08-09,146.090000,48856850,145.520000,146.700000,146.200000
14593,03783310,AAPL,7,2021-08-10,145.600000,68943826,145.300000,147.710000,146.440000
14593,03783310,AAPL,7,2021-08-11,145.860000,48455755,145.530000,146.720000,146.050000
14593,03783310,AAPL,7,2021-08-12,148.890000,73725143,145.840000,149.050000,146.190000
14593,03783310,AAPL,7,2021-08-13,149.100000,59326874,148.270000,149.444400,148.970000
14593,03783310,AAPL,7,2021-08-16,151.120000,103488702,146.470000,151.190000,148.535000
14593,03783310,AAPL,7,2021-08-17,150.190000,92171570,149.090000,151.680000,150.230000
14593,03783310,AAPL,7,2021-08-18,146.360000,86265739,146.150000,150.720000,149.800000
14593,03783310,AAPL,7,2021-08-19,146.700000,86441784,144.500000,148.000000,145.030000
14593,03783310,AAPL,7,2021-08-20,148.190000,60538324,146.780000,148.500000,147.440000
14593,03783310,AAPL,7,2021-08-23,149.710000,60096323,147.890000,150.190000,148.310000
14593,03783310,AAPL,7,2021-08-24,149.620000,48578155,149.150000,150.860000,149.450000
14593,03783310,AAPL,7,2021-08-25,148.360000,58908699,147.800000,150.320000,149.810000
14593,03783310,AAPL,7,2021-08-26,147.540000,48554942,147.510000,149.120000,148.350000
14593,03783310,AAPL,7,2021-08-27,148.600000,55732411,146.830000,148.750000,147.480000
14593,03783310,AAPL,7,2021-08-30,153.120000,90879005,148.610000,153.490000,149.000000
14593,03783310,AAPL,7,2021-08-31,151.830000,86347830,151.290000,152.800000,152.660000
14593,03783310,AAPL,7,2021-09-01,152.510000,80387213,152.340000,154.980000,152.830000
14593,03783310,AAPL,7,2021-09-02,153.650000,71174677,152.400000,154.720000,153.870000
14593,03783310,AAPL,7,2021-09-03,154.300000,57805643,153.090000,154.630000,153.760000
14593,03783310,AAPL,7,2021-09-07,156.690000,82231703,154.390000,157.260000,154.970000
14593,03783310,AAPL,7,2021-09-08,155.110000,74347440,153.975000,157.040000,156.980000
14593,03783310,AAPL,7,2021-09-09,154.070000,57267414,153.950000,156.110000,155.490000
14593,03783310,AAPL,7,2021-09-10,148.970000,140722608,148.700000,155.480000,155.000000
14593,03783310,AAPL,7,2021-09-13,149.550000,102341812,148.750000,151.420000,150.630000
14593,03783310,AAPL,7,2021-09-14,148.120000,109224221,146.910000,151.070000,150.350000
14593,03783310,AAPL,7,2021-09-15,149.030000,83271181,146.370000,149.440000,148.560000
14593,03783310,AAPL,7,2021-09-16,148.790000,67962033,147.221000,148.970000,148.440000
14593,03783310,AAPL,7,2021-09-17,146.060000,129777475,145.760000,148.820000,148.820000
14593,03783310,AAPL,7,2021-09-20,142.940000,123375198,141.270000,144.840000,143.800000
14593,03783310,AAPL,7,2021-09-21,143.430000,75788396,142.780000,144.600000,143.930000
14593,03783310,AAPL,7,2021-09-22,145.850000,76343549,143.700100,146.430000,144.450000
14593,03783310,AAPL,7,2021-09-23,146.830000,64776884,145.640000,147.080000,146.650000
14593,03783310,AAPL,7,2021-09-24,146.920000,53413356,145.560000,147.470100,145.660000
14593,03783310,AAPL,7,2021-09-27,145.370000,74110174,143.820000,145.960000,145.470000
14593,03783310,AAPL,7,2021-09-28,141.910000,108864475,141.690000,144.750000,143.250000
14593,03783310,AAPL,7,2021-09-29,142.830000,74535495,142.030000,144.450000,142.470000
14593,03783310,AAPL,7,2021-09-30,141.500000,88991097,141.280000,144.378000,143.660000
14593,03783310,AAPL,7,2021-10-01,142.650000,94632013,139.110100,142.920000,141.900000
14593,03783310,AAPL,7,2021-10-04,139.140000,98233554,138.270000,142.210000,141.760000
14593,03783310,AAPL,7,2021-10-05,141.110000,80765889,139.360000,142.240000,139.490000
14593,03783310,AAPL,7,2021-10-06,142.000000,83182053,138.370000,142.150000,139.470000
14593,03783310,AAPL,7,2021-10-07,143.290000,61683766,142.720000,144.215000,143.060000
14593,03783310,AAPL,7,2021-10-08,142.900000,58732359,142.560000,144.178100,144.030000
14593,03783310,AAPL,7,2021-10-11,142.810000,64409225,141.810000,144.810000,142.270000
14593,03783310,AAPL,7,2021-10-12,141.510000,72992091,141.040100,143.250000,143.230000
14593,03783310,AAPL,7,2021-10-13,140.910000,78699269,139.200000,141.400000,141.235000
14593,03783310,AAPL,7,2021-10-14,143.760000,69868960,141.510000,143.880000,142.110000
14593,03783310,AAPL,7,2021-10-15,144.840000,67882736,143.510000,144.895000,143.770000
14593,03783310,AAPL,7,2021-10-18,146.550000,85520711,143.160000,146.840000,143.445000
14593,03783310,AAPL,7,2021-10-19,148.760000,76319203,146.550000,149.170000,147.010000
14593,03783310,AAPL,7,2021-10-20,149.260000,58349082,148.120000,149.753900,148.700000
14593,03783310,AAPL,7,2021-10-21,149.480000,61372242,147.870000,149.640000,148.810000
14593,03783310,AAPL,7,2021-10-22,148.690000,58844524,148.640000,150.180000,149.690000
14593,03783310,AAPL,7,2021-10-25,148.640000,50665802,147.621100,149.370000,148.680000
14593,03783310,AAPL,7,2021-10-26,149.320000,60856608,149.010100,150.840000,149.330000
14593,03783310,AAPL,7,2021-10-27,148.850000,56018893,148.490000,149.730000,149.360000
14593,03783310,AAPL,7,2021-10-28,152.570000,99895443,149.720000,153.165000,149.820000
14593,03783310,AAPL,7,2021-10-29,149.800000,124788972,146.412800,149.940000,147.215000
14593,03783310,AAPL,7,2021-11-01,148.960000,74546510,147.800000,149.700000,148.985000
14593,03783310,AAPL,7,2021-11-02,150.020000,69163103,148.650000,151.570000,148.660000
14593,03783310,AAPL,7,2021-11-03,151.490000,54477748,149.820000,151.970000,150.390000
14593,03783310,AAPL,7,2021-11-04,150.960000,60372749,150.640000,152.430000,151.580000
14593,03783310,AAPL,7,2021-11-05,151.280000,65983920,150.060000,152.200000,151.890000
14593,03783310,AAPL,7,2021-11-08,150.440000,55011077,150.160000,151.570000,151.410000
14593,03783310,AAPL,7,2021-11-09,150.810000,56749294,150.060100,151.428000,150.200000
14593,03783310,AAPL,7,2021-11-10,147.920000,65116587,147.850000,150.130000,150.020000
14593,03783310,AAPL,7,2021-11-11,147.870000,41008899,147.681000,149.430000,148.960000
14593,03783310,AAPL,7,2021-11-12,149.990000,63758763,147.480000,150.400000,148.430000
14593,03783310,AAPL,7,2021-11-15,150.000000,59227893,149.430000,151.880000,150.370000
14593,03783310,AAPL,7,2021-11-16,151.000000,59211851,149.340000,151.488000,149.940000
14593,03783310,AAPL,7,2021-11-17,153.490000,88679848,150.990000,155.000000,150.995000
14593,03783310,AAPL,7,2021-11-18,157.870000,137733097,153.050000,158.670000,153.710000
14593,03783310,AAPL,7,2021-11-19,160.550000,117117845,156.532800,161.020000,157.650000
14593,03783310,AAPL,7,2021-11-22,161.020000,117335030,161.000000,165.700000,161.680000
14593,03783310,AAPL,7,2021-11-23,161.410000,95930202,159.060100,161.800000,161.120000
14593,03783310,AAPL,7,2021-11-24,161.940000,69284846,159.640000,162.140000,160.750000
14593,03783310,AAPL,7,2021-11-26,156.810000,76877971,156.360000,160.450000,159.565000
14593,03783310,AAPL,7,2021-11-29,160.240000,88631503,158.790100,161.190000,159.370000
14593,03783310,AAPL,7,2021-11-30,165.300000,173817074,159.920000,165.520000,159.985000
14593,03783310,AAPL,7,2021-12-01,164.770000,152282885,164.530000,170.300000,167.480000
14593,03783310,AAPL,7,2021-12-02,163.760000,136615294,157.800000,164.200000,158.735000
14593,03783310,AAPL,7,2021-12-03,161.840000,117977597,159.720000,164.960000,164.020000
14593,03783310,AAPL,7,2021-12-06,165.320000,107373083,164.280000,167.879900,164.290000
14593,03783310,AAPL,7,2021-12-07,171.180000,120301626,168.340000,171.580000,169.080000
14593,03783310,AAPL,7,2021-12-08,175.080000,116839737,170.700000,175.960000,172.125000
14593,03783310,AAPL,7,2021-12-09,174.560000,108871418,173.920000,176.750000,174.910000
14593,03783310,AAPL,7,2021-12-10,179.450000,115291867,174.690000,179.630000,175.205000
14593,03783310,AAPL,7,2021-12-13,175.740000,153244744,175.530000,182.130000,181.115000
14593,03783310,AAPL,7,2021-12-14,174.330000,139273210,172.210000,177.740000,175.250000
14593,03783310,AAPL,7,2021-12-15,179.300000,130935345,172.310800,179.500000,175.110000
14593,03783310,AAPL,7,2021-12-16,172.260000,150252552,170.750000,181.140000,179.280000
14593,03783310,AAPL,7,2021-12-17,171.140000,195885993,169.690000,173.470000,169.930000
14593,03783310,AAPL,7,2021-12-20,169.750000,107442539,167.460000,170.580000,168.280000
14593,03783310,AAPL,7,2021-12-21,172.990000,91129037,169.120000,173.200000,171.555000
14593,03783310,AAPL,7,2021-12-22,175.640000,92097909,172.150000,175.860000,173.040000
14593,03783310,AAPL,7,2021-12-23,176.280000,68298084,175.270000,176.849900,175.850000
14593,03783310,AAPL,7,2021-12-27,180.330000,74907225,177.070000,180.420000,177.085000
14593,03783310,AAPL,7,2021-12-28,179.290000,79118832,178.530000,181.330000,180.160000
14593,03783310,AAPL,7,2021-12-29,179.380000,62323932,178.140000,180.630000,179.330000
14593,03783310,AAPL,7,2021-12-30,178.200000,59723838,178.090000,180.570000,179.470000
14593,03783310,AAPL,7,2021-12-31,177.570000,64032815,177.260000,179.230000,178.085000
14593,03783310,AAPL,7,2022-01-03,182.010000,104656435,177.710000,182.880000,177.830000
14593,03783310,AAPL,7,2022-01-04,179.700000,99155535,179.120000,182.940000,182.630000
14593,03783310,AAPL,7,2022-01-05,174.920000,94423171,174.640000,180.170000,179.610000
14593,03783310,AAPL,7,2022-01-06,172.000000,96820640,171.640000,175.300000,172.700000
14593,03783310,AAPL,7,2022-01-07,172.170000,87650955,171.030000,174.140000,172.890000
14593,03783310,AAPL,7,2022-01-10,172.190000,106792948,168.170000,172.500000,169.080000
14593,03783310,AAPL,7,2022-01-11,175.080000,76089880,170.820000,175.180000,172.320000
14593,03783310,AAPL,7,2022-01-12,175.530000,74738392,174.820000,177.180000,176.120000
14593,03783310,AAPL,7,2022-01-13,172.190000,84433750,171.790000,176.620000,175.780000
14593,03783310,AAPL,7,2022-01-14,173.070000,80382571,171.090000,173.780000,171.340000
14593,03783310,AAPL,7,2022-01-18,169.800000,91066563,169.405000,172.540000,171.510000
14593,03783310,AAPL,7,2022-01-19,166.230000,94773791,165.940000,171.080000,170.000000
14593,03783310,AAPL,7,2022-01-20,164.510000,91345534,164.180000,169.680000,166.980000
14593,03783310,AAPL,7,2022-01-21,162.410000,122710154,162.300000,166.330000,164.415000
14593,03783310,AAPL,7,2022-01-24,161.620000,162508667,154.700000,162.300000,160.020000
14593,03783310,AAPL,7,2022-01-25,159.780000,115737828,157.020000,162.760000,158.980000
14593,03783310,AAPL,7,2022-01-26,159.690000,108155217,157.820000,164.389400,163.500000
14593,03783310,AAPL,7,2022-01-27,159.220000,121801782,158.280000,163.840000,162.450000
14593,03783310,AAPL,7,2022-01-28,170.330000,179698882,162.800000,170.350000,165.710000
14593,03783310,AAPL,7,2022-01-31,174.780000,115404263,169.510000,175.000000,170.160000
14593,03783310,AAPL,7,2022-02-01,174.610000,86134229,172.310000,174.840000,174.010000
14593,03783310,AAPL,7,2022-02-02,175.840000,84860558,173.330000,175.880000,174.745000
14593,03783310,AAPL,7,2022-02-03,172.900000,89325359,172.120000,176.239900,174.480000
14593,03783310,AAPL,7,2022-02-04,172.390000,82412611,170.680000,174.100000,171.680000
14593,03783310,AAPL,7,2022-02-07,171.660000,77209613,170.950000,173.945800,172.860000
14593,03783310,AAPL,7,2022-02-08,174.830000,74774814,171.430000,175.350000,171.730000
14593,03783310,AAPL,7,2022-02-09,176.280000,71217593,174.900000,176.650000,176.050000
14593,03783310,AAPL,7,2022-02-10,172.120000,90764833,171.550000,175.480000,174.140000
14593,03783310,AAPL,7,2022-02-11,168.640000,98631188,168.040000,173.080000,172.330000
14593,03783310,AAPL,7,2022-02-14,168.880000,86100262,166.560000,169.580000,167.370000
14593,03783310,AAPL,7,2022-02-15,172.790000,64203708,170.250000,172.950000,170.970000
14593,03783310,AAPL,7,2022-02-16,172.550000,61121390,170.050000,173.340000,171.850000
14593,03783310,AAPL,7,2022-02-17,168.880000,69547350,168.470000,171.910000,171.030000
14593,03783310,AAPL,7,2022-02-18,167.300000,82898855,166.190000,170.541300,169.820000
14593,03783310,AAPL,7,2022-02-22,164.320000,91149364,162.150000,166.690000,164.980000
14593,03783310,AAPL,7,2022-02-23,160.070000,89927774,159.750000,166.150000,165.540000
14593,03783310,AAPL,7,2022-02-24,162.740000,140983936,152.000000,162.850000,152.580000
14593,03783310,AAPL,7,2022-02-25,164.850000,91860115,160.873800,165.120000,163.840000
14593,03783310,AAPL,7,2022-02-28,165.120000,81954599,162.430000,165.420000,163.060000
14593,03783310,AAPL,7,2022-03-01,163.200000,83253507,161.970000,166.600000,164.695000
14593,03783310,AAPL,7,2022-03-02,166.560000,79671413,162.950000,167.360000,164.390000
14593,03783310,AAPL,7,2022-03-03,166.230000,76630775,165.550000,168.910000,168.470000
14593,03783310,AAPL,7,2022-03-04,163.170000,83775499,162.100000,165.550000,164.490000
14593,03783310,AAPL,7,2022-03-07,159.300000,96323721,159.040000,165.020000,163.360000
14593,03783310,AAPL,7,2022-03-08,157.440000,131089484,155.800000,162.880000,158.820000
14593,03783310,AAPL,7,2022-03-09,162.950000,91402342,159.410000,163.410000,161.475000
14593,03783310,AAPL,7,2022-03-10,158.520000,105411877,155.980000,160.390000,160.200000
14593,03783310,AAPL,7,2022-03-11,154.730000,96838261,154.500000,159.280000,158.930000
14593,03783310,AAPL,7,2022-03-14,150.620000,108593830,150.100000,154.120000,151.450000
14593,03783310,AAPL,7,2022-03-15,155.090000,92856471,150.380000,155.570000,150.900000
14593,03783310,AAPL,7,2022-03-16,159.590000,102181908,154.460000,160.000000,157.050000
14593,03783310,AAPL,7,2022-03-17,160.620000,75544632,157.630000,161.000000,158.610000
14593,03783310,AAPL,7,2022-03-18,163.980000,124219966,159.760000,164.480000,160.510000
14593,03783310,AAPL,7,2022-03-21,165.380000,95766590,163.015000,166.350000,163.510000
14593,03783310,AAPL,7,2022-03-22,168.820000,81478947,164.910000,169.420000,165.510000
14593,03783310,AAPL,7,2022-03-23,170.210000,97978020,167.650000,172.640000,167.990000
14593,03783310,AAPL,7,2022-03-24,174.070000,90042876,170.210000,174.140000,171.060000
14593,03783310,AAPL,7,2022-03-25,174.720000,80423449,172.750000,175.280000,173.880000
14593,03783310,AAPL,7,2022-03-28,175.600000,90285474,172.000000,175.730000,172.170000
14593,03783310,AAPL,7,2022-03-29,178.960000,100628265,176.340000,179.010000,176.690000
14593,03783310,AAPL,7,2022-03-30,177.770000,91554187,176.700000,179.610000,178.550000
14593,03783310,AAPL,7,2022-03-31,174.610000,102937700,174.400000,178.030000,177.840000
14593,03783310,AAPL,7,2022-04-01,174.310000,78686028,171.940000,174.880000,174.030000
14593,03783310,AAPL,7,2022-04-04,178.440000,76489180,174.440000,178.490000,174.570000
14593,03783310,AAPL,7,2022-04-05,175.060000,73320694,174.415000,178.300000,177.500000
14593,03783310,AAPL,7,2022-04-06,171.830000,88984207,170.130000,173.630000,172.360000
14593,03783310,AAPL,7,2022-04-07,172.140000,77588799,169.850000,173.360000,171.160000
14593,03783310,AAPL,7,2022-04-08,170.090000,76506050,169.200000,171.780000,171.780000
14593,03783310,AAPL,7,2022-04-11,165.750000,72179947,165.500000,169.030000,168.710000
14593,03783310,AAPL,7,2022-04-12,167.660000,79232266,166.640000,169.870000,168.020000
14593,03783310,AAPL,7,2022-04-13,170.400000,70544950,166.770000,171.040000,167.390000
14593,03783310,AAPL,7,2022-04-14,165.290000,75345634,165.040000,171.270000,170.620000
14593,03783310,AAPL,7,2022-04-18,165.070000,68976278,163.570000,166.598400,163.920000
14593,03783310,AAPL,7,2022-04-19,167.400000,67643381,163.910000,167.820000,165.020000
14593,03783310,AAPL,7,2022-04-20,167.230000,67855131,166.100000,168.880000,168.760000
14593,03783310,AAPL,7,2022-04-21,166.420000,87148299,165.910000,171.530000,168.910000
14593,03783310,AAPL,7,2022-04-22,161.790000,84692767,161.500000,167.869900,166.460000
14593,03783310,AAPL,7,2022-04-25,162.880000,95931478,158.460000,163.170000,161.120000
14593,03783310,AAPL,7,2022-04-26,156.800000,95537097,156.720000,162.340000,162.250000
14593,03783310,AAPL,7,2022-04-27,156.570000,87976300,155.380000,159.790000,155.910000
14593,03783310,AAPL,7,2022-04-28,163.640000,129963420,158.930000,164.515000,159.250000
14593,03783310,AAPL,7,2022-04-29,157.650000,131513345,157.250000,166.200000,161.840000
14593,03783310,AAPL,7,2022-05-02,157.960000,123276849,153.270000,158.230000,156.710000
14593,03783310,AAPL,7,2022-05-03,159.480000,88921522,156.320000,160.710000,158.150000
14593,03783310,AAPL,7,2022-05-04,166.020000,108101297,159.260000,166.480000,159.670000
14593,03783310,AAPL,7,2022-05-05,156.770000,130334343,154.950000,164.080000,163.850000
14593,03783310,AAPL,7,2022-05-06,157.280000,116086870,154.180000,159.440000,156.010000
14593,03783310,AAPL,7,2022-05-09,152.060000,131477073,151.490000,155.830000,154.925000
14593,03783310,AAPL,7,2022-05-10,154.510000,115274358,152.930000,156.740000,155.520000
14593,03783310,AAPL,7,2022-05-11,146.500000,143047718,145.810000,155.450000,153.500000
14593,03783310,AAPL,7,2022-05-12,142.560000,182271974,138.800000,146.200000,142.770000
14593,03783310,AAPL,7,2022-05-13,147.110000,113893068,143.110000,148.105000,144.590000
14593,03783310,AAPL,7,2022-05-16,145.540000,86589931,144.180000,147.519900,145.550000
14593,03783310,AAPL,7,2022-05-17,149.240000,78247056,146.680000,149.770000,148.860000
14593,03783310,AAPL,7,2022-05-18,140.820000,109645289,139.900000,147.360100,146.850000
14593,03783310,AAPL,7,2022-05-19,137.350000,135993877,136.600000,141.660000,139.880000
14593,03783310,AAPL,7,2022-05-20,137.590000,137305862,132.610000,140.700000,139.090000
14593,03783310,AAPL,7,2022-05-23,143.110000,117651275,137.650000,143.260000,137.790000
14593,03783310,AAPL,7,2022-05-24,140.360000,104066288,137.330000,141.970000,140.805000
14593,03783310,AAPL,7,2022-05-25,140.520000,92421891,138.340000,141.785000,138.430000
14593,03783310,AAPL,7,2022-05-26,143.780000,90488205,137.140000,144.340000,137.390000
14593,03783310,AAPL,7,2022-05-27,149.640000,91281216,145.260000,149.680000,145.390000
14593,03783310,AAPL,7,2022-05-31,148.840000,103630655,146.840000,150.660000,149.070000
14593,03783310,AAPL,7,2022-06-01,148.710000,74218422,147.680000,151.740000,149.900000
14593,03783310,AAPL,7,2022-06-02,151.210000,72281226,146.860000,151.270000,147.830000
14593,03783310,AAPL,7,2022-06-03,145.380000,88480440,144.460000,147.970000,146.900000
14593,03783310,AAPL,7,2022-06-06,146.140000,81886348,144.900000,148.568900,147.030000
14593,03783310,AAPL,7,2022-06-07,148.710000,67764304,144.100000,149.000000,144.345000
14593,03783310,AAPL,7,2022-06-08,147.960000,53922596,147.460000,149.869700,148.580000
14593,03783310,AAPL,7,2022-06-09,142.640000,69409964,142.530000,147.950000,147.080000
14593,03783310,AAPL,7,2022-06-10,137.130000,91519069,137.060000,140.760000,140.280000
14593,03783310,AAPL,7,2022-06-13,131.880000,122119336,131.440000,135.200000,132.870000
14593,03783310,AAPL,7,2022-06-14,132.760000,84712677,131.480000,133.890000,133.130000
14593,03783310,AAPL,7,2022-06-15,135.430000,91439362,132.160000,137.340000,134.290000
14593,03783310,AAPL,7,2022-06-16,130.060000,110623350,129.040000,132.390000,132.080000
14593,03783310,AAPL,7,2022-06-17,131.560000,134393226,129.810000,133.079000,130.065000
14593,03783310,AAPL,7,2022-06-21,135.870000,80937316,133.320000,137.060000,133.420000
14593,03783310,AAPL,7,2022-06-22,135.350000,73872881,133.910000,137.760000,134.790000
14593,03783310,AAPL,7,2022-06-23,138.270000,72361112,135.630000,138.590000,136.820000
14593,03783310,AAPL,7,2022-06-24,141.660000,89363000,139.770000,141.910000,139.900000
14593,03783310,AAPL,7,2022-06-27,141.660000,73277838,140.965000,143.490000,142.695000
14593,03783310,AAPL,7,2022-06-28,137.440000,67247929,137.325000,143.422000,142.130000
14593,03783310,AAPL,7,2022-06-29,139.230000,66190755,136.670000,140.670000,137.460000
14593,03783310,AAPL,7,2022-06-30,136.720000,98896516,133.773700,138.370000,137.250000
14593,03783310,AAPL,7,2022-07-01,138.930000,70988509,135.660000,139.040000,136.040000
14593,03783310,AAPL,7,2022-07-05,141.560000,73373342,136.930000,141.610000,137.770000
14593,03783310,AAPL,7,2022-07-06,142.920000,73997245,141.080000,144.120000,141.355000
14593,03783310,AAPL,7,2022-07-07,146.350000,66153835,143.280000,146.550000,143.290000
14593,03783310,AAPL,7,2022-07-08,147.040000,64494905,145.000000,147.550000,145.265000
14593,03783310,AAPL,7,2022-07-11,144.870000,63275136,143.780000,146.640000,145.670000
14593,03783310,AAPL,7,2022-07-12,145.860000,77523291,145.050000,148.450000,145.760000
14593,03783310,AAPL,7,2022-07-13,145.490000,71446967,142.120100,146.450000,142.990000
14593,03783310,AAPL,7,2022-07-14,148.470000,78082334,143.250000,148.950000,144.080000
14593,03783310,AAPL,7,2022-07-15,150.170000,76365566,148.200000,150.860000,149.780000
14593,03783310,AAPL,7,2022-07-18,147.070000,81355567,146.700000,151.570000,150.740000
14593,03783310,AAPL,7,2022-07-19,151.000000,82864594,146.910000,151.230000,147.920000
14593,03783310,AAPL,7,2022-07-20,153.040000,64750969,150.370000,153.720000,151.120000
14593,03783310,AAPL,7,2022-07-21,155.350000,65031842,151.940000,155.570000,154.500000
14593,03783310,AAPL,7,2022-07-22,154.090000,67019143,153.410000,156.280000,155.390000
14593,03783310,AAPL,7,2022-07-25,152.950000,53573505,152.280000,155.040000,154.010000
14593,03783310,AAPL,7,2022-07-26,151.600000,55072932,150.800000,153.085000,152.265000
14593,03783310,AAPL,7,2022-07-27,156.790000,78570897,152.160000,157.330000,152.580000
14593,03783310,AAPL,7,2022-07-28,157.350000,81315003,154.410000,157.640000,156.980000
14593,03783310,AAPL,7,2022-07-29,162.510000,101715994,159.500000,163.630000,161.240000
14593,03783310,AAPL,7,2022-08-01,161.510000,67732635,160.890000,163.590000,161.010000
14593,03783310,AAPL,7,2022-08-02,160.010000,59883537,159.630000,162.410000,160.100000
14593,03783310,AAPL,7,2022-08-03,166.130000,82430811,160.750000,166.590000,160.840000
14593,03783310,AAPL,7,2022-08-04,165.810000,55426801,164.430000,167.190000,166.005000
14593,03783310,AAPL,7,2022-08-05,165.350000,56640148,163.000000,165.850000,163.210000
14593,03783310,AAPL,7,2022-08-08,164.870000,60300410,164.200000,167.810000,166.370000
14593,03783310,AAPL,7,2022-08-09,164.920000,63039865,163.250000,165.820000,164.020000
14593,03783310,AAPL,7,2022-08-10,169.240000,70124555,166.900000,169.340000,167.680000
14593,03783310,AAPL,7,2022-08-11,168.490000,57101706,168.190000,170.990000,170.060000
14593,03783310,AAPL,7,2022-08-12,172.100000,67977348,169.400000,172.170000,169.820000
14593,03783310,AAPL,7,2022-08-15,173.190000,54009353,171.345000,173.390000,171.520000
14593,03783310,AAPL,7,2022-08-16,173.030000,56307103,171.661800,173.710000,172.780000
14593,03783310,AAPL,7,2022-08-17,174.550000,79455081,172.570000,176.150000,172.770000
14593,03783310,AAPL,7,2022-08-18,174.150000,62216417,173.120000,174.900000,173.750000
14593,03783310,AAPL,7,2022-08-19,171.520000,70284760,171.310100,173.740000,173.030000
14593,03783310,AAPL,7,2022-08-22,167.570000,68797475,167.135000,169.860000,169.690000
14593,03783310,AAPL,7,2022-08-23,167.230000,54061645,166.650000,168.710000,167.080000
14593,03783310,AAPL,7,2022-08-24,167.530000,53883534,166.245000,168.110000,167.320000
14593,03783310,AAPL,7,2022-08-25,170.030000,51150968,168.350000,170.140000,168.780000
14593,03783310,AAPL,7,2022-08-26,163.620000,78872734,163.560000,171.050000,170.570000
14593,03783310,AAPL,7,2022-08-29,161.380000,73195139,159.820000,162.900000,161.145000
14593,03783310,AAPL,7,2022-08-30,158.910000,77860844,157.720000,162.560000,162.130000
14593,03783310,AAPL,7,2022-08-31,157.220000,87878997,157.140000,160.580000,160.305000
14593,03783310,AAPL,7,2022-09-01,157.960000,74168332,154.670000,158.420000,156.640000
14593,03783310,AAPL,7,2022-09-02,155.810000,76958353,154.965000,160.362000,159.750000
14593,03783310,AAPL,7,2022-09-06,154.530000,73799755,153.690000,157.090000,156.470000
14593,03783310,AAPL,7,2022-09-07,155.960000,87352275,153.610000,156.670000,154.825000
14593,03783310,AAPL,7,2022-09-08,154.460000,84848719,152.680000,156.360000,154.640000
14593,03783310,AAPL,7,2022-09-09,157.370000,67969274,154.750000,157.820000,155.470000
14593,03783310,AAPL,7,2022-09-12,163.430000,104720500,159.300000,164.260000,159.590000
14593,03783310,AAPL,7,2022-09-13,153.840000,122512176,153.370000,160.540000,159.900000
14593,03783310,AAPL,7,2022-09-14,155.310000,87787402,153.610600,157.100000,154.785000
14593,03783310,AAPL,7,2022-09-15,152.370000,90366955,151.380000,155.240000,154.650000
14593,03783310,AAPL,7,2022-09-16,150.700000,164706609,148.370000,151.350000,151.210000
14593,03783310,AAPL,7,2022-09-19,154.480000,81395534,149.100000,154.560000,149.310000
14593,03783310,AAPL,7,2022-09-20,156.900000,107551265,153.080000,158.080000,153.400000
14593,03783310,AAPL,7,2022-09-21,153.720000,101576308,153.600000,158.740000,157.340000
14593,03783310,AAPL,7,2022-09-22,152.740000,86586249,150.910000,154.470000,152.380000
14593,03783310,AAPL,7,2022-09-23,150.430000,95956701,148.560000,151.470000,151.190000
14593,03783310,AAPL,7,2022-09-26,150.770000,93261935,149.640000,153.770100,149.660000
14593,03783310,AAPL,7,2022-09-27,151.760000,84356507,149.945000,154.720000,152.740000
14593,03783310,AAPL,7,2022-09-28,149.840000,146728308,144.840000,150.641400,147.640000
14593,03783310,AAPL,7,2022-09-29,142.480000,127950013,140.680000,146.720000,146.100000
14593,03783310,AAPL,7,2022-09-30,138.200000,124767407,138.000000,143.100000,141.280000
14593,03783310,AAPL,7,2022-10-03,142.450000,114191028,137.685000,143.070000,138.210000
14593,03783310,AAPL,7,2022-10-04,146.100000,88171071,144.260000,146.220000,145.030000
14593,03783310,AAPL,7,2022-10-05,146.400000,79321553,143.010000,147.380000,144.075000
14593,03783310,AAPL,7,2022-10-06,145.430000,68341999,145.220000,147.540000,145.810000
14593,03783310,AAPL,7,2022-10-07,140.090000,85849308,139.445000,143.100000,142.540000
14593,03783310,AAPL,7,2022-10-10,140.420000,74802863,138.572900,141.890000,140.420000
14593,03783310,AAPL,7,2022-10-11,138.980000,76919340,138.220000,141.350000,139.900000
14593,03783310,AAPL,7,2022-10-12,138.340000,70405476,138.160000,140.360000,139.130000
14593,03783310,AAPL,7,2022-10-13,142.990000,113057116,134.370000,143.590000,134.990000
14593,03783310,AAPL,7,2022-10-14,138.380000,88550087,138.190000,144.520000,144.310000
14593,03783310,AAPL,7,2022-10-17,142.410000,85143358,140.270000,142.900000,141.065000
14593,03783310,AAPL,7,2022-10-18,143.750000,98997042,140.610000,146.700000,145.490000
14593,03783310,AAPL,7,2022-10-19,143.860000,61736177,141.500000,144.949200,141.690000
14593,03783310,AAPL,7,2022-10-20,143.390000,64461110,142.650000,145.890000,143.020000
14593,03783310,AAPL,7,2022-10-21,147.270000,86480961,142.649000,147.847900,142.870000
14593,03783310,AAPL,7,2022-10-24,149.450000,75897030,146.000000,150.230000,147.185000
14593,03783310,AAPL,7,2022-10-25,152.340000,74647574,149.360000,152.490000,150.090000
14593,03783310,AAPL,7,2022-10-26,149.350000,88303418,148.040000,151.990000,150.960000
14593,03783310,AAPL,7,2022-10-27,144.800000,109030747,144.130000,149.046000,148.070000
14593,03783310,AAPL,7,2022-10-28,155.740000,164521288,147.820000,157.500000,148.200000
14593,03783310,AAPL,7,2022-10-31,153.340000,97794140,151.920000,154.240000,153.155000
14593,03783310,AAPL,7,2022-11-01,150.650000,80208002,149.130000,155.450000,155.080000
14593,03783310,AAPL,7,2022-11-02,145.030000,93480964,145.000000,152.170000,148.945000
14593,03783310,AAPL,7,2022-11-03,138.880000,97831706,138.750000,142.800000,142.060000
14593,03783310,AAPL,7,2022-11-04,138.380000,140641204,134.380000,142.670000,142.090000
14593,03783310,AAPL,7,2022-11-07,138.920000,83263048,135.671000,139.145000,137.110000
14593,03783310,AAPL,7,2022-11-08,139.500000,90346407,137.490000,141.430000,140.410000
14593,03783310,AAPL,7,2022-11-09,134.870000,74872441,134.593300,138.550000,138.500000
14593,03783310,AAPL,7,2022-11-10,146.870000,118829416,139.500000,146.870000,141.240000
14593,03783310,AAPL,7,2022-11-11,149.700000,93811745,144.370000,150.010000,145.820000
14593,03783310,AAPL,7,2022-11-14,148.280000,73289619,147.430000,150.280000,148.970000
14593,03783310,AAPL,7,2022-11-15,150.040000,89743294,148.561300,153.590000,152.215000
14593,03783310,AAPL,7,2022-11-16,148.790000,64171162,147.290000,149.870000,149.130000
14593,03783310,AAPL,7,2022-11-17,150.720000,80353102,146.150000,151.480000,146.430000
14593,03783310,AAPL,7,2022-11-18,151.290000,74784244,149.970000,152.700000,152.305000
14593,03783310,AAPL,7,2022-11-21,148.010000,58666564,147.715000,150.370000,150.160000
14593,03783310,AAPL,7,2022-11-22,150.180000,51758958,146.925000,150.420000,148.130000
14593,03783310,AAPL,7,2022-11-23,151.070000,58266962,149.340000,151.830000,149.450000
14593,03783310,AAPL,7,2022-11-25,148.110000,35164869,147.120000,148.880000,148.305000
14593,03783310,AAPL,7,2022-11-28,144.220000,69323099,143.380000,146.640000,145.140000
14593,03783310,AAPL,7,2022-11-29,141.170000,83619373,140.355000,144.810000,144.290000
14593,03783310,AAPL,7,2022-11-30,148.030000,111652809,140.550000,148.720000,141.395000
14593,03783310,AAPL,7,2022-12-01,148.310000,71177750,146.610000,149.130000,148.210000
14593,03783310,AAPL,7,2022-12-02,147.810000,65462680,145.650000,148.000000,145.960000
14593,03783310,AAPL,7,2022-12-05,146.630000,68761776,145.770000,150.919900,147.770000
14593,03783310,AAPL,7,2022-12-06,142.910000,64594488,141.920000,147.300000,147.075000
14593,03783310,AAPL,7,2022-12-07,140.940000,69605189,140.000000,143.370000,142.190000
14593,03783310,AAPL,7,2022-12-08,142.650000,62079882,141.100000,143.520000,142.360000
14593,03783310,AAPL,7,2022-12-09,142.160000,76013252,140.900000,145.570000,142.340000
14593,03783310,AAPL,7,2022-12-12,144.490000,70318843,141.060000,144.500000,142.700000
14593,03783310,AAPL,7,2022-12-13,145.470000,93793305,144.240000,149.969200,149.500000
14593,03783310,AAPL,7,2022-12-14,143.210000,82411409,141.160000,146.655000,145.350000
14593,03783310,AAPL,7,2022-12-15,136.500000,98851514,136.025000,141.800000,141.110000
14593,03783310,AAPL,7,2022-12-16,134.510000,160031047,133.730000,137.650000,136.685000
14593,03783310,AAPL,7,2022-12-19,132.370000,79511831,131.320000,135.200000,135.110000
14593,03783310,AAPL,7,2022-12-20,132.300000,77621422,129.890000,133.250000,131.390000
14593,03783310,AAPL,7,2022-12-21,135.450000,85867332,132.750000,136.810000,132.980000
14593,03783310,AAPL,7,2022-12-22,132.230000,77913653,130.300000,134.560000,134.352000
14593,03783310,AAPL,7,2022-12-23,131.860000,63774202,129.640000,132.415000,130.920000
14593,03783310,AAPL,7,2022-12-27,130.030000,68945851,128.720000,131.410000,131.380000
14593,03783310,AAPL,7,2022-12-28,126.040000,85375557,125.870000,131.027500,129.670000
14593,03783310,AAPL,7,2022-12-29,129.610000,75528589,127.730000,130.481400,127.990000
14593,03783310,AAPL,7,2022-12-30,129.930000,76988230,127.430000,129.950000,128.410000
14593,03783310,AAPL,7,2023-01-03,125.070000,111953221,124.170000,130.900000,130.280000
14593,03783310,AAPL,7,2023-01-04,126.360000,89022192,125.080000,128.655700,126.890000
14593,03783310,AAPL,7,2023-01-05,125.020000,81128113,124.760000,127.770000,127.130000
14593,03783310,AAPL,7,2023-01-06,129.620000,87654520,124.890000,130.290000,126.010000
14593,03783310,AAPL,7,2023-01-09,130.150000,70700396,129.890000,133.410000,130.465000
14593,03783310,AAPL,7,2023-01-10,130.730000,63845570,128.120000,131.263600,130.260000
14593,03783310,AAPL,7,2023-01-11,133.490000,69388116,130.460000,133.510000,131.250000
14593,03783310,AAPL,7,2023-01-12,133.410000,71324264,131.440000,134.260000,133.880000
14593,03783310,AAPL,7,2023-01-13,134.760000,57763869,131.660000,134.920000,132.030000
14593,03783310,AAPL,7,2023-01-17,135.940000,63532797,134.130000,137.290000,134.830000
14593,03783310,AAPL,7,2023-01-18,135.210000,69619034,135.030000,138.610000,136.815000
14593,03783310,AAPL,7,2023-01-19,135.270000,58233405,133.770000,136.250000,134.080000
14593,03783310,AAPL,7,2023-01-20,137.870000,80146196,134.220000,138.020000,135.280000
14593,03783310,AAPL,7,2023-01-23,141.110000,81645640,137.900000,143.315000,138.120000
14593,03783310,AAPL,7,2023-01-24,142.530000,66392587,140.300000,143.160000,140.305000
14593,03783310,AAPL,7,2023-01-25,141.860000,65749083,138.810000,142.430000,140.890000
14593,03783310,AAPL,7,2023-01-26,143.960000,54016754,141.900000,144.250000,143.170000
14593,03783310,AAPL,7,2023-01-27,145.930000,70442814,143.080000,147.230000,143.155000
14593,03783310,AAPL,7,2023-01-30,143.000000,63959443,142.850000,145.550000,144.955000
14593,03783310,AAPL,7,2023-01-31,144.290000,65809893,142.280000,144.340000,142.700000
14593,03783310,AAPL,7,2023-02-01,145.430000,77597193,141.320000,146.610000,143.970000
14593,03783310,AAPL,7,2023-02-02,150.820000,118121857,148.170000,151.180000,148.900000
14593,03783310,AAPL,7,2023-02-03,154.500000,154029054,147.830000,157.380000,148.030000
14593,03783310,AAPL,7,2023-02-06,151.730000,69844537,150.780000,153.100000,152.575000
14593,03783310,AAPL,7,2023-02-07,154.650000,83252504,150.640000,155.230000,150.640000
14593,03783310,AAPL,7,2023-02-08,151.920000,64101046,151.168000,154.580000,153.880000
14593,03783310,AAPL,7,2023-02-09,150.870000,55951289,150.420000,154.330000,153.775000
14593,03783310,AAPL,7,2023-02-10,151.010000,57512746,149.220000,151.340100,149.460000
14593,03783310,AAPL,7,2023-02-13,153.850000,62097179,150.920000,154.260000,150.952000
14593,03783310,AAPL,7,2023-02-14,153.200000,61665183,150.860000,153.770000,152.120000
14593,03783310,AAPL,7,2023-02-15,155.330000,65611726,152.880000,155.500000,153.110000
14593,03783310,AAPL,7,2023-02-16,153.710000,68101396,153.347500,156.330000,153.510000
14593,03783310,AAPL,7,2023-02-17,152.550000,59122868,150.850000,153.000000,152.350000
14593,03783310,AAPL,7,2023-02-21,148.480000,64658637,148.405000,151.300000,150.200000
14593,03783310,AAPL,7,2023-02-22,148.910000,51062107,147.160000,149.950000,148.870000
14593,03783310,AAPL,7,2023-02-23,149.400000,48313958,147.240000,150.340000,150.090000
14593,03783310,AAPL,7,2023-02-24,146.710000,55422000,145.720200,147.190000,147.110000
14593,03783310,AAPL,7,2023-02-27,147.920000,44971573,147.450000,149.170000,147.710000
14593,03783310,AAPL,7,2023-02-28,147.410000,50500071,146.830000,149.080000,147.050000
14593,03783310,AAPL,7,2023-03-01,145.310000,55362416,145.010000,147.228500,146.830000
14593,03783310,AAPL,7,2023-03-02,145.910000,52203184,143.900000,146.710000,144.380000
14593,03783310,AAPL,7,2023-03-03,151.030000,70657336,147.330000,151.110000,148.045000
14593,03783310,AAPL,7,2023-03-06,153.830000,87408056,153.460000,156.300000,153.785000
14593,03783310,AAPL,7,2023-03-07,151.600000,56106595,151.130000,154.029900,153.700000
14593,03783310,AAPL,7,2023-03-08,152.870000,47130186,151.830000,153.470000,152.810000
14593,03783310,AAPL,7,2023-03-09,150.590000,53784564,150.225000,154.535000,153.559000
14593,03783310,AAPL,7,2023-03-10,148.500000,68503603,147.609600,150.940000,150.210000
14593,03783310,AAPL,7,2023-03-13,150.470000,84356897,147.700000,153.140000,147.805000
14593,03783310,AAPL,7,2023-03-14,152.590000,73605111,150.100000,153.400000,151.280000
14593,03783310,AAPL,7,2023-03-15,152.990000,77069387,149.920000,153.245000,151.190000
14593,03783310,AAPL,7,2023-03-16,155.850000,76132376,151.640000,156.460000,152.160000
14593,03783310,AAPL,7,2023-03-17,155.000000,98767284,154.280000,156.740000,156.080000
14593,03783310,AAPL,7,2023-03-20,157.400000,73553685,154.150000,157.820000,155.070000
14593,03783310,AAPL,7,2023-03-21,159.280000,73734393,156.540000,159.400000,157.320000
14593,03783310,AAPL,7,2023-03-22,157.830000,75564534,157.810000,162.140000,159.300000
14593,03783310,AAPL,7,2023-03-23,158.930000,68403605,157.680000,161.550100,158.830000
14593,03783310,AAPL,7,2023-03-24,160.250000,59412132,157.850000,160.340000,158.860000
14593,03783310,AAPL,7,2023-03-27,158.280000,52352677,157.870000,160.770000,159.940000
14593,03783310,AAPL,7,2023-03-28,157.650000,45899773,155.980000,158.490000,157.970000
14593,03783310,AAPL,7,2023-03-29,160.770000,51238677,159.350000,161.050000,159.370000
14593,03783310,AAPL,7,2023-03-30,162.360000,49371032,161.271000,162.470000,161.530000
14593,03783310,AAPL,7,2023-03-31,164.900000,68668675,161.910000,165.000000,162.440000
14593,03783310,AAPL,7,2023-04-03,166.170000,56871179,164.220000,166.290000,164.270000
14593,03783310,AAPL,7,2023-04-04,165.630000,46236964,165.110000,166.840000,166.595000
14593,03783310,AAPL,7,2023-04-05,163.760000,51438373,161.800000,165.050000,164.740000
14593,03783310,AAPL,7,2023-04-06,164.660000,45322123,162.000000,164.958400,162.430000
14593,03783310,AAPL,7,2023-04-10,162.030000,47665360,160.080000,162.030000,161.420000
14593,03783310,AAPL,7,2023-04-11,160.800000,47580439,160.510000,162.360000,162.350000
14593,03783310,AAPL,7,2023-04-12,160.100000,50076865,159.780000,162.060000,161.220000
14593,03783310,AAPL,7,2023-04-13,165.560000,68370311,161.420000,165.800000,161.630000
14593,03783310,AAPL,7,2023-04-14,165.210000,49330134,163.820000,166.320000,164.590000
14593,03783310,AAPL,7,2023-04-17,165.230000,41457771,164.030000,165.390000,165.090000
14593,03783310,AAPL,7,2023-04-18,166.470000,49869377,165.650000,167.410000,166.100000
14593,03783310,AAPL,7,2023-04-19,167.630000,48671790,165.540000,168.160000,165.800000
14593,03783310,AAPL,7,2023-04-20,166.650000,52415335,165.560000,167.870000,166.090000
14593,03783310,AAPL,7,2023-04-21,165.020000,58331160,164.490000,166.452100,165.050000
14593,03783310,AAPL,7,2023-04-24,165.330000,41908798,163.890000,165.600000,165.000000
14593,03783310,AAPL,7,2023-04-25,163.770000,48644200,163.730000,166.305000,165.190000
14593,03783310,AAPL,7,2023-04-26,163.760000,45395607,162.800000,165.280000,163.055000
14593,03783310,AAPL,7,2023-04-27,168.410000,64819133,165.190000,168.560000,165.190000
14593,03783310,AAPL,7,2023-04-28,169.680000,55205261,167.880100,169.850000,168.490000
14593,03783310,AAPL,7,2023-05-01,169.590000,52403153,168.640000,170.450000,169.280000
14593,03783310,AAPL,7,2023-05-02,168.540000,48369840,167.540000,170.350000,170.090000
14593,03783310,AAPL,7,2023-05-03,167.450000,65080645,167.160000,170.920000,169.500000
14593,03783310,AAPL,7,2023-05-04,165.790000,81141389,164.310000,167.040000,164.890000
14593,03783310,AAPL,7,2023-05-05,173.570000,113187883,170.760000,174.300000,170.975000
14593,03783310,AAPL,7,2023-05-08,173.500000,55858746,172.110000,173.850000,172.480000
14593,03783310,AAPL,7,2023-05-09,171.770000,45246781,171.600000,173.540000,173.050000
14593,03783310,AAPL,7,2023-05-10,173.555000,53649691,171.900000,174.030000,173.020000
14593,03783310,AAPL,7,2023-05-11,173.750000,49445230,172.170000,174.590000,173.850000
14593,03783310,AAPL,7,2023-05-12,172.570000,45485175,171.000000,174.060000,173.620000
14593,03783310,AAPL,7,2023-05-15,172.070000,37224505,171.470000,173.210000,173.160000
14593,03783310,AAPL,7,2023-05-16,172.070000,42037251,171.799100,173.138300,171.990000
14593,03783310,AAPL,7,2023-05-17,172.690000,58029117,170.420100,172.925000,171.710000
14593,03783310,AAPL,7,2023-05-18,175.050000,65401597,172.580000,175.240000,173.000000
14593,03783310,AAPL,7,2023-05-19,175.160000,55760319,174.940000,176.390000,176.390000
14593,03783310,AAPL,7,2023-05-22,174.200000,43589818,173.450000,174.710000,173.980000
14593,03783310,AAPL,7,2023-05-23,171.560000,50655668,171.275000,173.379400,173.130000
14593,03783310,AAPL,7,2023-05-24,171.840000,45073756,170.520000,172.418300,171.090000
14593,03783310,AAPL,7,2023-05-25,172.990000,56205198,171.690000,173.895000,172.410000
14593,03783310,AAPL,7,2023-05-26,175.430000,54734200,173.110000,175.770000,173.320000
14593,03783310,AAPL,7,2023-05-30,177.300000,55885562,176.570000,178.990000,176.960000
14593,03783310,AAPL,7,2023-05-31,177.250000,99479797,176.760000,179.350000,177.325000
14593,03783310,AAPL,7,2023-06-01,180.090000,68798028,176.930600,180.120000,177.700000
14593,03783310,AAPL,7,2023-06-02,180.950000,61931908,179.260000,181.780000,181.030000
14593,03783310,AAPL,7,2023-06-05,179.580000,121844863,178.035000,184.951000,182.630000
14593,03783310,AAPL,7,2023-06-06,179.210000,64804422,177.430000,180.120000,179.965000
14593,03783310,AAPL,7,2023-06-07,177.820000,61850364,177.320000,181.210000,178.440000
14593,03783310,AAPL,7,2023-06-08,180.570000,50769526,177.460000,180.840000,177.895000
14593,03783310,AAPL,7,2023-06-09,180.960000,48847894,180.630000,182.230000,181.500000
14593,03783310,AAPL,7,2023-06-12,183.790000,54705622,180.970000,183.890000,181.270000
14593,03783310,AAPL,7,2023-06-13,183.310000,54902866,182.440000,184.150000,182.800000
14593,03783310,AAPL,7,2023-06-14,183.950000,57358510,182.020000,184.390000,183.370000
14593,03783310,AAPL,7,2023-06-15,186.010000,65373859,183.780000,186.520000,183.960000
14593,03783310,AAPL,7,2023-06-16,184.920000,101127445,184.270000,186.990000,186.730000
14593,03783310,AAPL,7,2023-06-20,185.010000,49744906,184.410000,186.100000,184.410000
14593,03783310,AAPL,7,2023-06-21,183.960000,49424718,182.590100,185.410000,184.900000
14593,03783310,AAPL,7,2023-06-22,187.000000,51205505,183.670000,187.045000,183.740000
14593,03783310,AAPL,7,2023-06-23,186.680000,53017884,185.010000,187.560000,185.550000
14593,03783310,AAPL,7,2023-06-26,185.270000,48059837,185.230000,188.050000,186.830000
14593,03783310,AAPL,7,2023-06-27,188.060000,50714621,185.670000,188.390000,185.890000
14593,03783310,AAPL,7,2023-06-28,189.250000,51161040,187.600000,189.900000,187.930000
14593,03783310,AAPL,7,2023-06-29,189.590000,46294909,188.940000,190.070000,189.080000
14593,03783310,AAPL,7,2023-06-30,193.970000,85145179,191.260000,194.480000,191.630000
14593,03783310,AAPL,7,2023-07-03,192.460000,31422166,191.760000,193.880000,193.780000
14593,03783310,AAPL,7,2023-07-05,191.330000,46868822,190.620000,192.980000,191.565000
14593,03783310,AAPL,7,2023-07-06,191.810000,45110707,189.200000,192.020000,189.840000
14593,03783310,AAPL,7,2023-07-07,190.680000,46713157,190.240000,192.670000,191.410000
14593,03783310,AAPL,7,2023-07-10,188.610000,59803147,187.035000,189.990000,189.260000
14593,03783310,AAPL,7,2023-07-11,188.080000,46549985,186.600000,189.300000,189.160000
14593,03783310,AAPL,7,2023-07-12,189.770000,60658515,188.470000,191.700000,189.680000
14593,03783310,AAPL,7,2023-07-13,190.540000,41301641,189.780000,191.190000,190.500000
14593,03783310,AAPL,7,2023-07-14,190.690000,41571446,189.630000,191.179900,190.230000
14593,03783310,AAPL,7,2023-07-17,193.990000,50459073,191.810000,194.320000,191.900000
14593,03783310,AAPL,7,2023-07-18,193.730000,48435053,192.415000,194.330000,193.350000
14593,03783310,AAPL,7,2023-07-19,195.100000,80425785,192.650000,198.230000,193.100000
14593,03783310,AAPL,7,2023-07-20,193.130000,59520182,192.495000,196.470000,195.090000
14593,03783310,AAPL,7,2023-07-21,191.940000,71854669,191.230000,194.970000,194.100000
14593,03783310,AAPL,7,2023-07-24,192.750000,45467822,192.250000,194.910000,193.410000
14593,03783310,AAPL,7,2023-07-25,193.620000,37474782,192.915000,194.440000,193.330000
14593,03783310,AAPL,7,2023-07-26,194.500000,47485063,193.320000,195.640000,193.670000
14593,03783310,AAPL,7,2023-07-27,193.220000,47409782,192.550000,197.200000,196.020000
14593,03783310,AAPL,7,2023-07-28,195.830000,48249507,194.140000,196.626000,194.670000
14593,03783310,AAPL,7,2023-07-31,196.450000,38773974,195.260000,196.490000,196.060000
14593,03783310,AAPL,7,2023-08-01,195.605000,35253767,195.280000,196.730000,196.235000
14593,03783310,AAPL,7,2023-08-02,192.580000,50310333,191.850700,195.180000,195.040000
14593,03783310,AAPL,7,2023-08-03,191.170000,62150972,190.690000,192.370000,191.570000
14593,03783310,AAPL,7,2023-08-04,181.990000,115781153,181.920000,187.380000,185.520000
14593,03783310,AAPL,7,2023-08-07,178.850000,97398830,177.350000,183.130000,182.130000
14593,03783310,AAPL,7,2023-08-08,179.800000,67734128,177.580000,180.270000,179.690000
14593,03783310,AAPL,7,2023-08-09,178.190000,60281245,177.010000,180.930000,180.870000
14593,03783310,AAPL,7,2023-08-10,177.970000,54626478,177.600000,180.750000,179.480000
14593,03783310,AAPL,7,2023-08-11,177.790000,51963512,176.550000,178.620000,177.320000
14593,03783310,AAPL,7,2023-08-14,179.460000,43616165,177.305000,179.690000,177.970000
14593,03783310,AAPL,7,2023-08-15,177.450000,43561189,177.050000,179.480000,178.880000
14593,03783310,AAPL,7,2023-08-16,176.570000,46917768,176.500000,178.540000,177.130000
14593,03783310,AAPL,7,2023-08-17,174.000000,65996316,173.480000,177.505400,177.140000
14593,03783310,AAPL,7,2023-08-18,174.490000,60207626,171.960000,175.100000,172.300000
14593,03783310,AAPL,7,2023-08-21,175.840000,46262385,173.735000,176.130000,175.070000
14593,03783310,AAPL,7,2023-08-22,177.230000,42003055,176.250000,177.680000,177.060000
14593,03783310,AAPL,7,2023-08-23,181.120000,52653905,178.325000,181.550000,178.520000
14593,03783310,AAPL,7,2023-08-24,176.380000,54860660,176.010000,181.104000,180.674000
14593,03783310,AAPL,7,2023-08-25,178.610000,51398351,175.820000,179.150000,177.380000
14593,03783310,AAPL,7,2023-08-28,180.190000,43746567,178.545000,180.590000,180.090000
14593,03783310,AAPL,7,2023-08-29,184.120000,52900748,179.500000,184.900000,179.695000
14593,03783310,AAPL,7,2023-08-30,187.650000,60722925,184.740000,187.850000,184.940000
14593,03783310,AAPL,7,2023-08-31,187.870000,60621806,187.480000,189.120000,187.840000
14593,03783310,AAPL,7,2023-09-01,189.460000,45678978,188.280000,189.920000,189.485000
14593,03783310,AAPL,7,2023-09-05,189.700000,45209261,187.610000,189.980000,188.280000
14593,03783310,AAPL,7,2023-09-06,182.910000,81566974,181.470000,188.850000,188.400000
14593,03783310,AAPL,7,2023-09-07,177.560000,112228896,173.540000,178.210000,175.180000
14593,03783310,AAPL,7,2023-09-08,178.180000,65494876,177.790000,180.239000,178.350000
14593,03783310,AAPL,7,2023-09-11,179.360000,58866463,177.340000,180.300000,180.070000
14593,03783310,AAPL,7,2023-09-12,176.300000,90291514,174.820000,180.130000,179.490000
14593,03783310,AAPL,7,2023-09-13,174.210000,84103194,173.980000,177.300000,176.510000
14593,03783310,AAPL,7,2023-09-14,175.740000,61401285,173.580000,176.100000,174.000000
14593,03783310,AAPL,7,2023-09-15,175.010000,109122707,173.820000,176.495000,176.480000
14593,03783310,AAPL,7,2023-09-18,177.970000,67123628,176.170000,179.380000,176.480000
14593,03783310,AAPL,7,2023-09-19,179.070000,51752565,177.130000,179.630000,177.520000
14593,03783310,AAPL,7,2023-09-20,175.490000,58333398,175.400000,179.695000,179.260000
14593,03783310,AAPL,7,2023-09-21,173.930000,63397044,173.860000,176.300000,174.550000
14593,03783310,AAPL,7,2023-09-22,174.790000,56638740,174.050000,177.079000,174.670000
14593,03783310,AAPL,7,2023-09-25,176.080000,46157936,174.150000,176.970000,174.200000
14593,03783310,AAPL,7,2023-09-26,171.960000,64456311,171.660000,175.200000,174.820000
14593,03783310,AAPL,7,2023-09-27,170.430000,66823289,169.050000,173.040000,172.620000
14593,03783310,AAPL,7,2023-09-28,170.690000,56169916,167.620000,172.030000,169.340000
14593,03783310,AAPL,7,2023-09-29,171.210000,51786577,170.341000,173.070000,172.020000
14593,03783310,AAPL,7,2023-10-02,173.750000,52101655,170.930000,174.300000,171.220000
14593,03783310,AAPL,7,2023-10-03,172.400000,49531263,170.820000,173.630000,172.255000
14593,03783310,AAPL,7,2023-10-04,173.660000,52944126,170.970000,174.210000,171.090000
14593,03783310,AAPL,7,2023-10-05,174.910000,48477111,172.680000,175.450000,173.790000
14593,03783310,AAPL,7,2023-10-06,177.490000,57185103,173.180000,177.990000,173.800000
14593,03783310,AAPL,7,2023-10-09,178.990000,42395531,175.800000,179.050000,176.810000
14593,03783310,AAPL,7,2023-10-10,178.390000,43822429,177.950000,179.720000,178.100000
14593,03783310,AAPL,7,2023-10-11,179.800000,47498791,177.600000,179.850000,178.200000
14593,03783310,AAPL,7,2023-10-12,180.710000,56653449,179.040000,182.340000,180.070000
14593,03783310,AAPL,7,2023-10-13,178.850000,51374913,178.140000,181.930000,181.420000
14593,03783310,AAPL,7,2023-10-16,178.720000,52450624,176.510000,179.075000,176.750000
14593,03783310,AAPL,7,2023-10-17,177.150000,57469826,174.800000,178.420000,176.645000
14593,03783310,AAPL,7,2023-10-18,175.840000,54696866,175.110000,177.575000,175.580000
14593,03783310,AAPL,7,2023-10-19,175.460000,60311356,175.190000,177.840000,176.040000
14593,03783310,AAPL,7,2023-10-20,172.880000,64401776,172.640000,175.420000,175.310000
14593,03783310,AAPL,7,2023-10-23,173.000000,55912389,169.930000,174.010000,170.910000
14593,03783310,AAPL,7,2023-10-24,173.440000,43751776,171.450000,173.670000,173.050000
14593,03783310,AAPL,7,2023-10-25,171.100000,57085395,170.650000,173.060000,171.880000
14593,03783310,AAPL,7,2023-10-26,166.890000,70536316,165.670000,171.377500,170.370000
14593,03783310,AAPL,7,2023-10-27,168.220000,58406009,166.830000,168.960000,166.910000
14593,03783310,AAPL,7,2023-10-30,170.290000,51023067,168.870000,171.170000,169.020000
14593,03783310,AAPL,7,2023-10-31,170.770000,44809844,167.900000,170.900000,169.350000
14593,03783310,AAPL,7,2023-11-01,173.970000,56658327,170.120000,174.230000,171.000000
14593,03783310,AAPL,7,2023-11-02,177.570000,76616728,175.460000,177.780000,175.520000
14593,03783310,AAPL,7,2023-11-03,176.650000,79168962,173.350000,176.820000,174.240000
14593,03783310,AAPL,7,2023-11-06,179.230000,63590578,176.210000,179.430000,176.380000
14593,03783310,AAPL,7,2023-11-07,181.820000,69861888,178.970000,182.440000,179.180000
14593,03783310,AAPL,7,2023-11-08,182.890000,48874370,181.590000,183.450000,182.350000
14593,03783310,AAPL,7,2023-11-09,182.410000,53374294,181.810000,184.120000,182.960000
14593,03783310,AAPL,7,2023-11-10,186.400000,65658606,183.530000,186.565000,183.970000
14593,03783310,AAPL,7,2023-11-13,184.800000,43106228,184.210000,186.030000,185.820000
14593,03783310,AAPL,7,2023-11-14,187.440000,59397353,186.300000,188.110000,187.700000
14593,03783310,AAPL,7,2023-11-15,188.010000,54252092,187.780000,189.500000,187.845000
14593,03783310,AAPL,7,2023-11-16,189.710000,53739271,188.650000,190.960000,189.570000
14593,03783310,AAPL,7,2023-11-17,189.690000,50465193,188.570000,190.380000,190.250000
14593,03783310,AAPL,7,2023-11-20,191.450000,46120831,189.880000,191.905000,189.890000
14593,03783310,AAPL,7,2023-11-21,190.640000,37726804,189.740000,191.520000,191.410000
14593,03783310,AAPL,7,2023-11-22,191.310000,39158928,190.825000,192.930000,191.490000
14593,03783310,AAPL,7,2023-11-24,189.970000,23982288,189.250000,190.900000,190.870000
14593,03783310,AAPL,7,2023-11-27,189.790000,40023028,188.900000,190.670000,189.920000
14593,03783310,AAPL,7,2023-11-28,190.400000,37932389,189.400000,191.080000,189.780000
14593,03783310,AAPL,7,2023-11-29,189.370000,42556184,188.970000,192.090000,190.900000
14593,03783310,AAPL,7,2023-11-30,189.950000,48408184,188.190000,190.320000,189.840000
14593,03783310,AAPL,7,2023-12-01,191.240000,45184943,189.230000,191.560000,190.330000
14593,03783310,AAPL,7,2023-12-04,189.430000,42807827,187.451100,190.050000,189.980000
14593,03783310,AAPL,7,2023-12-05,193.420000,65774280,190.180000,194.400000,190.210000
14593,03783310,AAPL,7,2023-12-06,192.320000,40462908,192.110000,194.760000,194.450000
14593,03783310,AAPL,7,2023-12-07,194.270000,46950024,193.590000,195.000000,193.630000
14593,03783310,AAPL,7,2023-12-08,195.710000,52866421,193.670000,195.990000,194.200000
14593,03783310,AAPL,7,2023-12-11,193.180000,60209019,191.420000,193.490000,193.110000
14593,03783310,AAPL,7,2023-12-12,194.710000,51991385,191.721000,194.720000,193.080000
14593,03783310,AAPL,7,2023-12-13,197.960000,69834722,194.850000,198.000000,195.090000
14593,03783310,AAPL,7,2023-12-14,198.110000,66850673,196.160000,199.620000,198.020000
14593,03783310,AAPL,7,2023-12-15,197.570000,127416284,197.000000,198.399900,197.530000
14593,03783310,AAPL,7,2023-12-18,195.890000,55098711,194.390000,196.630000,196.090000
14593,03783310,AAPL,7,2023-12-19,196.940000,40229887,195.890000,196.950000,196.160000
14593,03783310,AAPL,7,2023-12-20,194.830000,51740699,194.830000,197.680000,196.900000
14593,03783310,AAPL,7,2023-12-21,194.680000,46086400,193.500000,197.080000,196.100000
14593,03783310,AAPL,7,2023-12-22,193.600000,36702455,192.970000,195.410000,195.180000
14593,03783310,AAPL,7,2023-12-26,193.050000,28541150,192.830000,193.890000,193.610000
14593,03783310,AAPL,7,2023-12-27,193.150000,47538658,191.090000,193.500000,192.490000
14593,03783310,AAPL,7,2023-12-28,193.580000,33691704,193.170000,194.660000,194.140000
14593,03783310,AAPL,7,2023-12-29,192.530000,42120662,191.725000,194.400000,193.900000
14593,03783310,AAPL,7,2024-01-02,185.640000,81752737,183.885000,188.440000,187.150000
14593,03783310,AAPL,7,2024-01-03,184.250000,58136569,183.430000,185.880000,184.220000
14593,03783310,AAPL,7,2024-01-04,181.910000,71280275,180.880000,183.087200,182.150000
14593,03783310,AAPL,7,2024-01-05,181.180000,62064040,180.170000,182.760000,181.990000
14593,03783310,AAPL,7,2024-01-08,185.560000,58748031,181.500000,185.600000,182.085000
14593,03783310,AAPL,7,2024-01-09,185.140000,42661129,182.730000,185.150000,183.920000
14593,03783310,AAPL,7,2024-01-10,186.190000,46552743,183.920000,186.400000,184.350000
14593,03783310,AAPL,7,2024-01-11,185.590000,48864529,183.620000,187.050000,186.540000
14593,03783310,AAPL,7,2024-01-12,185.920000,40351273,185.190000,186.740000,186.060000
14593,03783310,AAPL,7,2024-01-16,183.630000,65458029,180.934000,184.260000,182.160000
14593,03783310,AAPL,7,2024-01-17,182.680000,47092050,180.300000,182.930000,181.270000
14593,03783310,AAPL,7,2024-01-18,188.630000,77548114,185.830000,189.140000,186.090000
14593,03783310,AAPL,7,2024-01-19,191.560000,68570886,188.820000,191.950000,189.330000
14593,03783310,AAPL,7,2024-01-22,193.890000,59881026,192.260000,195.330000,192.300000
14593,03783310,AAPL,7,2024-01-23,195.180000,42079996,193.829900,195.750000,195.020000
14593,03783310,AAPL,7,2024-01-24,194.500000,53312311,194.340000,196.380000,195.420000
14593,03783310,AAPL,7,2024-01-25,194.170000,54347995,193.112500,196.267500,195.220000
14593,03783310,AAPL,7,2024-01-26,192.420000,44277670,191.940000,194.760000,194.270000
14593,03783310,AAPL,7,2024-01-29,191.730000,46863644,189.580000,192.200000,192.010000
14593,03783310,AAPL,7,2024-01-30,188.040000,55466305,187.470000,191.800000,190.940000
14593,03783310,AAPL,7,2024-01-31,184.400000,55250387,184.350000,187.095000,187.040000
14593,03783310,AAPL,7,2024-02-01,186.860000,63848003,183.820000,186.950000,183.985000
14593,03783310,AAPL,7,2024-02-02,185.850000,101668568,179.250000,187.330000,179.860000
14593,03783310,AAPL,7,2024-02-05,187.680000,68644349,185.840000,189.250000,188.150000
14593,03783310,AAPL,7,2024-02-06,189.300000,43168356,186.769500,189.310000,186.860000
14593,03783310,AAPL,7,2024-02-07,189.410000,52425169,188.610000,191.050000,190.640000
14593,03783310,AAPL,7,2024-02-08,188.320000,40543899,187.350000,189.535000,189.385000
14593,03783310,AAPL,7,2024-02-09,188.850000,44510858,188.000000,189.990000,188.650000
14593,03783310,AAPL,7,2024-02-12,187.150000,41277596,186.790000,188.670000,188.415000
14593,03783310,AAPL,7,2024-02-13,185.040000,56069701,183.512800,186.210000,185.770000
14593,03783310,AAPL,7,2024-02-14,184.150000,54139130,182.440000,185.530000,185.320000
14593,03783310,AAPL,7,2024-02-15,183.860000,64755044,181.350000,184.490000,183.550000
14593,03783310,AAPL,7,2024-02-16,182.310000,49866412,181.665000,184.850000,183.420000
14593,03783310,AAPL,7,2024-02-20,181.560000,53201807,180.000000,182.430000,181.790000
14593,03783310,AAPL,7,2024-02-21,182.320000,41135120,180.660000,182.888800,181.940000
14593,03783310,AAPL,7,2024-02-22,184.370000,51655137,182.460000,184.955000,183.480000
14593,03783310,AAPL,7,2024-02-23,182.520000,44657400,182.230000,185.040000,185.010000
14593,03783310,AAPL,7,2024-02-26,181.160000,40464653,180.650000,182.760000,182.240000
14593,03783310,AAPL,7,2024-02-27,182.630000,53722642,179.560000,183.922500,181.100000
14593,03783310,AAPL,7,2024-02-28,181.420000,48458064,180.130000,183.120000,182.510000
14593,03783310,AAPL,7,2024-02-29,180.750000,135428998,179.530000,182.570000,181.270000
14593,03783310,AAPL,7,2024-03-01,179.660000,72747269,177.380000,180.530000,179.550000
14593,03783310,AAPL,7,2024-03-04,175.100000,80724732,173.790000,176.900000,176.150000
14593,03783310,AAPL,7,2024-03-05,170.120000,94191875,169.620000,172.040000,170.760000
14593,03783310,AAPL,7,2024-03-06,169.120000,67653146,168.680000,171.240000,171.060000
14593,03783310,AAPL,7,2024-03-07,169.000000,70362028,168.490000,170.730000,169.150000
14593,03783310,AAPL,7,2024-03-08,170.730000,74863367,168.940000,173.700000,169.000000
14593,03783310,AAPL,7,2024-03-11,172.750000,59084259,172.050000,174.380000,172.940000
14593,03783310,AAPL,7,2024-03-12,173.230000,58713250,171.010000,174.030000,173.150000
14593,03783310,AAPL,7,2024-03-13,171.130000,51433531,170.760000,173.185000,172.770000
14593,03783310,AAPL,7,2024-03-14,173.000000,71480501,172.050000,174.307800,172.910000
14593,03783310,AAPL,7,2024-03-15,172.620000,120263495,170.285000,172.620000,171.170000
14593,03783310,AAPL,7,2024-03-18,173.720000,74219823,173.520000,177.710000,175.570000
14593,03783310,AAPL,7,2024-03-19,176.080000,54211960,173.030000,176.605000,174.340000
14593,03783310,AAPL,7,2024-03-20,178.670000,52596436,175.090000,178.670000,175.720000
14593,03783310,AAPL,7,2024-03-21,171.370000,104274564,170.840000,177.490000,177.050000
14593,03783310,AAPL,7,2024-03-22,172.280000,69703443,170.060000,173.050000,171.760000
14593,03783310,AAPL,7,2024-03-25,170.850000,53177826,169.450000,171.940000,170.565000
14593,03783310,AAPL,7,2024-03-26,169.710000,56296795,169.580000,171.420000,170.000000
14593,03783310,AAPL,7,2024-03-27,173.310000,59070464,170.110000,173.600000,170.410000
14593,03783310,AAPL,7,2024-03-28,171.480000,64474960,170.510000,172.230000,171.750000
14593,03783310,AAPL,7,2024-04-01,170.030000,45509534,169.475000,171.250000,171.190000
14593,03783310,AAPL,7,2024-04-02,168.840000,48815203,168.230200,169.340000,169.080000
14593,03783310,AAPL,7,2024-04-03,169.650000,46820649,168.580000,170.680000,168.790000
14593,03783310,AAPL,7,2024-04-04,168.820000,52753534,168.820000,171.920000,170.290000
14593,03783310,AAPL,7,2024-04-05,169.580000,41391973,168.950000,170.390000,169.590000
14593,03783310,AAPL,7,2024-04-08,168.450000,37093179,168.240000,169.200000,169.030000
14593,03783310,AAPL,7,2024-04-09,169.670000,41811920,168.350000,170.080000,168.700000
14593,03783310,AAPL,7,2024-04-10,167.780000,49272107,167.110000,169.090000,168.800000
14593,03783310,AAPL,7,2024-04-11,175.040000,89587514,168.160000,175.460000,168.340000
14593,03783310,AAPL,7,2024-04-12,176.550000,100511470,174.210000,178.360000,174.260000
14593,03783310,AAPL,7,2024-04-15,172.690000,72471802,172.500000,176.630000,175.360000
14593,03783310,AAPL,7,2024-04-16,169.380000,72451090,168.270000,173.760000,171.750000
14593,03783310,AAPL,7,2024-04-17,168.000000,50156406,168.000000,170.650000,169.610000
14593,03783310,AAPL,7,2024-04-18,167.040000,42706470,166.550000,168.640000,168.030000
14593,03783310,AAPL,7,2024-04-19,165.000000,66845466,164.075000,166.400000,166.210000
14593,03783310,AAPL,7,2024-04-22,165.840000,47434012,164.770000,167.260000,165.515000
14593,03783310,AAPL,7,2024-04-23,166.900000,48699631,164.920000,167.050000,165.350000
14593,03783310,AAPL,7,2024-04-24,169.020000,47513226,166.210000,169.300000,166.540000
14593,03783310,AAPL,7,2024-04-25,169.890000,49766518,168.151100,170.610000,169.525000
14593,03783310,AAPL,7,2024-04-26,169.300000,44023777,169.180000,171.340000,169.880000
14593,03783310,AAPL,7,2024-04-29,173.500000,66913206,173.100000,176.030000,173.370000
14593,03783310,AAPL,7,2024-04-30,170.330000,65045569,170.000000,174.990000,173.330000
14593,03783310,AAPL,7,2024-05-01,169.300000,49565300,169.110000,172.705000,169.580000
14593,03783310,AAPL,7,2024-05-02,173.030000,92355801,170.890000,173.415000,172.510000
14593,03783310,AAPL,7,2024-05-03,183.380000,160933944,182.660000,187.000000,186.645000
14593,03783310,AAPL,7,2024-05-06,181.710000,77188265,180.420000,184.200000,182.354000
14593,03783310,AAPL,7,2024-05-07,182.400000,76001539,181.320000,184.900000,183.450000
14593,03783310,AAPL,7,2024-05-08,182.740000,44238466,181.450000,183.070000,182.850000
14593,03783310,AAPL,7,2024-05-09,184.570000,48068127,182.110000,184.660000,182.560000
14593,03783310,AAPL,7,2024-05-10,183.050000,49853118,182.130000,185.090000,184.900000
14593,03783310,AAPL,7,2024-05-13,186.280000,70645579,184.620000,187.100000,185.435000
14593,03783310,AAPL,7,2024-05-14,187.430000,51423203,186.290000,188.300000,187.510000
14593,03783310,AAPL,7,2024-05-15,189.720000,69077287,187.370000,190.650000,187.910000
14593,03783310,AAPL,7,2024-05-16,189.840000,51839858,189.660100,191.095000,190.470000
14593,03783310,AAPL,7,2024-05-17,189.870000,40456720,189.180000,190.810000,189.510000
14593,03783310,AAPL,7,2024-05-20,191.040000,43906561,189.010000,191.919900,189.325000
14593,03783310,AAPL,7,2024-05-21,192.350000,41739170,190.920100,192.730000,191.090000
14593,03783310,AAPL,7,2024-05-22,190.900000,34264370,190.270000,192.823100,192.265000
14593,03783310,AAPL,7,2024-05-23,186.880000,50281306,186.625000,191.000000,190.980000
14593,03783310,AAPL,7,2024-05-24,189.980000,35824575,188.040400,190.580000,188.820000
14593,03783310,AAPL,7,2024-05-28,189.990000,51647543,189.100000,193.000000,191.510000
14593,03783310,AAPL,7,2024-05-29,190.290000,52408617,189.510000,192.247000,189.610000
14593,03783310,AAPL,7,2024-05-30,191.290000,49157183,190.630000,192.180000,190.760000
14593,03783310,AAPL,7,2024-05-31,192.250000,74471734,189.910000,192.570000,191.440000
14593,03783310,AAPL,7,2024-06-03,194.030000,49089276,192.520000,194.990000,192.900000
14593,03783310,AAPL,7,2024-06-04,194.350000,47316869,193.034200,195.320000,194.635000
14593,03783310,AAPL,7,2024-06-05,195.870000,53184858,194.870000,196.900000,195.400000
14593,03783310,AAPL,7,2024-06-06,194.480000,40344317,194.170000,196.500000,195.685000
14593,03783310,AAPL,7,2024-06-07,196.890000,52269263,194.140000,196.940000,194.650000
14593,03783310,AAPL,7,2024-06-10,193.120000,96067234,192.150000,197.300000,196.900000
14593,03783310,AAPL,7,2024-06-11,207.150000,169747405,193.630000,207.160000,193.650000
14593,03783310,AAPL,7,2024-06-12,213.070000,195115606,206.900000,220.200000,207.370000
14593,03783310,AAPL,7,2024-06-13,214.240000,95852076,211.600000,216.750000,214.740000
14593,03783310,AAPL,7,2024-06-14,212.490000,69020228,211.300000,215.170000,213.850000
14593,03783310,AAPL,7,2024-06-17,216.670000,91882658,212.720000,218.950000,213.370000
14593,03783310,AAPL,7,2024-06-18,214.290000,78557501,213.000000,218.630000,217.590000
14593,03783310,AAPL,7,2024-06-20,209.680000,84556823,208.850000,214.240000,213.930000
14593,03783310,AAPL,7,2024-06-21,207.490000,243850836,207.110000,211.890000,210.390000
14593,03783310,AAPL,7,2024-06-24,208.140000,79306648,206.590000,212.700000,207.720000
14593,03783310,AAPL,7,2024-06-25,209.070000,55917096,208.610000,211.380000,209.150000
14593,03783310,AAPL,7,2024-06-26,213.250000,65196315,210.640000,214.860000,211.500000
14593,03783310,AAPL,7,2024-06-27,214.100000,48887019,212.350000,215.739500,214.690000
14593,03783310,AAPL,7,2024-06-28,210.620000,81196717,210.300000,216.070000,215.770000
14593,03783310,AAPL,7,2024-07-01,216.750000,59643128,211.920000,217.510000,212.090000
14593,03783310,AAPL,7,2024-07-02,220.270000,57884589,215.100000,220.380000,216.150000
14593,03783310,AAPL,7,2024-07-03,221.550000,36741188,219.030000,221.550000,220.000000
14593,03783310,AAPL,7,2024-07-05,226.340000,59203622,221.650000,226.450000,221.650000
14593,03783310,AAPL,7,2024-07-08,227.820000,58154972,223.250000,227.850000,227.090000
14593,03783310,AAPL,7,2024-07-09,228.680000,47504694,226.372100,229.400000,227.930000
14593,03783310,AAPL,7,2024-07-10,232.980000,61910062,229.250000,233.080000,229.300000
14593,03783310,AAPL,7,2024-07-11,227.570000,63946418,225.770000,232.390000,231.390000
14593,03783310,AAPL,7,2024-07-12,230.540000,52435155,228.680000,232.640000,228.920000
14593,03783310,AAPL,7,2024-07-15,234.400000,62042273,233.090000,237.230000,236.480000
14593,03783310,AAPL,7,2024-07-16,234.820000,40859203,232.330000,236.270000,235.000000
14593,03783310,AAPL,7,2024-07-17,228.880000,56728814,226.640000,231.459900,229.450000
14593,03783310,AAPL,7,2024-07-18,224.180000,65247057,222.270000,230.440000,230.280000
14593,03783310,AAPL,7,2024-07-19,224.310000,48796853,223.275000,226.800000,224.820000
14593,03783310,AAPL,7,2024-07-22,223.960000,47733679,223.090000,227.780000,227.010000
14593,03783310,AAPL,7,2024-07-23,225.010000,39828738,222.680000,226.940000,224.365000
14593,03783310,AAPL,7,2024-07-24,218.540000,61108984,217.130000,224.800000,224.000000
14593,03783310,AAPL,7,2024-07-25,217.490000,50653709,214.620000,220.850000,218.930000
14593,03783310,AAPL,7,2024-07-26,217.960000,41224408,216.010000,219.490000,218.700000
14593,03783310,AAPL,7,2024-07-29,218.240000,35884958,215.750000,219.300000,216.960000
14593,03783310,AAPL,7,2024-07-30,218.800000,41513290,216.120000,220.325000,219.190000
14593,03783310,AAPL,7,2024-07-31,222.080000,49384245,220.630000,223.820000,221.440000
14593,03783310,AAPL,7,2024-08-01,218.360000,61516427,217.020000,224.480000,224.370000
14593,03783310,AAPL,7,2024-08-02,219.860000,104337028,217.710000,225.600000,219.150000
14593,03783310,AAPL,7,2024-08-05,209.270000,117372828,196.000000,213.500000,199.090000
14593,03783310,AAPL,7,2024-08-06,207.230000,68686584,201.070000,209.990000,205.300000
14593,03783310,AAPL,7,2024-08-07,209.820000,63136440,206.390000,213.640000,206.900000
14593,03783310,AAPL,7,2024-08-08,213.310000,46848084,208.830000,214.200000,213.110000
14593,03783310,AAPL,7,2024-08-09,216.240000,41964918,211.970000,216.780000,212.100000
14593,03783310,AAPL,7,2024-08-12,217.530000,37839981,215.600000,219.509900,216.070000
14593,03783310,AAPL,7,2024-08-13,221.270000,43848801,219.010000,221.890000,219.010000
14593,03783310,AAPL,7,2024-08-14,221.720000,41571924,219.700000,223.030000,220.570000
14593,03783310,AAPL,7,2024-08-15,224.720000,45971981,222.760000,225.350000,224.600000
14593,03783310,AAPL,7,2024-08-16,226.050000,44008437,223.650100,226.827100,223.920000
14593,03783310,AAPL,7,2024-08-19,225.890000,40338654,223.040000,225.990000,225.720000
14593,03783310,AAPL,7,2024-08-20,226.510000,30104087,225.450000,227.170000,225.770000
14593,03783310,AAPL,7,2024-08-21,226.400000,34483244,225.050000,227.980000,226.520000
14593,03783310,AAPL,7,2024-08-22,224.530000,43464462,223.900000,228.340000,227.790000
14593,03783310,AAPL,7,2024-08-23,226.840000,38392140,224.330000,228.220000,225.659000
14593,03783310,AAPL,7,2024-08-26,227.180000,30373743,223.890500,227.280000,226.760000
14593,03783310,AAPL,7,2024-08-27,228.030000,35623109,224.890000,228.850000,225.995000
14593,03783310,AAPL,7,2024-08-28,226.490000,38938714,225.680000,229.860000,227.920000
14593,03783310,AAPL,7,2024-08-29,229.790000,51060159,228.880000,232.920000,230.100000
14593,03783310,AAPL,7,2024-08-30,229.000000,52536466,227.480000,230.400000,230.190000
14593,03783310,AAPL,7,2024-09-03,222.770000,49688149,221.170000,229.000000,228.550000
14593,03783310,AAPL,7,2024-09-04,220.850000,43129064,217.480000,221.780000,221.660000
14593,03783310,AAPL,7,2024-09-05,222.380000,36231974,221.520000,225.480000,221.625000
14593,03783310,AAPL,7,2024-09-06,220.820000,47939321,219.770000,225.240000,223.950000
14593,03783310,AAPL,7,2024-09-09,220.910000,66381414,216.710000,221.270000,220.820000
14593,03783310,AAPL,7,2024-09-10,220.110000,51030893,216.730000,221.480000,218.920000
14593,03783310,AAPL,7,2024-09-11,222.660000,44094156,217.890000,223.090000,221.455000
14593,03783310,AAPL,7,2024-09-12,222.770000,36986245,219.820000,223.550000,222.500000
14593,03783310,AAPL,7,2024-09-13,222.500000,36197617,221.910000,224.040000,223.580000
14593,03783310,AAPL,7,2024-09-16,216.320000,58404874,213.920000,217.220000,216.540000
14593,03783310,AAPL,7,2024-09-17,216.790000,44839129,214.500000,216.900000,215.750000
14593,03783310,AAPL,7,2024-09-18,220.690000,59289201,217.540000,222.710000,217.550000
14593,03783310,AAPL,7,2024-09-19,228.870000,66026846,224.630000,229.820000,224.990000
14593,03783310,AAPL,7,2024-09-20,228.200000,315782816,227.620000,233.090000,229.970000
14593,03783310,AAPL,7,2024-09-23,226.470000,53766926,225.810000,229.450000,227.340000
14593,03783310,AAPL,7,2024-09-24,227.370000,43244326,225.730000,229.350000,228.645000
14593,03783310,AAPL,7,2024-09-25,226.370000,41928952,224.020000,227.290000,224.930000
14593,03783310,AAPL,7,2024-09-26,227.520000,36432229,225.410000,228.500000,227.300000
14593,03783310,AAPL,7,2024-09-27,227.790000,34294521,227.300000,229.520000,228.460000
14593,03783310,AAPL,7,2024-09-30,233.000000,54188325,229.650000,233.000000,230.040000
14593,03783310,AAPL,7,2024-10-01,226.210000,62692271,223.740000,229.650000,229.520000
14593,03783310,AAPL,7,2024-10-02,226.780000,32520510,223.020000,227.370000,225.890000
14593,03783310,AAPL,7,2024-10-03,225.670000,33598473,223.320000,226.805000,225.140000
14593,03783310,AAPL,7,2024-10-04,226.800000,36988839,224.130000,228.000000,227.900000
14593,03783310,AAPL,7,2024-10-07,221.690000,39039918,221.330000,225.690000,224.500000
14593,03783310,AAPL,7,2024-10-08,225.770000,31457828,223.250000,225.980000,224.300000
14593,03783310,AAPL,7,2024-10-09,229.540000,33220574,224.830000,229.750000,225.230000
14593,03783310,AAPL,7,2024-10-10,229.040000,27896022,227.170000,229.500000,227.780000
14593,03783310,AAPL,7,2024-10-11,227.550000,31333750,227.340000,229.410000,229.300000
14593,03783310,AAPL,7,2024-10-14,231.300000,39599217,228.600000,231.730000,228.700000
14593,03783310,AAPL,7,2024-10-15,233.850000,64089447,232.370000,237.490000,233.610000
14593,03783310,AAPL,7,2024-10-16,231.780000,33882280,229.840000,232.120000,231.600000
14593,03783310,AAPL,7,2024-10-17,232.150000,32615969,230.520000,233.850000,233.430000
14593,03783310,AAPL,7,2024-10-18,235.000000,45964572,234.010000,236.180000,236.180000
14593,03783310,AAPL,7,2024-10-21,236.480000,35953283,234.450000,236.850000,234.450000
14593,03783310,AAPL,7,2024-10-22,235.860000,38457273,232.600000,236.220000,233.885000
14593,03783310,AAPL,7,2024-10-23,230.760000,51820670,227.760000,235.144000,234.080000
14593,03783310,AAPL,7,2024-10-24,230.570000,31107111,228.410000,230.820000,229.980000
14593,03783310,AAPL,7,2024-10-25,231.410000,38655670,229.570000,233.220000,229.740000
14593,03783310,AAPL,7,2024-10-28,233.400000,35752652,232.550000,234.730000,233.320000
14593,03783310,AAPL,7,2024-10-29,233.670000,35181349,232.320000,234.325000,233.100000
14593,03783310,AAPL,7,2024-10-30,230.100000,46587945,229.550000,233.470000,232.610000
14593,03783310,AAPL,7,2024-10-31,225.910000,63557692,225.370000,229.830000,229.340000
14593,03783310,AAPL,7,2024-11-01,222.910000,64711362,220.270000,225.350000,220.965000
14593,03783310,AAPL,7,2024-11-04,222.010000,44639093,219.710000,222.790000,220.990000
14593,03783310,AAPL,7,2024-11-05,223.450000,27750156,221.140000,223.950000,221.795000
14593,03783310,AAPL,7,2024-11-06,222.720000,54165325,221.190000,226.065000,222.610000
14593,03783310,AAPL,7,2024-11-07,227.480000,42215843,224.570000,227.875000,224.625000
14593,03783310,AAPL,7,2024-11-08,226.960000,38104002,226.405000,228.660000,227.170000
14593,03783310,AAPL,7,2024-11-11,224.230000,41592541,221.500000,225.700000,225.000000
14593,03783310,AAPL,7,2024-11-12,224.230000,40060121,223.355000,225.590000,224.550000
14593,03783310,AAPL,7,2024-11-13,225.120000,48185800,222.760000,226.650000,224.010000
14593,03783310,AAPL,7,2024-11-14,228.220000,44481739,225.000000,228.870000,225.020000
14593,03783310,AAPL,7,2024-11-15,225.000000,48218604,224.270000,226.920000,226.400000
14593,03783310,AAPL,7,2024-11-18,228.020000,44292124,225.170000,229.740000,225.250000
14593,03783310,AAPL,7,2024-11-19,228.280000,35873595,226.660000,230.160000,226.980000
14593,03783310,AAPL,7,2024-11-20,229.000000,34813428,225.890000,229.930000,228.060000
14593,03783310,AAPL,7,2024-11-21,228.520000,41714455,225.710300,230.155000,228.880000
14593,03783310,AAPL,7,2024-11-22,229.870000,37811594,228.060000,230.719900,228.060000
14593,03783310,AAPL,7,2024-11-25,232.870000,89417175,229.740000,233.245000,231.460000
14593,03783310,AAPL,7,2024-11-26,235.060000,45552752,233.330000,235.570000,233.330000
14593,03783310,AAPL,7,2024-11-27,234.930000,33163571,233.810100,235.690000,234.465000
14593,03783310,AAPL,7,2024-11-29,237.330000,28465104,233.970000,237.810000,234.805000
14593,03783310,AAPL,7,2024-12-02,239.590000,47729649,237.160000,240.790000,237.270000
14593,03783310,AAPL,7,2024-12-03,242.650000,38526112,238.900000,242.760000,239.810000
14593,03783310,AAPL,7,2024-12-04,243.010000,44103177,241.250000,244.110000,242.870000
14593,03783310,AAPL,7,2024-12-05,243.040000,39779677,242.130000,244.540000,243.990000
14593,03783310,AAPL,7,2024-12-06,242.840000,36351719,242.080000,244.630000,242.905000
14593,03783310,AAPL,7,2024-12-09,246.750000,44269321,241.750000,247.240000,241.830000
14593,03783310,AAPL,7,2024-12-10,247.770000,36630626,245.340000,248.210000,246.890000
14593,03783310,AAPL,7,2024-12-11,246.490000,44654509,246.260100,250.800000,247.960000
14593,03783310,AAPL,7,2024-12-12,247.960000,32519894,245.680000,248.740000,246.890000
14593,03783310,AAPL,7,2024-12-13,248.130000,33015834,246.240000,249.290200,247.815000
14593,03783310,AAPL,7,2024-12-16,251.040000,51375243,247.650000,251.380000,247.990000
14593,03783310,AAPL,7,2024-12-17,253.480000,51015517,249.780000,253.830000,250.080000
14593,03783310,AAPL,7,2024-12-18,248.050000,56385205,247.740000,254.280000,252.160000
14593,03783310,AAPL,7,2024-12-19,249.790000,60362649,247.094900,252.000000,247.500000
14593,03783310,AAPL,7,2024-12-20,254.490000,147167596,245.690000,255.000000,248.040000
14593,03783310,AAPL,7,2024-12-23,255.270000,40570885,253.450000,255.650000,254.770000
14593,03783310,AAPL,7,2024-12-24,258.200000,23146511,255.290000,258.210000,255.490000
14593,03783310,AAPL,7,2024-12-26,259.020000,27065955,257.630000,260.100000,258.190000
14593,03783310,AAPL,7,2024-12-27,255.590000,42079549,253.060000,258.700000,257.830000
14593,03783310,AAPL,7,2024-12-30,252.200000,35147648,250.750000,253.500000,252.230000
14593,03783310,AAPL,7,2024-12-31,250.420000,39145333,249.430000,253.280000,252.440000
14593,03783310,AAPL,7,2025-01-02,243.850000,55236688,241.820100,249.100000,248.930000
14593,03783310,AAPL,7,2025-01-03,243.360000,39883569,241.890000,244.180000,243.360000
14593,03783310,AAPL,7,2025-01-06,245.000000,44757842,243.200000,247.330000,244.310000
14593,03783310,AAPL,7,2025-01-07,242.210000,40441122,241.350000,245.550000,242.980000
14593,03783310,AAPL,7,2025-01-08,242.700000,38321555,240.050000,243.712300,241.920000
14593,03783310,AAPL,7,2025-01-10,236.850000,61006510,233.000000,240.160000,240.010000
14593,03783310,AAPL,7,2025-01-13,234.400000,49080156,229.720000,234.670000,233.530000
14593,03783310,AAPL,7,2025-01-14,233.280000,38995805,232.472000,236.120000,234.750000
14593,03783310,AAPL,7,2025-01-15,237.870000,39430187,234.430000,238.960000,234.635000
14593,03783310,AAPL,7,2025-01-16,228.260000,70711015,228.030000,238.010000,237.350000
14593,03783310,AAPL,7,2025-01-17,229.980000,67987933,228.480000,232.290000,232.115000
14593,03783310,AAPL,7,2025-01-21,222.640000,97117184,219.380000,224.420000,224.000000
14593,03783310,AAPL,7,2025-01-22,223.830000,63632644,219.790000,224.120000,219.790000
14593,03783310,AAPL,7,2025-01-23,223.660000,60041330,222.300000,227.030000,224.740000
14593,03783310,AAPL,7,2025-01-24,222.780000,54154075,221.410000,225.630000,224.780000
14593,03783310,AAPL,7,2025-01-27,229.860000,93970214,223.980000,232.150000,224.020000
14593,03783310,AAPL,7,2025-01-28,238.260000,74821790,230.810000,240.190000,230.850000
14593,03783310,AAPL,7,2025-01-29,239.360000,45606474,234.010000,239.855000,234.120000
14593,03783310,AAPL,7,2025-01-30,237.590000,55071272,237.210000,240.790000,238.665000
14593,03783310,AAPL,7,2025-01-31,236.000000,100326344,233.440000,247.190000,247.190000
14593,03783310,AAPL,7,2025-02-03,228.010000,72225187,225.700000,231.830000,229.990000
14593,03783310,AAPL,7,2025-02-04,232.800000,44599669,226.650000,233.130000,227.250000
14593,03783310,AAPL,7,2025-02-05,232.470000,39300482,228.270000,232.670000,228.530000
14593,03783310,AAPL,7,2025-02-06,233.220000,29639371,230.425000,233.800000,231.285000
14593,03783310,AAPL,7,2025-02-07,227.630000,39311829,227.260000,234.000000,232.600000
14593,03783310,AAPL,7,2025-02-10,227.650000,33980177,227.200000,230.585000,229.570000
14593,03783310,AAPL,7,2025-02-11,232.620000,53192947,228.130000,235.230000,228.200000
14593,03783310,AAPL,7,2025-02-12,236.870000,44760793,230.680000,236.960000,231.200000
14593,03783310,AAPL,7,2025-02-13,241.530000,53052400,235.570000,242.339900,236.910000
14593,03783310,AAPL,7,2025-02-14,244.600000,40429425,240.990000,245.550000,241.250000
14593,03783310,AAPL,7,2025-02-18,244.470000,48357856,241.840000,245.180000,244.150000
14593,03783310,AAPL,7,2025-02-19,244.870000,31909887,243.160400,246.010000,244.660000
14593,03783310,AAPL,7,2025-02-20,245.830000,32037905,244.290000,246.780000,244.940000
14593,03783310,AAPL,7,2025-02-21,245.550000,52666708,245.220000,248.690000,245.950000
14593,03783310,AAPL,7,2025-02-24,247.100000,50853098,244.420000,248.860000,244.925000
14593,03783310,AAPL,7,2025-02-25,247.040000,47633377,244.910000,250.000000,248.000000
14593,03783310,AAPL,7,2025-02-26,240.360000,43974590,239.130000,244.980000,244.330000
14593,03783310,AAPL,7,2025-02-27,237.300000,40773335,237.060000,242.460000,239.410000
14593,03783310,AAPL,7,2025-02-28,241.840000,56125773,230.200000,242.090000,236.950000
14593,03783310,AAPL,7,2025-03-03,238.030000,46902150,236.112000,244.027200,241.790000
14593,03783310,AAPL,7,2025-03-04,235.930000,53256853,234.680000,240.070000,237.705000
14593,03783310,AAPL,7,2025-03-05,235.740000,46761018,229.230000,236.550000,235.420000
14593,03783310,AAPL,7,2025-03-06,235.330000,44704947,233.158100,237.860000,234.435000
14593,03783310,AAPL,7,2025-03-07,239.070000,45824019,234.760000,241.370000,235.105000
14593,03783310,AAPL,7,2025-03-10,227.480000,71220634,224.220000,236.160000,235.540000
14593,03783310,AAPL,7,2025-03-11,220.840000,75254297,217.450000,225.839900,223.805000
14593,03783310,AAPL,7,2025-03-12,216.980000,61676761,214.910000,221.750000,220.140000
14593,03783310,AAPL,7,2025-03-13,209.680000,60850460,208.420000,216.839400,215.950000
14593,03783310,AAPL,7,2025-03-14,213.490000,59417346,209.580000,213.950000,211.250000
14593,03783310,AAPL,7,2025-03-17,214.000000,47514721,209.970000,215.220000,213.310000
14593,03783310,AAPL,7,2025-03-18,212.690000,41906642,211.490000,215.150000,214.160000
14593,03783310,AAPL,7,2025-03-19,215.240000,53909210,213.750000,218.760000,214.220000
14593,03783310,AAPL,7,2025-03-20,214.100000,48382827,212.220000,217.489900,213.990000
14593,03783310,AAPL,7,2025-03-21,218.270000,93353564,211.280000,218.840000,211.560000
14593,03783310,AAPL,7,2025-03-24,220.730000,43814379,218.580000,221.480000,221.000000
14593,03783310,AAPL,7,2025-03-25,223.750000,34128824,220.080000,224.100000,220.770000
14593,03783310,AAPL,7,2025-03-26,221.530000,34131377,220.470000,225.020000,223.510000
14593,03783310,AAPL,7,2025-03-27,223.850000,36674178,220.560100,224.990000,221.390000
14593,03783310,AAPL,7,2025-03-28,217.900000,39334059,217.680000,223.810000,221.670000
14593,03783310,AAPL,7,2025-03-31,222.130000,64139950,216.230000,225.620000,217.005000
14593,03783310,AAPL,7,2025-04-01,223.190000,36018224,218.900000,223.680000,219.805000
14593,03783310,AAPL,7,2025-04-02,223.890000,35548978,221.020000,225.190000,221.315000
14593,03783310,AAPL,7,2025-04-03,203.190000,102440628,201.250000,207.490000,205.540000
14593,03783310,AAPL,7,2025-04-04,188.380000,124444026,187.340000,199.880000,193.890000
14593,03783310,AAPL,7,2025-04-07,181.460000,158890787,174.620000,194.150000,177.200000
14593,03783310,AAPL,7,2025-04-08,172.420000,119735937,169.210100,190.335000,186.700000
14593,03783310,AAPL,7,2025-04-09,198.850000,182540328,171.890000,200.610000,171.950000
14593,03783310,AAPL,7,2025-04-10,190.420000,120527748,183.000000,194.779900,189.065000
14593,03783310,AAPL,7,2025-04-11,198.150000,86722097,186.060000,199.540000,186.100000
14593,03783310,AAPL,7,2025-04-14,202.520000,100164832,201.162100,212.940000,211.440000
14593,03783310,AAPL,7,2025-04-15,202.140000,50932030,199.800000,203.510000,201.855000
14593,03783310,AAPL,7,2025-04-16,194.270000,59069760,192.370000,200.700000,198.360000
14593,03783310,AAPL,7,2025-04-17,196.980000,51806564,194.420000,198.833500,197.200000
14593,03783310,AAPL,7,2025-04-21,193.160000,46232115,189.811200,193.800000,193.265000
14593,03783310,AAPL,7,2025-04-22,199.740000,52517506,195.970000,201.590000,196.120000
14593,03783310,AAPL,7,2025-04-23,204.600000,52467049,202.799000,208.000000,206.000000
14593,03783310,AAPL,7,2025-04-24,208.370000,46929735,202.940000,208.829900,204.890000
14593,03783310,AAPL,7,2025-04-25,209.280000,37859295,206.200000,209.750000,206.365000
14593,03783310,AAPL,7,2025-04-28,210.140000,38428799,207.460000,211.500000,210.000000
14593,03783310,AAPL,7,2025-04-29,211.210000,36545566,208.370000,212.240000,208.693000
14593,03783310,AAPL,7,2025-04-30,212.500000,51740940,206.670500,213.580000,209.300000
14593,03783310,AAPL,7,2025-05-01,213.320000,56748123,208.900000,214.560000,209.080000
14593,03783310,AAPL,7,2025-05-02,205.350000,100235500,202.160000,206.990000,206.090000
14593,03783310,AAPL,7,2025-05-05,198.890000,68484023,198.210000,204.100000,203.100000
14593,03783310,AAPL,7,2025-05-06,198.510000,50763260,197.020000,200.650000,198.210000
14593,03783310,AAPL,7,2025-05-07,196.250000,68090568,193.250000,199.440000,199.170000
14593,03783310,AAPL,7,2025-05-08,197.490000,49968933,194.679600,200.050000,197.720000
14593,03783310,AAPL,7,2025-05-09,198.530000,36170656,197.535000,200.539900,199.000000
14593,03783310,AAPL,7,2025-05-12,210.790000,63245554,206.750000,211.267900,210.970000
14593,03783310,AAPL,7,2025-05-13,212.930000,51492263,209.000000,213.400000,210.430000
14593,03783310,AAPL,7,2025-05-14,212.330000,48941444,210.580100,213.940000,212.430000
14593,03783310,AAPL,7,2025-05-15,211.450000,44595871,209.540000,212.960000,210.950000
14593,03783310,AAPL,7,2025-05-16,211.260000,54461302,209.770000,212.570000,212.360000
14593,03783310,AAPL,7,2025-05-19,208.780000,45739249,204.260000,209.480000,207.910000
14593,03783310,AAPL,7,2025-05-20,206.860000,42235111,205.030000,208.470000,207.670000
14593,03783310,AAPL,7,2025-05-21,202.090000,58779458,200.710000,207.040000,205.170000
14593,03783310,AAPL,7,2025-05-22,201.360000,46319209,199.700000,202.750000,200.710000
14593,03783310,AAPL,7,2025-05-23,195.270000,77802609,193.460000,197.700000,193.665000
14593,03783310,AAPL,7,2025-05-27,200.210000,55667657,197.430000,200.740000,198.300000
14593,03783310,AAPL,7,2025-05-28,200.420000,44801835,199.900000,202.730000,200.590000
14593,03783310,AAPL,7,2025-05-29,199.950000,51110418,198.510000,203.810000,203.575000
14593,03783310,AAPL,7,2025-05-30,200.850000,68858675,196.780000,201.960000,199.370000
14593,03783310,AAPL,7,2025-06-02,201.700000,34931155,200.120000,202.130000,200.280000
14593,03783310,AAPL,7,2025-06-03,203.270000,45904244,200.955000,203.770000,201.350000
14593,03783310,AAPL,7,2025-06-04,202.820000,43234448,202.100000,206.240000,202.910000
14593,03783310,AAPL,7,2025-06-05,200.630000,54717196,200.150000,204.750000,203.500000
14593,03783310,AAPL,7,2025-06-06,203.920000,46118204,202.050000,205.700000,203.000000
14593,03783310,AAPL,7,2025-06-09,201.450000,72005186,200.020000,206.000000,204.390000
14593,03783310,AAPL,7,2025-06-10,202.670000,54257735,200.570000,204.350000,200.600000
14593,03783310,AAPL,7,2025-06-11,198.780000,60388727,198.410000,204.500000,203.500000
14593,03783310,AAPL,7,2025-06-12,199.200000,43545804,197.360100,199.680000,199.080000
14593,03783310,AAPL,7,2025-06-13,196.450000,50857759,195.700000,200.370000,199.730000
14593,03783310,AAPL,7,2025-06-16,198.420000,42620787,196.563600,198.685000,197.300000
14593,03783310,AAPL,7,2025-06-17,195.640000,38488524,195.210000,198.390000,197.200000
14593,03783310,AAPL,7,2025-06-18,196.580000,44434684,195.070000,197.570000,195.940000
14593,03783310,AAPL,7,2025-06-20,201.000000,95769410,196.855000,201.700000,198.235000
14593,03783310,AAPL,7,2025-06-23,201.500000,55265493,198.960000,202.300000,201.625000
14593,03783310,AAPL,7,2025-06-24,200.300000,53434358,200.200000,203.440000,202.590000
14593,03783310,AAPL,7,2025-06-25,201.560000,39096529,200.620100,203.670000,201.450000
14593,03783310,AAPL,7,2025-06-26,201.000000,50241879,199.460000,202.640000,201.430000
14593,03783310,AAPL,7,2025-06-27,201.080000,72438523,200.000000,203.220000,201.890000
14593,03783310,AAPL,7,2025-06-30,205.170000,91376828,199.260700,207.390000,202.010000
14593,03783310,AAPL,7,2025-07-01,207.820000,77817106,206.140100,210.186500,206.665000
14593,03783310,AAPL,7,2025-07-02,212.440000,67354908,208.140000,213.340000,208.910000
14593,03783310,AAPL,7,2025-07-03,213.550000,34750541,211.810100,214.650000,212.145000
14593,03783310,AAPL,7,2025-07-07,209.950000,49931090,208.800000,216.230000,212.680000
14593,03783310,AAPL,7,2025-07-08,210.010000,42499498,208.450000,211.430000,210.100000
14593,03783310,AAPL,7,2025-07-09,211.140000,48414018,207.220000,211.330000,209.530000
14593,03783310,AAPL,7,2025-07-10,212.410000,44154076,210.030000,213.480000,210.505000
14593,03783310,AAPL,7,2025-07-11,211.160000,39631055,209.860000,212.130000,210.565000
14593,03783310,AAPL,7,2025-07-14,208.620000,38634926,207.540000,210.910000,209.925000
14593,03783310,AAPL,7,2025-07-15,209.110000,42084009,208.920000,211.890000,209.220000
14593,03783310,AAPL,7,2025-07-16,210.160000,47264150,208.640000,212.400000,210.295000
14593,03783310,AAPL,7,2025-07-17,210.020000,47768763,209.590000,211.800000,210.570000
14593,03783310,AAPL,7,2025-07-18,211.180000,48630820,209.704500,211.790000,210.870000
14593,03783310,AAPL,7,2025-07-21,212.480000,50988665,211.630000,215.780000,212.100000
14593,03783310,AAPL,7,2025-07-22,214.400000,46012288,212.230100,214.950000,213.140000
14593,03783310,AAPL,7,2025-07-23,214.150000,46701273,212.410000,215.150000,215.000000
14593,03783310,AAPL,7,2025-07-24,213.760000,45604882,213.530000,215.690000,213.900000
14593,03783310,AAPL,7,2025-07-25,213.880000,39970670,213.400000,215.240000,214.700000
14593,03783310,AAPL,7,2025-07-28,214.050000,37677717,213.060000,214.845000,214.030000
14593,03783310,AAPL,7,2025-07-29,211.270000,51122367,210.820000,214.810000,214.175000
14593,03783310,AAPL,7,2025-07-30,209.050000,45344837,207.720000,212.390000,211.895000
14593,03783310,AAPL,7,2025-07-31,207.570000,79860246,207.160000,209.840000,208.490000
14593,03783310,AAPL,7,2025-08-01,202.380000,103573045,201.500000,213.580000,210.865000
14593,03783310,AAPL,7,2025-08-04,203.350000,74382596,201.675000,207.880000,204.505000
14593,03783310,AAPL,7,2025-08-05,202.920000,43657324,202.160000,205.340000,203.400000
14593,03783310,AAPL,7,2025-08-06,213.250000,106970126,205.590000,215.380000,205.630000
14593,03783310,AAPL,7,2025-08-07,220.030000,88858326,216.580000,220.850000,218.875000
14593,03783310,AAPL,7,2025-08-08,229.350000,112664520,219.250000,231.000000,220.830000
14593,03783310,AAPL,7,2025-08-11,227.180000,61780266,224.760000,229.560000,227.920000
14593,03783310,AAPL,7,2025-08-12,229.650000,55229654,227.070000,230.800000,228.005000
14593,03783310,AAPL,7,2025-08-13,233.330000,69076531,230.430000,235.000000,231.070000
14593,03783310,AAPL,7,2025-08-14,232.780000,51316731,230.850000,235.120000,234.055000
14593,03783310,AAPL,7,2025-08-15,231.590000,55650135,229.335000,234.280000,234.000000
14593,03783310,AAPL,7,2025-08-18,230.890000,37293641,230.110000,233.120000,231.700000
14593,03783310,AAPL,7,2025-08-19,230.560000,39096406,229.350000,232.870000,231.275000
14593,03783310,AAPL,7,2025-08-20,226.010000,41864811,225.770000,230.470000,229.980000
14593,03783310,AAPL,7,2025-08-21,224.900000,30254914,223.780400,226.520000,226.270000
14593,03783310,AAPL,7,2025-08-22,227.760000,41991173,225.410000,229.090000,226.170000
14593,03783310,AAPL,7,2025-08-25,227.160000,30630818,226.230000,229.300000,226.480000
14593,03783310,AAPL,7,2025-08-26,229.310000,54214492,224.690000,229.490000,226.870000
14593,03783310,AAPL,7,2025-08-27,230.490000,30889942,228.260000,230.900000,228.610000
14593,03783310,AAPL,7,2025-08-28,232.560000,37718643,229.335000,233.410000,230.820000
14593,03783310,AAPL,7,2025-08-29,232.140000,39096935,231.370000,233.380000,232.510000
14593,03783310,AAPL,7,2025-09-02,229.720000,43433129,226.970000,230.850000,229.250000
14593,03783310,AAPL,7,2025-09-03,238.470000,65624012,234.360000,238.850000,237.210000
14593,03783310,AAPL,7,2025-09-04,239.780000,47059888,236.740000,239.899900,238.450000
14593,03783310,AAPL,7,2025-09-05,239.690000,54109077,238.490100,241.320000,239.995000
14593,03783310,AAPL,7,2025-09-08,237.880000,49307945,236.340000,240.150000,239.300000
14593,03783310,AAPL,7,2025-09-09,234.350000,65834905,233.360000,238.780500,237.000000
14593,03783310,AAPL,7,2025-09-10,226.790000,82771909,225.950000,232.420000,232.185000
14593,03783310,AAPL,7,2025-09-11,230.030000,49805232,226.650000,230.450000,226.875000
14593,03783310,AAPL,7,2025-09-12,234.070000,55332872,229.020000,234.510000,229.220000
14593,03783310,AAPL,7,2025-09-15,236.700000,42322586,235.030000,238.190000,237.000000
14593,03783310,AAPL,7,2025-09-16,238.150000,62498046,236.323500,241.220000,237.175000
14593,03783310,AAPL,7,2025-09-17,238.990000,46022018,237.730100,240.100000,238.970000
14593,03783310,AAPL,7,2025-09-18,237.880000,43827367,236.650000,241.200000,239.970000
14593,03783310,AAPL,7,2025-09-19,245.500000,162791001,240.210600,246.300000,241.225000
14593,03783310,AAPL,7,2025-09-22,256.080000,104010811,248.120000,256.640000,248.300000
14593,03783310,AAPL,7,2025-09-23,254.430000,59738519,253.580000,257.340000,255.875000
14593,03783310,AAPL,7,2025-09-24,252.310000,41993826,251.040000,255.740000,255.220000
14593,03783310,AAPL,7,2025-09-25,256.870000,54694538,251.712000,257.170000,253.205000
14593,03783310,AAPL,7,2025-09-26,255.460000,45693771,253.780000,257.600000,254.095000
14593,03783310,AAPL,7,2025-09-29,254.430000,39768491,253.010000,255.000000,254.560000
14593,03783310,AAPL,7,2025-09-30,254.630000,37351409,253.110000,255.919000,254.855000
14593,03783310,AAPL,7,2025-10-01,255.450000,48276148,254.930000,258.790000,255.040000
14593,03783310,AAPL,7,2025-10-02,257.130000,42125012,254.150000,258.180000,256.575000
14593,03783310,AAPL,7,2025-10-03,258.020000,48575299,253.950000,259.240000,254.665000
14593,03783310,AAPL,7,2025-10-06,256.690000,44294676,255.050000,259.070000,257.990000
14593,03783310,AAPL,7,2025-10-07,256.480000,31696650,255.430000,257.400000,256.805000
14593,03783310,AAPL,7,2025-10-08,258.060000,36249933,256.110000,258.520000,256.520000
14593,03783310,AAPL,7,2025-10-09,254.040000,37951136,253.140000,258.000000,257.805000
14593,03783310,AAPL,7,2025-10-10,245.270000,61324646,244.000000,256.380000,254.940000
14593,03783310,AAPL,7,2025-10-13,247.660000,37659016,245.560000,249.690000,249.380000
14593,03783310,AAPL,7,2025-10-14,247.770000,35014347,244.700000,248.845000,246.600000
14593,03783310,AAPL,7,2025-10-15,249.340000,33557251,247.470000,251.820000,249.485000
14593,03783310,AAPL,7,2025-10-16,247.450000,39397990,245.130000,249.040000,248.250000
14593,03783310,AAPL,7,2025-10-17,252.290000,48677366,247.270000,253.380000,248.020000
14593,03783310,AAPL,7,2025-10-20,262.240000,89650145,255.630000,264.375000,255.885000
14593,03783310,AAPL,7,2025-10-21,262.770000,46284879,261.830000,265.290000,261.880000
14593,03783310,AAPL,7,2025-10-22,258.450000,44610107,255.430000,262.850000,262.650000
14593,03783310,AAPL,7,2025-10-23,259.580000,32418793,258.010100,260.620000,259.940000
14593,03783310,AAPL,7,2025-10-24,262.820000,37885594,259.180000,264.130000,261.190000
14593,03783310,AAPL,7,2025-10-27,268.810000,44521759,264.650100,269.120000,264.880000
14593,03783310,AAPL,7,2025-10-28,269.000000,41117167,268.150000,269.890000,268.985000
14593,03783310,AAPL,7,2025-10-29,269.700000,50761736,267.110000,271.410000,269.275000
14593,03783310,AAPL,7,2025-10-30,271.400000,68840333,268.480000,274.140000,271.990000
14593,03783310,AAPL,7,2025-10-31,270.370000,86496062,269.160000,277.320000,276.990000
14593,03783310,AAPL,7,2025-11-03,269.050000,49842663,266.250000,270.850000,270.420000
14593,03783310,AAPL,7,2025-11-04,270.040000,48938061,267.615000,271.486000,268.325000
14593,03783310,AAPL,7,2025-11-05,270.140000,43208403,266.930000,271.700000,268.610000
14593,03783310,AAPL,7,2025-11-06,269.770000,50525743,267.890000,273.400000,267.890000
14593,03783310,AAPL,7,2025-11-07,268.470000,47941209,266.770000,272.290000,269.795000
14593,03783310,AAPL,7,2025-11-10,269.430000,40781688,267.455000,273.730000,268.960000
14593,03783310,AAPL,7,2025-11-11,275.250000,45600942,269.800000,275.910000,269.810000
14593,03783310,AAPL,7,2025-11-12,273.470000,47880680,271.700000,275.730000,275.000000
14593,03783310,AAPL,7,2025-11-13,272.950000,49053643,272.090000,276.699000,274.110000
14593,03783310,AAPL,7,2025-11-14,272.410000,46762996,269.600000,275.960000,271.050000
14593,03783310,AAPL,7,2025-11-17,267.460000,44276048,265.730000,270.490000,268.815000
14593,03783310,AAPL,7,2025-11-18,267.440000,45003384,265.320000,270.710000,269.990000
14593,03783310,AAPL,7,2025-11-19,268.560000,39736178,265.500000,272.210000,265.525000
14593,03783310,AAPL,7,2025-11-20,266.250000,45076079,265.920000,275.430000,270.830000
14593,03783310,AAPL,7,2025-11-21,271.490000,58392464,265.670000,273.330000,265.950000
14593,03783310,AAPL,7,2025-11-24,275.920000,64776722,270.900000,277.000000,270.900000
14593,03783310,AAPL,7,2025-11-25,276.970000,46249914,275.250000,280.380000,275.270000
14593,03783310,AAPL,7,2025-11-26,277.550000,32955151,276.630000,279.530000,276.960000
14593,03783310,AAPL,7,2025-11-28,278.850000,19865641,275.986500,279.000000,277.260000
14593,03783310,AAPL,7,2025-12-01,283.100000,45884979,276.140000,283.420000,278.010000
14593,03783310,AAPL,7,2025-12-02,286.190000,53562987,282.630100,287.400000,283.000000
14593,03783310,AAPL,7,2025-12-03,284.150000,42940991,283.300000,288.620000,286.200000
14593,03783310,AAPL,7,2025-12-04,280.700000,43188252,278.590000,284.730000,284.095000
14593,03783310,AAPL,7,2025-12-05,278.780000,46681355,278.050000,281.140000,280.540000
14593,03783310,AAPL,7,2025-12-08,277.890000,37455345,276.150000,279.669300,278.130000
14593,03783310,AAPL,7,2025-12-09,277.180000,31522826,276.920000,280.030000,278.160000
14593,03783310,AAPL,7,2025-12-10,278.780000,32481872,276.440000,279.750000,277.750000
14593,03783310,AAPL,7,2025-12-11,278.030000,32706248,273.810000,279.590000,279.095000
14593,03783310,AAPL,7,2025-12-12,278.280000,38948723,276.820000,279.220000,277.900000
14593,03783310,AAPL,7,2025-12-15,274.110000,49721744,272.840000,280.150000,280.150000
14593,03783310,AAPL,7,2025-12-16,274.610000,37110789,271.790000,275.500000,272.820000
14593,03783310,AAPL,7,2025-12-17,271.840000,49502598,271.640000,276.160000,275.010000
14593,03783310,AAPL,7,2025-12-18,272.190000,50783041,266.950000,273.630000,273.605000
14593,03783310,AAPL,7,2025-12-19,273.670000,144928281,269.900000,274.600000,272.145000
14593,03783310,AAPL,7,2025-12-22,270.970000,36084933,270.505000,273.880000,272.860000
14593,03783310,AAPL,7,2025-12-23,272.360000,29053806,269.560000,272.500000,270.840000
14593,03783310,AAPL,7,2025-12-24,273.810000,17605298,272.195000,275.430000,272.340000
14593,03783310,AAPL,7,2025-12-26,273.400000,21027068,272.860000,275.370000,274.160000
14593,03783310,AAPL,7,2025-12-29,273.760000,23287287,272.350000,274.360000,272.690000
14593,03783310,AAPL,7,2025-12-30,273.080000,21677795,272.280000,274.080000,272.810000
14593,03783310,AAPL,7,2025-12-31,271.860000,26897873,271.750000,273.680000,273.060000
84788,02313510,AMZN,15473,2020-01-02,1898.010000,4025178,1864.150000,1898.010000,1875.000000
84788,02313510,AMZN,15473,2020-01-03,1874.970000,3758666,1864.500000,1886.197000,1864.500000
84788,02313510,AMZN,15473,2020-01-06,1902.880000,4053628,1860.000000,1903.690000,1860.000000
84788,02313510,AMZN,15473,2020-01-07,1906.860000,4122139,1892.043000,1913.890000,1904.500000
84788,02313510,AMZN,15473,2020-01-08,1891.970000,3497874,1886.445000,1911.000000,1898.040000
84788,02313510,AMZN,15473,2020-01-09,1901.050000,3167160,1895.804000,1917.820000,1909.890000
84788,02313510,AMZN,15473,2020-01-10,1883.160000,2852473,1880.000000,1906.940000,1905.370000
84788,02313510,AMZN,15473,2020-01-13,1891.300000,2777486,1880.800000,1898.000000,1891.310000
84788,02313510,AMZN,15473,2020-01-14,1869.440000,3426664,1858.550000,1887.110000,1885.880000
84788,02313510,AMZN,15473,2020-01-15,1862.020000,2888888,1855.090000,1878.860000,1872.250000
84788,02313510,AMZN,15473,2020-01-16,1877.940000,2652451,1866.020000,1885.590000,1882.990000
84788,02313510,AMZN,15473,2020-01-17,1864.720000,3986161,1857.250000,1886.640000,1885.890000
84788,02313510,AMZN,15473,2020-01-21,1892.000000,3693192,1860.000000,1894.270000,1865.000000
84788,02313510,AMZN,15473,2020-01-22,1887.460000,3203930,1883.340000,1902.500000,1896.090000
84788,02313510,AMZN,15473,2020-01-23,1884.580000,2476304,1872.760000,1889.975000,1885.110000
84788,02313510,AMZN,15473,2020-01-24,1861.640000,3750715,1847.440000,1894.990000,1891.370000
84788,02313510,AMZN,15473,2020-01-27,1828.340000,3516372,1815.340000,1841.000000,1820.000000
84788,02313510,AMZN,15473,2020-01-28,1853.250000,2799105,1830.020000,1858.110000,1840.500000
84788,02313510,AMZN,15473,2020-01-29,1858.000000,2096484,1855.020000,1874.750000,1864.000000
84788,02313510,AMZN,15473,2020-01-30,1870.680000,6318342,1850.610000,1872.870000,1858.000000
84788,02313510,AMZN,15473,2020-01-31,2008.720000,15541135,2002.270000,2055.720000,2051.470000
84788,02313510,AMZN,15473,2020-02-03,2004.200000,5885750,2000.250000,2048.500000,2010.600000
84788,02313510,AMZN,15473,2020-02-04,2049.670000,5263438,2015.370000,2059.800000,2029.880000
84788,02313510,AMZN,15473,2020-02-05,2039.870000,4356068,2032.000000,2071.020000,2071.020000
84788,02313510,AMZN,15473,2020-02-06,2050.230000,3179810,2024.800000,2056.300000,2041.020000
84788,02313510,AMZN,15473,2020-02-07,2079.280000,5082840,2038.100000,2098.530000,2041.990000
84788,02313510,AMZN,15473,2020-02-10,2133.910000,5042592,2084.960000,2135.600000,2085.010000
84788,02313510,AMZN,15473,2020-02-11,2150.800000,5732088,2136.000000,2185.950000,2150.900000
84788,02313510,AMZN,15473,2020-02-12,2160.000000,3326877,2155.290000,2180.250000,2163.200000
84788,02313510,AMZN,15473,2020-02-13,2149.870000,3014434,2142.000000,2170.280000,2144.990000
84788,02313510,AMZN,15473,2020-02-14,2134.870000,2597174,2125.890000,2159.035000,2155.680000
84788,02313510,AMZN,15473,2020-02-18,2155.670000,2941658,2124.105000,2166.070000,2125.020000
84788,02313510,AMZN,15473,2020-02-19,2170.220000,2569839,2161.120000,2185.100000,2167.800000
84788,02313510,AMZN,15473,2020-02-20,2153.100000,3116297,2127.450000,2176.790000,2173.070000
84788,02313510,AMZN,15473,2020-02-21,2095.970000,4640346,2088.000000,2144.550000,2142.150000
84788,02313510,AMZN,15473,2020-02-24,2009.290000,6520869,1987.974000,2039.295000,2003.180000
84788,02313510,AMZN,15473,2020-02-25,1972.740000,6273690,1958.420000,2034.600000,2026.420000
84788,02313510,AMZN,15473,2020-02-26,1979.590000,5226722,1960.450000,2014.670000,1970.280000
84788,02313510,AMZN,15473,2020-02-27,1884.300000,8113452,1882.762000,1975.000000,1934.380000
84788,02313510,AMZN,15473,2020-02-28,1883.750000,9443938,1811.129000,1889.760000,1814.630000
84788,02313510,AMZN,15473,2020-03-02,1953.950000,6741477,1870.000000,1954.510000,1906.490000
84788,02313510,AMZN,15473,2020-03-03,1908.990000,7508281,1888.090000,1996.330000,1975.370000
84788,02313510,AMZN,15473,2020-03-04,1975.830000,4731013,1922.000000,1978.000000,1946.570000
84788,02313510,AMZN,15473,2020-03-05,1924.030000,4727472,1910.000000,1960.720000,1933.000000
84788,02313510,AMZN,15473,2020-03-06,1901.090000,5255167,1869.500000,1910.870000,1875.000000
84788,02313510,AMZN,15473,2020-03-09,1800.610000,7790925,1761.290000,1862.770000,1773.860000
84788,02313510,AMZN,15473,2020-03-10,1891.820000,7115900,1818.170000,1894.270000,1870.880000
84788,02313510,AMZN,15473,2020-03-11,1820.860000,5635398,1801.500000,1871.319000,1857.850000
84788,02313510,AMZN,15473,2020-03-12,1676.610000,11320407,1675.000000,1765.000000,1721.980000
84788,02313510,AMZN,15473,2020-03-13,1785.000000,8773405,1680.620000,1786.310000,1755.000000
84788,02313510,AMZN,15473,2020-03-16,1689.150000,8916735,1626.032000,1759.452000,1641.510000
84788,02313510,AMZN,15473,2020-03-17,1807.840000,10878232,1689.240000,1857.775000,1775.470000
84788,02313510,AMZN,15473,2020-03-18,1830.000000,9614720,1745.000000,1841.660000,1750.000000
84788,02313510,AMZN,15473,2020-03-19,1880.930000,10368752,1832.650000,1945.000000,1860.000000
84788,02313510,AMZN,15473,2020-03-20,1846.090000,9786275,1820.730000,1957.000000,1926.310000
84788,02313510,AMZN,15473,2020-03-23,1902.830000,7780919,1812.000000,1919.400000,1827.750000
84788,02313510,AMZN,15473,2020-03-24,1940.100000,7138470,1900.340000,1955.000000,1951.495000
84788,02313510,AMZN,15473,2020-03-25,1885.840000,6465751,1885.780000,1950.260000,1920.690000
84788,02313510,AMZN,15473,2020-03-26,1955.490000,6219470,1889.290000,1956.490000,1902.000000
84788,02313510,AMZN,15473,2020-03-27,1900.100000,5377426,1899.920000,1939.790000,1930.860000
84788,02313510,AMZN,15473,2020-03-30,1963.950000,6114705,1912.340000,1973.630000,1922.830000
84788,02313510,AMZN,15473,2020-03-31,1949.720000,5108842,1944.010000,1993.020000,1964.350000
84788,02313510,AMZN,15473,2020-04-01,1907.700000,4110800,1893.000000,1944.960000,1932.970000
84788,02313510,AMZN,15473,2020-04-02,1918.830000,4322143,1890.000000,1927.526000,1901.640000
84788,02313510,AMZN,15473,2020-04-03,1906.590000,3599312,1889.150000,1926.330000,1911.150000
84788,02313510,AMZN,15473,2020-04-06,1997.590000,5763419,1930.020000,1998.520000,1936.000000
84788,02313510,AMZN,15473,2020-04-07,2011.600000,5104707,1997.620000,2035.720000,2017.110000
84788,02313510,AMZN,15473,2020-04-08,2043.000000,3967893,2011.150000,2044.000000,2021.000000
84788,02313510,AMZN,15473,2020-04-09,2042.760000,4646559,2017.660000,2053.000000,2044.300000
84788,02313510,AMZN,15473,2020-04-13,2168.870000,6689253,2038.000000,2180.000000,2040.000000
84788,02313510,AMZN,15473,2020-04-14,2283.320000,8070515,2186.210000,2292.000000,2200.470000
84788,02313510,AMZN,15473,2020-04-15,2307.680000,6852017,2245.000000,2333.369000,2257.680000
84788,02313510,AMZN,15473,2020-04-16,2408.190000,12020293,2335.000000,2460.998000,2346.000000
84788,02313510,AMZN,15473,2020-04-17,2375.000000,7908019,2316.020000,2400.000000,2372.330000
84788,02313510,AMZN,15473,2020-04-20,2393.610000,5758709,2386.050000,2444.980000,2389.950000
84788,02313510,AMZN,15473,2020-04-21,2328.120000,7455160,2279.660000,2428.310000,2416.610000
84788,02313510,AMZN,15473,2020-04-22,2363.490000,4208583,2351.000000,2394.000000,2369.000000
84788,02313510,AMZN,15473,2020-04-23,2399.450000,5048798,2382.080000,2424.220000,2399.980000
84788,02313510,AMZN,15473,2020-04-24,2410.220000,3820537,2382.000000,2420.433000,2417.000000
84788,02313510,AMZN,15473,2020-04-27,2376.000000,5638615,2363.000000,2444.880000,2443.200000
84788,02313510,AMZN,15473,2020-04-28,2314.080000,5255854,2306.000000,2373.500000,2372.100000
84788,02313510,AMZN,15473,2020-04-29,2372.710000,4578060,2310.000000,2391.890000,2330.010000
84788,02313510,AMZN,15473,2020-04-30,2474.000000,9499314,2396.010000,2475.000000,2419.840000
84788,02313510,AMZN,15473,2020-05-01,2286.040000,9709092,2258.190000,2362.440000,2336.800000
84788,02313510,AMZN,15473,2020-05-04,2315.990000,4855187,2256.380000,2326.980000,2256.380000
84788,02313510,AMZN,15473,2020-05-05,2317.800000,3227318,2307.125000,2351.000000,2340.000000
84788,02313510,AMZN,15473,2020-05-06,2351.260000,3111371,2320.000000,2357.450000,2329.440000
84788,02313510,AMZN,15473,2020-05-07,2367.610000,3389692,2343.110000,2376.000000,2374.780000
84788,02313510,AMZN,15473,2020-05-08,2379.610000,3206687,2357.000000,2387.245000,2372.140000
84788,02313510,AMZN,15473,2020-05-11,2409.000000,3251614,2372.110000,2419.665000,2374.700000
84788,02313510,AMZN,15473,2020-05-12,2356.950000,3069238,2355.000000,2419.000000,2411.850000
84788,02313510,AMZN,15473,2020-05-13,2367.920000,4767328,2337.805000,2407.700000,2366.800000
84788,02313510,AMZN,15473,2020-05-14,2388.850000,3637520,2353.210000,2391.370000,2361.010000
84788,02313510,AMZN,15473,2020-05-15,2409.780000,4220402,2356.370000,2411.000000,2368.520000
84788,02313510,AMZN,15473,2020-05-18,2426.260000,4353573,2384.010000,2433.000000,2404.346000
84788,02313510,AMZN,15473,2020-05-19,2449.330000,4311387,2428.970000,2484.995000,2429.830000
84788,02313510,AMZN,15473,2020-05-20,2497.940000,3989200,2467.270000,2500.010000,2477.870000
84788,02313510,AMZN,15473,2020-05-21,2446.740000,5094620,2442.540000,2525.450000,2500.000000
84788,02313510,AMZN,15473,2020-05-22,2436.880000,2861128,2430.130000,2469.850000,2455.010000
84788,02313510,AMZN,15473,2020-05-26,2421.860000,3555551,2414.060000,2462.000000,2458.000000
84788,02313510,AMZN,15473,2020-05-27,2410.390000,5055652,2330.000000,2413.580000,2404.990000
84788,02313510,AMZN,15473,2020-05-28,2401.100000,3182966,2378.230000,2436.970000,2384.330000
84788,02313510,AMZN,15473,2020-05-29,2442.370000,3521221,2398.197000,2442.370000,2415.940000
84788,02313510,AMZN,15473,2020-06-01,2471.040000,2931178,2444.170000,2476.930000,2448.000000
84788,02313510,AMZN,15473,2020-06-02,2472.410000,2521998,2445.310000,2473.530000,2467.000000
84788,02313510,AMZN,15473,2020-06-03,2478.400000,2664090,2461.170000,2488.000000,2468.010000
84788,02313510,AMZN,15473,2020-06-04,2460.600000,3169573,2450.010000,2507.540000,2477.430000
84788,02313510,AMZN,15473,2020-06-05,2483.000000,3293091,2437.130000,2488.645000,2444.510000
84788,02313510,AMZN,15473,2020-06-08,2524.060000,3957982,2487.335000,2530.000000,2500.200000
84788,02313510,AMZN,15473,2020-06-09,2600.860000,5158035,2525.000000,2626.430000,2529.440000
84788,02313510,AMZN,15473,2020-06-10,2647.450000,4933148,2626.260000,2722.350000,2645.000000
84788,02313510,AMZN,15473,2020-06-11,2557.960000,5782219,2536.230000,2671.380000,2603.500000
84788,02313510,AMZN,15473,2020-06-12,2545.020000,5423575,2503.350000,2621.477000,2601.210000
84788,02313510,AMZN,15473,2020-06-15,2572.680000,3866432,2508.000000,2584.000000,2526.600000
84788,02313510,AMZN,15473,2020-06-16,2615.270000,3588710,2576.000000,2620.000000,2620.000000
84788,02313510,AMZN,15473,2020-06-17,2640.980000,2956656,2631.820000,2655.000000,2647.500000
84788,02313510,AMZN,15473,2020-06-18,2653.980000,2485379,2636.110000,2659.640000,2647.010000
84788,02313510,AMZN,15473,2020-06-19,2675.010000,5769023,2659.000000,2697.430000,2678.080000
84788,02313510,AMZN,15473,2020-06-22,2713.820000,3203177,2669.000000,2715.000000,2684.500000
84788,02313510,AMZN,15473,2020-06-23,2764.410000,4220411,2718.040000,2783.110000,2726.020000
84788,02313510,AMZN,15473,2020-06-24,2734.400000,4520206,2721.000000,2796.000000,2780.000000
84788,02313510,AMZN,15473,2020-06-25,2754.580000,2958962,2712.140000,2756.230000,2739.550000
84788,02313510,AMZN,15473,2020-06-26,2692.870000,6505691,2688.000000,2782.569000,2775.056000
84788,02313510,AMZN,15473,2020-06-29,2680.380000,4212337,2630.080000,2696.800000,2690.010000
84788,02313510,AMZN,15473,2020-06-30,2758.820000,3756649,2675.030000,2769.630000,2685.065000
84788,02313510,AMZN,15473,2020-07-01,2878.700000,6328691,2754.000000,2895.000000,2757.990000
84788,02313510,AMZN,15473,2020-07-02,2890.300000,6566935,2871.102000,2955.560000,2912.010000
84788,02313510,AMZN,15473,2020-07-06,3057.040000,6855913,2930.000000,3059.880000,2934.970000
84788,02313510,AMZN,15473,2020-07-07,3000.120000,5235305,2990.000000,3069.550000,3058.550000
84788,02313510,AMZN,15473,2020-07-08,3081.110000,5021645,3012.430000,3083.970000,3022.610000
84788,02313510,AMZN,15473,2020-07-09,3182.630000,6367758,3074.002000,3193.880000,3115.990000
84788,02313510,AMZN,15473,2020-07-10,3200.000000,5468567,3135.700000,3215.000000,3191.760000
84788,02313510,AMZN,15473,2020-07-13,3104.000000,7676786,3068.390000,3344.290000,3251.060000
84788,02313510,AMZN,15473,2020-07-14,3084.000000,7201679,2950.000000,3127.380000,3089.000000
84788,02313510,AMZN,15473,2020-07-15,3008.870000,5773683,2973.180000,3098.350000,3080.230000
84788,02313510,AMZN,15473,2020-07-16,2999.900000,6382148,2918.230000,3032.000000,2971.060000
84788,02313510,AMZN,15473,2020-07-17,2961.970000,4704333,2948.450000,3024.000000,3009.000000
84788,02313510,AMZN,15473,2020-07-20,3196.840000,7574100,2994.017000,3201.360000,3000.200000
84788,02313510,AMZN,15473,2020-07-21,3138.290000,6117525,3105.720000,3240.576000,3232.490000
84788,02313510,AMZN,15473,2020-07-22,3099.910000,4094820,3065.260000,3150.000000,3125.000000
84788,02313510,AMZN,15473,2020-07-23,2986.550000,5641503,2970.000000,3098.271000,3098.271000
84788,02313510,AMZN,15473,2020-07-24,3008.910000,5621598,2888.000000,3031.580000,2930.000000
84788,02313510,AMZN,15473,2020-07-27,3055.210000,4159614,3015.770000,3098.000000,3062.000000
84788,02313510,AMZN,15473,2020-07-28,3000.330000,3119551,2995.760000,3077.093000,3054.270000
84788,02313510,AMZN,15473,2020-07-29,3033.530000,2969217,2996.770000,3039.159000,3030.990000
84788,02313510,AMZN,15473,2020-07-30,3051.880000,6114694,3005.000000,3092.000000,3014.000000
84788,02313510,AMZN,15473,2020-07-31,3164.680000,8066040,3151.000000,3246.820000,3244.000000
84788,02313510,AMZN,15473,2020-08-03,3111.890000,5067050,3104.000000,3184.000000,3180.510000
84788,02313510,AMZN,15473,2020-08-04,3138.830000,4687084,3101.210000,3167.240000,3101.210000
84788,02313510,AMZN,15473,2020-08-05,3205.030000,3918929,3127.300000,3213.586000,3143.770000
84788,02313510,AMZN,15473,2020-08-06,3225.000000,3930119,3165.430000,3247.470000,3194.360000
84788,02313510,AMZN,15473,2020-08-07,3167.460000,3925635,3140.673000,3240.810000,3224.010000
84788,02313510,AMZN,15473,2020-08-10,3148.160000,3165604,3101.520000,3172.510000,3170.310000
84788,02313510,AMZN,15473,2020-08-11,3080.670000,3705374,3073.000000,3159.220000,3113.200000
84788,02313510,AMZN,15473,2020-08-12,3162.240000,3517918,3101.420000,3174.385000,3108.000000
84788,02313510,AMZN,15473,2020-08-13,3161.020000,3140396,3155.000000,3217.521000,3182.990000
84788,02313510,AMZN,15473,2020-08-14,3148.020000,2748464,3120.000000,3178.236000,3178.180000
84788,02313510,AMZN,15473,2020-08-17,3182.410000,2683314,3154.177000,3194.970000,3173.120000
84788,02313510,AMZN,15473,2020-08-18,3312.490000,5331749,3205.819000,3320.000000,3212.000000
84788,02313510,AMZN,15473,2020-08-19,3260.480000,4174640,3256.000000,3315.900000,3303.010000
84788,02313510,AMZN,15473,2020-08-20,3297.370000,3325034,3238.000000,3312.620000,3252.000000
84788,02313510,AMZN,15473,2020-08-21,3284.720000,3561979,3275.390000,3314.396000,3295.000000
84788,02313510,AMZN,15473,2020-08-24,3307.460000,4655355,3257.561000,3380.315000,3310.150000
84788,02313510,AMZN,15473,2020-08-25,3346.490000,4166967,3267.000000,3357.400000,3294.990000
84788,02313510,AMZN,15473,2020-08-26,3441.850000,6747008,3344.567000,3451.739000,3351.110000
84788,02313510,AMZN,15473,2020-08-27,3400.000000,4251512,3378.000000,3453.000000,3450.050000
84788,02313510,AMZN,15473,2020-08-28,3401.800000,2891151,3386.500000,3433.370000,3423.000000
84788,02313510,AMZN,15473,2020-08-31,3450.960000,4262239,3405.000000,3495.000000,3408.990000
84788,02313510,AMZN,15473,2020-09-01,3499.120000,3471150,3467.000000,3513.870000,3489.580000
84788,02313510,AMZN,15473,2020-09-02,3531.450000,3924304,3486.685000,3552.250000,3547.000000
84788,02313510,AMZN,15473,2020-09-03,3368.000000,8095852,3303.000000,3488.410000,3485.000000
84788,02313510,AMZN,15473,2020-09-04,3294.620000,8730567,3111.130000,3381.500000,3318.000000
84788,02313510,AMZN,15473,2020-09-08,3149.840000,6067484,3130.000000,3250.845000,3144.000000
84788,02313510,AMZN,15473,2020-09-09,3268.610000,5170228,3185.000000,3303.175000,3202.990000
84788,02313510,AMZN,15473,2020-09-10,3175.110000,5306492,3170.550000,3349.890000,3307.219000
84788,02313510,AMZN,15473,2020-09-11,3116.220000,5080121,3083.980000,3217.341000,3208.690000
84788,02313510,AMZN,15473,2020-09-14,3102.970000,4496949,3096.000000,3187.390000,3172.937000
84788,02313510,AMZN,15473,2020-09-15,3156.130000,3989066,3108.920000,3175.020000,3136.160000
84788,02313510,AMZN,15473,2020-09-16,3078.100000,4514848,3074.150000,3187.238000,3179.990000
84788,02313510,AMZN,15473,2020-09-17,3008.730000,6424500,2972.550000,3029.432000,3009.250000
84788,02313510,AMZN,15473,2020-09-18,2954.910000,8883679,2905.540000,3037.800000,3031.740000
84788,02313510,AMZN,15473,2020-09-21,2960.470000,6105440,2871.000000,2962.000000,2906.500000
84788,02313510,AMZN,15473,2020-09-22,3128.990000,6935751,3000.200000,3133.990000,3033.835000
84788,02313510,AMZN,15473,2020-09-23,2999.860000,5638092,2992.376000,3126.999000,3120.430000
84788,02313510,AMZN,15473,2020-09-24,3019.790000,5548040,2965.000000,3069.300000,2977.790000
84788,02313510,AMZN,15473,2020-09-25,3095.130000,4604041,2999.000000,3101.540000,3054.860000
84788,02313510,AMZN,15473,2020-09-28,3174.050000,4214665,3117.168000,3175.040000,3148.850000
84788,02313510,AMZN,15473,2020-09-29,3144.880000,3498204,3132.540000,3188.260000,3175.390000
84788,02313510,AMZN,15473,2020-09-30,3148.730000,4886800,3133.990000,3212.880000,3141.140000
84788,02313510,AMZN,15473,2020-10-01,3221.260000,4964388,3172.000000,3224.000000,3208.000000
84788,02313510,AMZN,15473,2020-10-02,3125.000000,5603891,3123.000000,3195.796000,3153.630000
84788,02313510,AMZN,15473,2020-10-05,3199.200000,3768043,3140.850000,3202.530000,3145.840000
84788,02313510,AMZN,15473,2020-10-06,3099.960000,5110612,3090.000000,3182.000000,3165.000000
84788,02313510,AMZN,15473,2020-10-07,3195.690000,4296026,3132.385000,3200.000000,3135.000000
84788,02313510,AMZN,15473,2020-10-08,3190.550000,3174701,3174.990000,3233.294000,3224.990000
84788,02313510,AMZN,15473,2020-10-09,3286.650000,4883020,3197.830000,3288.990000,3210.000000
84788,02313510,AMZN,15473,2020-10-12,3442.930000,8347235,3339.550000,3496.240000,3349.940000
84788,02313510,AMZN,15473,2020-10-13,3443.630000,5725075,3424.217000,3492.380000,3467.990000
84788,02313510,AMZN,15473,2020-10-14,3363.710000,5819325,3340.000000,3464.880000,3447.000000
84788,02313510,AMZN,15473,2020-10-15,3338.650000,5211170,3280.000000,3355.880000,3292.010000
84788,02313510,AMZN,15473,2020-10-16,3272.710000,6458015,3160.000000,3399.661000,3363.230000
84788,02313510,AMZN,15473,2020-10-19,3207.210000,5213894,3192.735000,3329.000000,3299.610000
84788,02313510,AMZN,15473,2020-10-20,3217.010000,4504362,3192.010000,3266.000000,3222.280000
84788,02313510,AMZN,15473,2020-10-21,3184.940000,4594959,3160.000000,3233.875000,3212.500000
84788,02313510,AMZN,15473,2020-10-22,3176.400000,4157601,3121.940000,3198.750000,3189.870000
84788,02313510,AMZN,15473,2020-10-23,3204.400000,3461919,3140.000000,3205.330000,3191.000000
84788,02313510,AMZN,15473,2020-10-26,3207.040000,5889257,3153.300000,3282.980000,3198.740000
84788,02313510,AMZN,15473,2020-10-27,3286.330000,4337055,3211.300000,3291.660000,3224.940000
84788,02313510,AMZN,15473,2020-10-28,3162.780000,5576324,3162.470000,3264.020000,3249.300000
84788,02313510,AMZN,15473,2020-10-29,3211.010000,6578327,3164.000000,3257.250000,3201.270000
84788,02313510,AMZN,15473,2020-10-30,3036.150000,8355203,3019.000000,3167.004000,3157.750000
84788,02313510,AMZN,15473,2020-11-02,3004.480000,7238218,2950.120000,3079.705000,3061.740000
84788,02313510,AMZN,15473,2020-11-03,3048.410000,4892954,2980.980000,3074.900000,3018.530000
84788,02313510,AMZN,15473,2020-11-04,3241.160000,6824906,3139.730000,3244.850000,3159.990000
84788,02313510,AMZN,15473,2020-11-05,3322.000000,5774907,3288.880000,3366.800000,3319.970000
84788,02313510,AMZN,15473,2020-11-06,3311.370000,4637716,3232.000000,3322.000000,3304.640000
84788,02313510,AMZN,15473,2020-11-09,3143.740000,7161868,3112.106000,3289.000000,3231.030000
84788,02313510,AMZN,15473,2020-11-10,3035.020000,6592184,3019.483000,3114.000000,3095.020000
84788,02313510,AMZN,15473,2020-11-11,3137.390000,4346454,3050.000000,3139.145000,3061.780000
84788,02313510,AMZN,15473,2020-11-12,3110.280000,4365221,3086.050000,3175.880000,3159.950000
84788,02313510,AMZN,15473,2020-11-13,3128.810000,3756583,3085.390000,3141.723000,3122.000000
84788,02313510,AMZN,15473,2020-11-16,3131.060000,3801189,3072.685000,3142.700000,3093.200000
84788,02313510,AMZN,15473,2020-11-17,3135.660000,3440194,3135.260000,3189.250000,3183.545000
84788,02313510,AMZN,15473,2020-11-18,3105.460000,2910440,3105.100000,3140.000000,3134.000000
84788,02313510,AMZN,15473,2020-11-19,3117.020000,3004383,3080.920000,3125.000000,3105.310000
84788,02313510,AMZN,15473,2020-11-20,3099.400000,3366683,3098.046000,3132.890000,3117.020000
84788,02313510,AMZN,15473,2020-11-23,3098.390000,4701941,3065.460000,3139.745000,3116.699000
84788,02313510,AMZN,15473,2020-11-24,3118.060000,3598705,3086.258000,3134.250000,3100.500000
84788,02313510,AMZN,15473,2020-11-25,3185.070000,3780990,3140.260000,3198.000000,3141.870000
84788,02313510,AMZN,15473,2020-11-27,3195.340000,2391425,3190.050000,3216.190000,3211.260000
84788,02313510,AMZN,15473,2020-11-30,3168.040000,4056110,3125.550000,3228.390000,3208.480000
84788,02313510,AMZN,15473,2020-12-01,3220.080000,4533413,3157.180000,3248.950000,3188.500000
84788,02313510,AMZN,15473,2020-12-02,3203.530000,3124444,3173.260000,3232.000000,3221.650000
84788,02313510,AMZN,15473,2020-12-03,3186.730000,2885555,3181.310000,3228.640000,3205.460000
84788,02313510,AMZN,15473,2020-12-04,3162.580000,2903490,3158.760000,3198.210000,3198.210000
84788,02313510,AMZN,15473,2020-12-07,3158.000000,2747956,3141.690000,3180.760000,3156.480000
84788,02313510,AMZN,15473,2020-12-08,3177.290000,3278041,3120.020000,3184.130000,3158.900000
84788,02313510,AMZN,15473,2020-12-09,3104.200000,4094276,3088.000000,3174.430000,3167.890000
84788,02313510,AMZN,15473,2020-12-10,3101.490000,3024016,3076.000000,3142.100000,3088.990000
84788,02313510,AMZN,15473,2020-12-11,3116.420000,3077010,3072.820000,3118.670000,3096.660000
84788,02313510,AMZN,15473,2020-12-14,3156.970000,4142875,3126.000000,3190.470000,3143.000000
84788,02313510,AMZN,15473,2020-12-15,3165.120000,3258142,3130.490000,3188.500000,3181.010000
84788,02313510,AMZN,15473,2020-12-16,3240.960000,4421918,3163.680000,3247.000000,3176.010000
84788,02313510,AMZN,15473,2020-12-17,3236.080000,3467474,3221.000000,3263.510000,3250.000000
84788,02313510,AMZN,15473,2020-12-18,3201.650000,5979123,3171.600000,3249.420000,3243.990000
84788,02313510,AMZN,15473,2020-12-21,3206.180000,3828712,3166.000000,3226.967000,3200.010000
84788,02313510,AMZN,15473,2020-12-22,3206.520000,2378371,3180.080000,3222.000000,3202.843000
84788,02313510,AMZN,15473,2020-12-23,3185.270000,2084517,3184.170000,3210.130000,3205.000000
84788,02313510,AMZN,15473,2020-12-24,3172.690000,1444942,3169.000000,3202.000000,3193.900000
84788,02313510,AMZN,15473,2020-12-28,3283.960000,5651782,3172.690000,3304.000000,3194.000000
84788,02313510,AMZN,15473,2020-12-29,3322.000000,4873881,3281.223000,3350.650000,3309.940000
84788,02313510,AMZN,15473,2020-12-30,3285.850000,3121127,3282.470000,3342.100000,3341.000000
84788,02313510,AMZN,15473,2020-12-31,3256.930000,2949955,3241.200000,3282.922000,3275.000000
84788,02313510,AMZN,15473,2021-01-04,3186.630000,4398079,3144.020000,3272.000000,3270.000000
84788,02313510,AMZN,15473,2021-01-05,3218.510000,2652906,3165.060000,3223.380000,3166.010000
84788,02313510,AMZN,15473,2021-01-06,3138.380000,4381821,3131.160000,3197.509000,3146.480000
84788,02313510,AMZN,15473,2021-01-07,3162.160000,3501194,3155.000000,3208.542000,3157.000000
84788,02313510,AMZN,15473,2021-01-08,3182.700000,3525281,3142.200000,3190.640000,3180.000000
84788,02313510,AMZN,15473,2021-01-11,3114.210000,3720485,3110.000000,3156.384000,3148.010000
84788,02313510,AMZN,15473,2021-01-12,3120.830000,3503882,3086.000000,3142.142000,3120.000000
84788,02313510,AMZN,15473,2021-01-13,3165.890000,3308784,3122.080000,3189.950000,3128.440000
84788,02313510,AMZN,15473,2021-01-14,3127.470000,3060357,3120.590000,3178.000000,3167.520000
84788,02313510,AMZN,15473,2021-01-15,3104.250000,4237910,3095.170000,3142.545000,3123.020000
84788,02313510,AMZN,15473,2021-01-19,3120.760000,3300987,3096.000000,3145.000000,3107.000000
84788,02313510,AMZN,15473,2021-01-20,3263.380000,5293680,3175.000000,3279.800000,3181.990000
84788,02313510,AMZN,15473,2021-01-21,3306.990000,4929606,3289.567000,3348.550000,3293.000000
84788,02313510,AMZN,15473,2021-01-22,3292.230000,2815533,3283.164000,3321.910000,3304.310000
84788,02313510,AMZN,15473,2021-01-25,3294.000000,3736393,3243.146000,3363.890000,3328.500000
84788,02313510,AMZN,15473,2021-01-26,3326.130000,2944067,3282.870000,3338.000000,3296.356000
84788,02313510,AMZN,15473,2021-01-27,3232.580000,4690570,3207.080000,3346.520000,3341.490000
84788,02313510,AMZN,15473,2021-01-28,3237.620000,3136131,3228.690000,3301.680000,3235.040000
84788,02313510,AMZN,15473,2021-01-29,3206.200000,4275411,3184.550000,3236.990000,3230.000000
84788,02313510,AMZN,15473,2021-02-01,3342.880000,4143230,3235.025000,3350.260000,3242.360000
84788,02313510,AMZN,15473,2021-02-02,3380.000000,7075610,3361.125000,3427.740000,3380.000000
84788,02313510,AMZN,15473,2021-02-03,3312.530000,7058733,3308.620000,3434.000000,3425.010000
84788,02313510,AMZN,15473,2021-02-04,3331.000000,3659634,3277.750000,3347.000000,3330.000000
84788,02313510,AMZN,15473,2021-02-05,3352.150000,3613338,3302.710000,3377.000000,3319.000000
84788,02313510,AMZN,15473,2021-02-08,3322.940000,3249254,3304.000000,3365.000000,3358.500000
84788,02313510,AMZN,15473,2021-02-09,3305.000000,2199746,3297.840000,3338.000000,3312.490000
84788,02313510,AMZN,15473,2021-02-10,3286.580000,3142296,3254.000000,3317.955000,3314.000000
84788,02313510,AMZN,15473,2021-02-11,3262.130000,2283109,3248.060000,3292.000000,3292.000000
84788,02313510,AMZN,15473,2021-02-12,3277.710000,2324490,3233.310000,3280.250000,3250.000000
84788,02313510,AMZN,15473,2021-02-16,3268.950000,2568514,3253.591000,3308.300000,3254.050000
84788,02313510,AMZN,15473,2021-02-17,3308.640000,3281084,3259.500000,3320.910000,3263.600000
84788,02313510,AMZN,15473,2021-02-18,3328.230000,3041082,3273.940000,3338.000000,3282.420000
84788,02313510,AMZN,15473,2021-02-19,3249.900000,4294876,3245.750000,3333.500000,3328.230000
84788,02313510,AMZN,15473,2021-02-22,3180.740000,3495215,3172.260000,3232.320000,3208.130000
84788,02313510,AMZN,15473,2021-02-23,3194.500000,4651732,3093.600000,3204.730000,3127.030000
84788,02313510,AMZN,15473,2021-02-24,3159.530000,2996299,3125.380000,3171.230000,3166.750000
84788,02313510,AMZN,15473,2021-02-25,3057.160000,4512940,3047.760000,3178.260000,3136.740000
84788,02313510,AMZN,15473,2021-02-26,3092.930000,4265841,3036.700000,3122.440000,3095.200000
84788,02313510,AMZN,15473,2021-03-01,3146.140000,2716467,3097.990000,3149.560000,3127.890000
84788,02313510,AMZN,15473,2021-03-02,3094.530000,2587297,3087.120000,3163.520000,3143.470000
84788,02313510,AMZN,15473,2021-03-03,3005.000000,3969422,2995.000000,3107.775000,3081.180000
84788,02313510,AMZN,15473,2021-03-04,2977.570000,5495376,2945.430000,3058.130000,3012.000000
84788,02313510,AMZN,15473,2021-03-05,3000.460000,5364848,2881.000000,3009.000000,3005.000000
84788,02313510,AMZN,15473,2021-03-08,2951.950000,4176395,2951.310000,3064.590000,3015.000000
84788,02313510,AMZN,15473,2021-03-09,3062.850000,4008279,3005.147000,3090.960000,3017.990000
84788,02313510,AMZN,15473,2021-03-10,3057.640000,3003392,3030.050000,3116.460000,3098.450000
84788,02313510,AMZN,15473,2021-03-11,3113.590000,2770554,3082.930000,3131.784000,3104.010000
84788,02313510,AMZN,15473,2021-03-12,3089.490000,2417718,3045.500000,3098.980000,3075.000000
84788,02313510,AMZN,15473,2021-03-15,3081.680000,2901378,3032.090000,3082.240000,3074.570000
84788,02313510,AMZN,15473,2021-03-16,3091.860000,2532241,3075.860000,3128.910000,3104.970000
84788,02313510,AMZN,15473,2021-03-17,3135.730000,3102021,3070.220000,3173.050000,3073.220000
84788,02313510,AMZN,15473,2021-03-18,3027.990000,3648562,3025.000000,3116.630000,3101.000000
84788,02313510,AMZN,15473,2021-03-19,3074.960000,4603002,3016.630000,3077.285000,3029.230000
84788,02313510,AMZN,15473,2021-03-22,3110.870000,2894989,3060.050000,3126.580000,3067.850000
84788,02313510,AMZN,15473,2021-03-23,3137.500000,3809175,3120.850000,3182.000000,3127.000000
84788,02313510,AMZN,15473,2021-03-24,3087.070000,2945832,3085.150000,3160.310000,3151.040000
84788,02313510,AMZN,15473,2021-03-25,3046.260000,3551727,3037.140000,3109.780000,3072.990000
84788,02313510,AMZN,15473,2021-03-26,3052.030000,3301098,2996.000000,3056.660000,3044.060000
84788,02313510,AMZN,15473,2021-03-29,3075.730000,2737954,3028.445000,3091.250000,3055.439000
84788,02313510,AMZN,15473,2021-03-30,3055.290000,2331069,3034.000000,3073.000000,3070.010000
84788,02313510,AMZN,15473,2021-03-31,3094.080000,3085256,3062.500000,3119.330000,3064.060000
84788,02313510,AMZN,15473,2021-04-01,3161.000000,2934767,3115.550000,3162.440000,3117.940000
84788,02313510,AMZN,15473,2021-04-05,3226.730000,3327817,3161.240000,3235.955000,3173.000000
84788,02313510,AMZN,15473,2021-04-06,3223.820000,2530762,3217.040000,3247.310000,3223.750000
84788,02313510,AMZN,15473,2021-04-07,3279.390000,3336113,3223.650000,3303.613000,3233.800000
84788,02313510,AMZN,15473,2021-04-08,3299.300000,2808990,3292.000000,3324.500000,3310.900000
84788,02313510,AMZN,15473,2021-04-09,3372.200000,4330465,3288.900000,3372.200000,3304.700000
84788,02313510,AMZN,15473,2021-04-12,3379.390000,3270478,3351.150000,3395.040000,3355.210000
84788,02313510,AMZN,15473,2021-04-13,3400.000000,3302520,3395.630000,3432.000000,3400.845000
84788,02313510,AMZN,15473,2021-04-14,3333.000000,3133529,3326.000000,3404.130000,3404.040000
84788,02313510,AMZN,15473,2021-04-15,3379.090000,3222904,3352.000000,3397.000000,3371.000000
84788,02313510,AMZN,15473,2021-04-16,3399.440000,3177126,3355.590000,3406.800000,3380.000000
84788,02313510,AMZN,15473,2021-04-19,3372.010000,2719469,3360.160000,3435.933000,3390.330000
84788,02313510,AMZN,15473,2021-04-20,3334.690000,2616762,3316.000000,3382.990000,3373.600000
84788,02313510,AMZN,15473,2021-04-21,3362.020000,2206122,3303.806000,3362.860000,3316.000000
84788,02313510,AMZN,15473,2021-04-22,3309.040000,2572154,3301.450000,3372.870000,3371.680000
84788,02313510,AMZN,15473,2021-04-23,3340.880000,3181361,3308.500000,3375.000000,3319.100000
84788,02313510,AMZN,15473,2021-04-26,3409.000000,4868694,3330.940000,3428.450000,3348.000000
84788,02313510,AMZN,15473,2021-04-27,3417.430000,3816532,3398.010000,3460.000000,3443.470000
84788,02313510,AMZN,15473,2021-04-28,3458.500000,4618944,3425.000000,3489.880000,3434.800000
84788,02313510,AMZN,15473,2021-04-29,3471.310000,7669217,3435.000000,3514.445000,3505.098000
84788,02313510,AMZN,15473,2021-04-30,3467.420000,6990615,3462.500000,3554.000000,3525.120000
84788,02313510,AMZN,15473,2021-05-03,3386.490000,5858245,3372.701000,3486.645000,3484.730000
84788,02313510,AMZN,15473,2021-05-04,3311.870000,5414675,3272.130000,3367.975000,3356.190000
84788,02313510,AMZN,15473,2021-05-05,3270.540000,3704833,3264.360000,3354.695000,3338.855000
84788,02313510,AMZN,15473,2021-05-06,3306.370000,4421725,3247.200000,3314.400000,3270.000000
84788,02313510,AMZN,15473,2021-05-07,3291.610000,4697097,3289.070000,3330.890000,3319.090000
84788,02313510,AMZN,15473,2021-05-10,3190.490000,5818551,3190.000000,3283.000000,3282.320000
84788,02313510,AMZN,15473,2021-05-11,3223.910000,4607316,3127.370000,3238.000000,3136.280000
84788,02313510,AMZN,15473,2021-05-12,3151.940000,4924905,3133.100000,3207.940000,3185.000000
84788,02313510,AMZN,15473,2021-05-13,3161.470000,3348733,3133.000000,3203.840000,3185.470000
84788,02313510,AMZN,15473,2021-05-14,3222.900000,3320058,3183.000000,3228.860000,3185.560000
84788,02313510,AMZN,15473,2021-05-17,3270.390000,3715889,3234.590000,3292.750000,3245.930000
84788,02313510,AMZN,15473,2021-05-18,3232.280000,2820453,3230.370000,3312.000000,3292.575000
84788,02313510,AMZN,15473,2021-05-19,3231.800000,2670058,3184.000000,3234.750000,3195.000000
84788,02313510,AMZN,15473,2021-05-20,3247.680000,2625787,3236.180000,3259.680000,3244.404000
84788,02313510,AMZN,15473,2021-05-21,3203.080000,4097494,3197.010000,3256.695000,3250.000000
84788,02313510,AMZN,15473,2021-05-24,3244.990000,2416022,3210.499000,3257.950000,3215.500000
84788,02313510,AMZN,15473,2021-05-25,3259.050000,3251407,3213.760000,3279.820000,3266.670000
84788,02313510,AMZN,15473,2021-05-26,3265.160000,2379026,3258.510000,3295.730000,3274.591000
84788,02313510,AMZN,15473,2021-05-27,3230.110000,2554984,3230.040000,3260.355000,3256.000000
84788,02313510,AMZN,15473,2021-05-28,3223.070000,2321924,3219.700000,3247.990000,3242.000000
84788,02313510,AMZN,15473,2021-06-01,3218.650000,2423647,3209.060000,3250.980000,3243.495000
84788,02313510,AMZN,15473,2021-06-02,3233.990000,2009347,3208.000000,3235.000000,3223.100000
84788,02313510,AMZN,15473,2021-06-03,3187.010000,2393537,3184.030000,3214.435000,3204.230000
84788,02313510,AMZN,15473,2021-06-04,3206.220000,2246527,3198.810000,3221.000000,3212.000000
84788,02313510,AMZN,15473,2021-06-07,3198.010000,2214290,3172.200000,3208.000000,3197.330000
84788,02313510,AMZN,15473,2021-06-08,3264.110000,3409183,3218.010000,3279.532000,3222.610000
84788,02313510,AMZN,15473,2021-06-09,3281.150000,2451749,3270.700000,3297.580000,3272.870000
84788,02313510,AMZN,15473,2021-06-10,3349.650000,3464870,3281.150000,3351.000000,3282.010000
84788,02313510,AMZN,15473,2021-06-11,3346.830000,2791273,3333.450000,3366.580000,3349.650000
84788,02313510,AMZN,15473,2021-06-14,3383.870000,2553597,3335.500000,3385.000000,3346.830000
84788,02313510,AMZN,15473,2021-06-15,3383.130000,2412229,3363.110000,3396.987000,3384.000000
84788,02313510,AMZN,15473,2021-06-16,3415.250000,4183679,3360.530000,3426.350000,3392.000000
84788,02313510,AMZN,15473,2021-06-17,3489.240000,5129140,3401.000000,3497.200000,3403.180000
84788,02313510,AMZN,15473,2021-06-18,3486.900000,5225995,3473.710000,3507.000000,3479.990000
84788,02313510,AMZN,15473,2021-06-21,3453.960000,3265351,3434.000000,3482.000000,3476.420000
84788,02313510,AMZN,15473,2021-06-22,3505.440000,3329966,3456.090000,3523.780000,3458.060000
84788,02313510,AMZN,15473,2021-06-23,3503.820000,2804640,3483.200000,3521.000000,3505.000000
84788,02313510,AMZN,15473,2021-06-24,3449.080000,3820926,3430.850000,3524.860000,3507.640000
84788,02313510,AMZN,15473,2021-06-25,3401.460000,3921642,3394.180000,3464.820000,3464.000000
84788,02313510,AMZN,15473,2021-06-28,3443.890000,2240670,3413.510000,3448.000000,3416.000000
84788,02313510,AMZN,15473,2021-06-29,3448.140000,2091886,3423.030000,3456.030000,3438.820000
84788,02313510,AMZN,15473,2021-06-30,3440.160000,2391409,3435.000000,3471.602000,3441.060000
84788,02313510,AMZN,15473,2021-07-01,3432.970000,2034566,3409.421000,3457.000000,3434.610000
84788,02313510,AMZN,15473,2021-07-02,3510.980000,3173113,3436.920000,3511.720000,3451.640000
84788,02313510,AMZN,15473,2021-07-06,3675.740000,6710663,3529.000000,3685.480000,3530.110000
84788,02313510,AMZN,15473,2021-07-07,3696.580000,5314936,3678.910000,3734.200000,3717.377000
84788,02313510,AMZN,15473,2021-07-08,3731.410000,5142825,3621.120000,3759.986000,3643.560000
84788,02313510,AMZN,15473,2021-07-09,3719.340000,3717673,3693.397000,3748.000000,3722.520000
84788,02313510,AMZN,15473,2021-07-12,3718.550000,2557394,3696.793000,3757.290000,3744.000000
84788,02313510,AMZN,15473,2021-07-13,3677.360000,3831743,3671.320000,3773.078000,3702.100000
84788,02313510,AMZN,15473,2021-07-14,3681.680000,3293060,3660.827000,3717.660000,3708.850000
84788,02313510,AMZN,15473,2021-07-15,3631.200000,3178069,3620.920000,3695.400000,3694.200000
84788,02313510,AMZN,15473,2021-07-16,3573.630000,4034830,3570.455000,3646.060000,3633.310000
84788,02313510,AMZN,15473,2021-07-19,3549.590000,3774821,3499.160000,3550.210000,3532.580000
84788,02313510,AMZN,15473,2021-07-20,3573.190000,3247987,3518.000000,3592.000000,3567.320000
84788,02313510,AMZN,15473,2021-07-21,3585.200000,2314461,3543.642000,3586.450000,3576.375000
84788,02313510,AMZN,15473,2021-07-22,3638.030000,3256940,3582.270000,3640.020000,3587.230000
84788,02313510,AMZN,15473,2021-07-23,3656.640000,2428363,3622.040000,3666.110000,3640.000000
84788,02313510,AMZN,15473,2021-07-26,3699.820000,2887448,3647.250000,3712.080000,3673.170000
84788,02313510,AMZN,15473,2021-07-27,3626.390000,4102161,3586.150000,3698.500000,3698.500000
84788,02313510,AMZN,15473,2021-07-28,3630.320000,2993987,3601.000000,3658.420000,3633.780000
84788,02313510,AMZN,15473,2021-07-29,3599.920000,5525232,3580.010000,3637.950000,3627.750000
84788,02313510,AMZN,15473,2021-07-30,3327.590000,9897618,3306.980000,3368.140000,3347.950000
84788,02313510,AMZN,15473,2021-08-02,3331.480000,3338747,3317.000000,3358.920000,3353.100000
84788,02313510,AMZN,15473,2021-08-03,3366.240000,4147857,3299.770000,3391.000000,3340.720000
84788,02313510,AMZN,15473,2021-08-04,3354.720000,2180361,3345.560000,3388.880000,3379.350000
84788,02313510,AMZN,15473,2021-08-05,3375.990000,2454233,3340.920000,3389.000000,3356.220000
84788,02313510,AMZN,15473,2021-08-06,3344.940000,2633219,3329.037000,3375.000000,3375.000000
84788,02313510,AMZN,15473,2021-08-09,3341.870000,2125678,3328.520000,3354.880000,3343.610000
84788,02313510,AMZN,15473,2021-08-10,3320.680000,2393352,3315.000000,3358.000000,3345.010000
84788,02313510,AMZN,15473,2021-08-11,3292.110000,2941126,3277.790000,3337.700000,3331.447000
84788,02313510,AMZN,15473,2021-08-12,3303.500000,2311205,3269.670000,3314.510000,3290.000000
84788,02313510,AMZN,15473,2021-08-13,3293.970000,2049481,3283.000000,3306.065000,3305.670000
84788,02313510,AMZN,15473,2021-08-16,3298.990000,3303310,3211.130000,3300.000000,3283.000000
84788,02313510,AMZN,15473,2021-08-17,3241.960000,3373717,3225.680000,3280.490000,3277.500000
84788,02313510,AMZN,15473,2021-08-18,3201.220000,3023330,3200.000000,3254.097000,3241.990000
84788,02313510,AMZN,15473,2021-08-19,3187.750000,3749283,3182.464000,3233.000000,3194.020000
84788,02313510,AMZN,15473,2021-08-20,3199.950000,3346605,3175.760000,3207.810000,3203.873000
84788,02313510,AMZN,15473,2021-08-23,3265.870000,3258058,3210.005000,3280.900000,3211.900000
84788,02313510,AMZN,15473,2021-08-24,3305.780000,2548365,3274.580000,3315.494000,3280.000000
84788,02313510,AMZN,15473,2021-08-25,3299.180000,1676830,3286.150000,3321.000000,3309.870000
84788,02313510,AMZN,15473,2021-08-26,3316.000000,2095242,3296.000000,3332.000000,3299.000000
84788,02313510,AMZN,15473,2021-08-27,3349.630000,2395989,3313.750000,3352.320000,3333.230000
84788,02313510,AMZN,15473,2021-08-30,3421.570000,3180621,3355.220000,3445.000000,3357.425000
84788,02313510,AMZN,15473,2021-08-31,3470.790000,4349335,3395.590000,3472.580000,3424.800000
84788,02313510,AMZN,15473,2021-09-01,3479.000000,3607255,3475.240000,3527.000000,3496.396000
84788,02313510,AMZN,15473,2021-09-02,3463.120000,2917204,3455.000000,3511.961000,3494.760000
84788,02313510,AMZN,15473,2021-09-03,3478.050000,2564198,3436.440000,3482.670000,3452.000000
84788,02313510,AMZN,15473,2021-09-07,3509.290000,2732375,3476.940000,3528.090000,3478.000000
84788,02313510,AMZN,15473,2021-09-08,3525.500000,3043285,3495.670000,3545.630000,3511.650000
84788,02313510,AMZN,15473,2021-09-09,3484.160000,2712492,3480.370000,3549.990000,3526.020000
84788,02313510,AMZN,15473,2021-09-10,3469.150000,2376517,3462.906000,3508.450000,3501.831000
84788,02313510,AMZN,15473,2021-09-13,3457.170000,2536800,3438.000000,3497.960000,3482.800000
84788,02313510,AMZN,15473,2021-09-14,3450.000000,1927928,3437.710000,3486.806000,3475.550000
84788,02313510,AMZN,15473,2021-09-15,3475.790000,2949264,3402.010000,3485.420000,3442.520000
84788,02313510,AMZN,15473,2021-09-16,3488.240000,2572815,3446.143000,3492.550000,3459.960000
84788,02313510,AMZN,15473,2021-09-17,3462.520000,4606503,3452.130000,3497.410000,3488.415000
84788,02313510,AMZN,15473,2021-09-20,3355.730000,4628416,3305.010000,3419.000000,3396.000000
84788,02313510,AMZN,15473,2021-09-21,3343.630000,2759185,3332.390000,3379.700000,3375.000000
84788,02313510,AMZN,15473,2021-09-22,3380.050000,2400809,3341.050000,3389.000000,3351.000000
84788,02313510,AMZN,15473,2021-09-23,3416.000000,2366151,3380.050000,3428.960000,3380.050000
84788,02313510,AMZN,15473,2021-09-24,3425.520000,2110776,3393.400000,3429.260000,3402.010000
84788,02313510,AMZN,15473,2021-09-27,3405.800000,3621621,3339.610000,3415.570000,3371.500000
84788,02313510,AMZN,15473,2021-09-28,3315.960000,4414067,3290.100000,3369.190000,3357.710000
84788,02313510,AMZN,15473,2021-09-29,3301.120000,2555549,3297.870000,3351.300000,3322.110000
84788,02313510,AMZN,15473,2021-09-30,3285.040000,2838738,3273.990000,3327.850000,3316.000000
84788,02313510,AMZN,15473,2021-10-01,3283.260000,2819726,3255.940000,3309.175000,3289.010000
84788,02313510,AMZN,15473,2021-10-04,3189.780000,4509896,3176.250000,3279.990000,3279.390000
84788,02313510,AMZN,15473,2021-10-05,3221.000000,3258737,3202.464000,3260.730000,3204.500000
84788,02313510,AMZN,15473,2021-10-06,3262.010000,2520356,3198.620000,3264.340000,3213.530000
84788,02313510,AMZN,15473,2021-10-07,3302.430000,2396886,3283.060000,3325.746000,3291.540000
84788,02313510,AMZN,15473,2021-10-08,3288.620000,1990028,3288.200000,3321.430000,3317.000000
84788,02313510,AMZN,15473,2021-10-11,3246.300000,2023375,3238.100000,3292.590000,3275.000000
84788,02313510,AMZN,15473,2021-10-12,3247.330000,1810315,3236.280000,3267.528000,3257.000000
84788,02313510,AMZN,15473,2021-10-13,3284.280000,2410366,3261.089000,3288.380000,3269.710000
84788,02313510,AMZN,15473,2021-10-14,3299.860000,2096512,3290.780000,3312.600000,3302.454000
84788,02313510,AMZN,15473,2021-10-15,3409.020000,5155797,3304.000000,3410.420000,3311.420000
84788,02313510,AMZN,15473,2021-10-18,3446.740000,3149205,3385.100000,3449.170000,3388.358000
84788,02313510,AMZN,15473,2021-10-19,3444.150000,2370529,3422.000000,3454.690000,3434.290000
84788,02313510,AMZN,15473,2021-10-20,3415.060000,2120340,3400.370000,3462.860000,3452.660000
84788,02313510,AMZN,15473,2021-10-21,3435.010000,1867011,3403.000000,3440.280000,3414.250000
84788,02313510,AMZN,15473,2021-10-22,3335.550000,3117144,3331.300000,3429.840000,3421.000000
84788,02313510,AMZN,15473,2021-10-25,3320.370000,2207742,3297.700000,3347.800000,3335.000000
84788,02313510,AMZN,15473,2021-10-26,3376.070000,2680646,3343.980000,3416.120000,3349.510000
84788,02313510,AMZN,15473,2021-10-27,3392.490000,2686956,3371.453000,3437.000000,3388.000000
84788,02313510,AMZN,15473,2021-10-28,3446.570000,5688394,3386.000000,3479.000000,3402.095000
84788,02313510,AMZN,15473,2021-10-29,3372.430000,6440415,3273.320000,3374.820000,3300.020000
84788,02313510,AMZN,15473,2021-11-01,3318.110000,3595820,3292.020000,3375.860000,3361.800000
84788,02313510,AMZN,15473,2021-11-02,3312.750000,2620857,3283.550000,3331.115000,3315.010000
84788,02313510,AMZN,15473,2021-11-03,3384.000000,3373286,3297.520000,3394.920000,3309.000000
84788,02313510,AMZN,15473,2021-11-04,3477.000000,5306040,3365.000000,3498.625000,3370.000000
84788,02313510,AMZN,15473,2021-11-05,3518.990000,4967764,3476.980000,3566.250000,3477.000000
84788,02313510,AMZN,15473,2021-11-08,3488.980000,3065147,3487.860000,3579.000000,3523.240000
84788,02313510,AMZN,15473,2021-11-09,3576.230000,4267995,3501.425000,3593.770000,3515.250000
84788,02313510,AMZN,15473,2021-11-10,3482.050000,3993004,3463.090000,3605.450000,3563.870000
84788,02313510,AMZN,15473,2021-11-11,3472.500000,2259132,3467.470000,3543.240000,3513.000000
84788,02313510,AMZN,15473,2021-11-12,3525.150000,2671448,3447.050000,3540.726000,3485.000000
84788,02313510,AMZN,15473,2021-11-15,3545.680000,2908755,3525.810000,3593.880000,3537.000000
84788,02313510,AMZN,15473,2021-11-16,3540.700000,2199199,3525.146000,3576.500000,3539.000000
84788,02313510,AMZN,15473,2021-11-17,3549.000000,2545577,3545.350000,3587.245000,3564.720000
84788,02313510,AMZN,15473,2021-11-18,3696.060000,5665229,3561.000000,3704.200000,3566.350000
84788,02313510,AMZN,15473,2021-11-19,3676.570000,4910267,3675.720000,3762.145000,3712.690000
84788,02313510,AMZN,15473,2021-11-22,3572.570000,4816583,3567.500000,3713.455000,3676.377000
84788,02313510,AMZN,15473,2021-11-23,3580.040000,3660388,3527.710000,3621.050000,3585.040000
84788,02313510,AMZN,15473,2021-11-24,3580.410000,2316660,3536.850000,3613.640000,3562.670000
84788,02313510,AMZN,15473,2021-11-26,3504.560000,2971986,3504.150000,3633.500000,3602.095000
84788,02313510,AMZN,15473,2021-11-29,3561.570000,3239238,3531.500000,3596.000000,3547.644000
84788,02313510,AMZN,15473,2021-11-30,3507.070000,3965870,3492.010000,3585.770000,3563.500000
84788,02313510,AMZN,15473,2021-12-01,3443.720000,3711890,3441.600000,3559.880000,3545.000000
84788,02313510,AMZN,15473,2021-12-02,3437.360000,3202137,3423.750000,3492.700000,3460.000000
84788,02313510,AMZN,15473,2021-12-03,3389.790000,4007501,3338.600000,3469.865000,3455.000000
84788,02313510,AMZN,15473,2021-12-06,3427.370000,3418341,3338.690000,3473.910000,3393.000000
84788,02313510,AMZN,15473,2021-12-07,3523.290000,3293019,3466.690000,3549.990000,3492.000000
84788,02313510,AMZN,15473,2021-12-08,3523.160000,2246653,3495.010000,3543.600000,3523.010000
84788,02313510,AMZN,15473,2021-12-09,3483.420000,2296873,3482.790000,3539.390000,3515.000000
84788,02313510,AMZN,15473,2021-12-10,3444.240000,3013583,3410.000000,3518.540000,3508.340000
84788,02313510,AMZN,15473,2021-12-13,3391.350000,3094767,3382.600000,3442.000000,3440.000000
84788,02313510,AMZN,15473,2021-12-14,3381.830000,2780816,3328.800000,3389.980000,3351.000000
84788,02313510,AMZN,15473,2021-12-15,3466.300000,3750384,3303.900000,3472.000000,3371.960000
84788,02313510,AMZN,15473,2021-12-16,3377.420000,3018111,3363.205000,3483.320000,3467.371000
84788,02313510,AMZN,15473,2021-12-17,3400.350000,4260384,3312.271000,3417.970000,3354.210000
84788,02313510,AMZN,15473,2021-12-20,3341.580000,2850521,3312.000000,3357.485000,3337.000000
84788,02313510,AMZN,15473,2021-12-21,3408.340000,2779849,3312.950000,3414.330000,3357.010000
84788,02313510,AMZN,15473,2021-12-22,3420.740000,2734090,3370.010000,3441.000000,3385.395000
84788,02313510,AMZN,15473,2021-12-23,3421.370000,1829479,3403.000000,3439.500000,3408.560000
84788,02313510,AMZN,15473,2021-12-27,3393.390000,2924238,3384.310000,3458.860000,3420.740000
84788,02313510,AMZN,15473,2021-12-28,3413.220000,2719208,3382.710000,3443.518000,3403.650000
84788,02313510,AMZN,15473,2021-12-29,3384.020000,1777605,3372.010000,3424.240000,3416.800000
84788,02313510,AMZN,15473,2021-12-30,3372.890000,1864017,3370.480000,3417.760000,3394.000000
84788,02313510,AMZN,15473,2021-12-31,3334.340000,2415297,3331.170000,3387.000000,3379.120000
84788,02313510,AMZN,15473,2022-01-03,3408.090000,3170057,3323.210000,3414.070000,3351.000000
84788,02313510,AMZN,15473,2022-01-04,3350.440000,3503967,3326.990000,3428.000000,3408.760000
84788,02313510,AMZN,15473,2022-01-05,3287.140000,3189163,3287.140000,3342.525000,3337.660000
84788,02313510,AMZN,15473,2022-01-06,3265.080000,2572225,3238.744000,3296.000000,3269.010000
84788,02313510,AMZN,15473,2022-01-07,3251.080000,2305102,3240.620000,3304.865000,3276.780000
84788,02313510,AMZN,15473,2022-01-10,3229.720000,4359012,3126.090000,3233.230000,3211.710000
84788,02313510,AMZN,15473,2022-01-11,3307.240000,3120730,3214.030000,3327.000000,3230.000000
84788,02313510,AMZN,15473,2022-01-12,3304.140000,2479417,3288.340000,3337.560000,3331.500000
84788,02313510,AMZN,15473,2022-01-13,3224.280000,2585238,3221.820000,3324.430000,3305.010000
84788,02313510,AMZN,15473,2022-01-14,3242.760000,2278895,3196.010000,3245.000000,3203.000000
84788,02313510,AMZN,15473,2022-01-18,3178.350000,3346840,3153.290000,3194.690000,3182.100000
84788,02313510,AMZN,15473,2022-01-19,3125.980000,2638426,3125.000000,3185.000000,3175.240000
84788,02313510,AMZN,15473,2022-01-20,3033.350000,3588135,3027.020000,3160.000000,3135.320000
84788,02313510,AMZN,15473,2022-01-21,2852.860000,8133239,2841.408000,3018.000000,2999.000000
84788,02313510,AMZN,15473,2022-01-24,2890.880000,7713623,2707.040000,2898.900000,2780.000000
84788,02313510,AMZN,15473,2022-01-25,2799.720000,4503280,2762.900000,2872.000000,2844.850000
84788,02313510,AMZN,15473,2022-01-26,2777.450000,4726046,2746.370000,2903.695000,2895.000000
84788,02313510,AMZN,15473,2022-01-27,2792.750000,3835352,2787.000000,2884.870000,2816.000000
84788,02313510,AMZN,15473,2022-01-28,2879.560000,3707297,2758.585000,2879.960000,2817.210000
84788,02313510,AMZN,15473,2022-01-31,2991.470000,3880821,2886.010000,3007.210000,2895.000000
84788,02313510,AMZN,15473,2022-02-01,3023.870000,2941274,2952.555000,3034.160000,3000.000000
84788,02313510,AMZN,15473,2022-02-02,3012.250000,4336854,2977.272000,3101.500000,3101.009000
84788,02313510,AMZN,15473,2022-02-03,2776.910000,11232292,2766.660000,2884.950000,2834.750000
84788,02313510,AMZN,15473,2022-02-04,3152.790000,12585889,3012.160000,3224.000000,3112.130000
84788,02313510,AMZN,15473,2022-02-07,3158.710000,5100762,3145.000000,3253.815000,3170.400000
84788,02313510,AMZN,15473,2022-02-08,3228.270000,3769647,3111.010000,3235.850000,3135.010000
84788,02313510,AMZN,15473,2022-02-09,3223.790000,3421060,3205.000000,3276.690000,3257.470000
84788,02313510,AMZN,15473,2022-02-10,3180.070000,3393041,3155.000000,3214.330000,3167.000000
84788,02313510,AMZN,15473,2022-02-11,3065.870000,3824142,3054.675000,3180.000000,3162.690000
84788,02313510,AMZN,15473,2022-02-14,3103.340000,4222598,3033.000000,3168.966000,3035.020000
84788,02313510,AMZN,15473,2022-02-15,3130.210000,2904078,3092.750000,3160.140000,3152.110000
84788,02313510,AMZN,15473,2022-02-16,3162.010000,2614583,3094.690000,3176.680000,3115.810000
84788,02313510,AMZN,15473,2022-02-17,3093.050000,3173435,3090.000000,3206.975000,3162.920000
84788,02313510,AMZN,15473,2022-02-18,3052.030000,3592073,3017.860000,3109.990000,3109.990000
84788,02313510,AMZN,15473,2022-02-22,3003.950000,3279410,2969.710000,3059.650000,3009.570000
84788,02313510,AMZN,15473,2022-02-23,2896.540000,3183594,2893.020000,3035.260000,3033.010000
84788,02313510,AMZN,15473,2022-02-24,3027.160000,5025297,2790.000000,3034.980000,2796.750000
84788,02313510,AMZN,15473,2022-02-25,3075.770000,3106912,2984.270000,3079.800000,3011.000000
84788,02313510,AMZN,15473,2022-02-28,3071.260000,2488303,3017.000000,3089.000000,3048.500000
84788,02313510,AMZN,15473,2022-03-01,3022.840000,2211000,2999.540000,3081.980000,3054.650000
84788,02313510,AMZN,15473,2022-03-02,3041.050000,2346187,2975.000000,3059.990000,3016.980000
84788,02313510,AMZN,15473,2022-03-03,2957.970000,3226464,2937.120000,3078.580000,3070.630000
84788,02313510,AMZN,15473,2022-03-04,2912.820000,3014631,2876.140000,2957.000000,2943.180000
84788,02313510,AMZN,15473,2022-03-07,2749.060000,4301584,2748.330000,2921.890000,2908.870000
84788,02313510,AMZN,15473,2022-03-08,2720.290000,4560003,2671.450000,2813.990000,2733.670000
84788,02313510,AMZN,15473,2022-03-09,2785.580000,4123336,2736.560000,2805.000000,2790.000000
84788,02313510,AMZN,15473,2022-03-10,2936.350000,6710842,2879.560000,2973.485000,2913.700000
84788,02313510,AMZN,15473,2022-03-11,2910.490000,3425710,2907.380000,2993.500000,2991.490000
84788,02313510,AMZN,15473,2022-03-14,2837.060000,3672849,2817.680000,2949.000000,2919.620000
84788,02313510,AMZN,15473,2022-03-15,2947.330000,3754510,2840.000000,2959.700000,2857.000000
84788,02313510,AMZN,15473,2022-03-16,3062.080000,5741412,2947.070000,3063.000000,2970.000000
84788,02313510,AMZN,15473,2022-03-17,3144.780000,3626014,3042.800000,3149.970000,3052.810000
84788,02313510,AMZN,15473,2022-03-18,3225.010000,5134965,3120.220000,3231.880000,3136.260000
84788,02313510,AMZN,15473,2022-03-21,3229.830000,3328732,3191.060000,3261.680000,3222.415000
84788,02313510,AMZN,15473,2022-03-22,3297.780000,3177621,3233.980000,3323.340000,3236.110000
84788,02313510,AMZN,15473,2022-03-23,3268.160000,2768585,3253.740000,3327.400000,3274.100000
84788,02313510,AMZN,15473,2022-03-24,3272.990000,2824890,3201.000000,3282.370000,3274.990000
84788,02313510,AMZN,15473,2022-03-25,3295.470000,2456075,3245.000000,3307.370000,3280.000000
84788,02313510,AMZN,15473,2022-03-28,3379.810000,2972083,3298.000000,3380.750000,3299.500000
84788,02313510,AMZN,15473,2022-03-29,3386.300000,3285450,3357.370000,3416.630000,3407.680000
84788,02313510,AMZN,15473,2022-03-30,3326.020000,2802221,3310.000000,3379.010000,3370.190000
84788,02313510,AMZN,15473,2022-03-31,3259.950000,2968918,3259.070000,3329.900000,3328.895000
84788,02313510,AMZN,15473,2022-04-01,3271.200000,2827126,3246.390000,3316.540000,3282.990000
84788,02313510,AMZN,15473,2022-04-04,3366.930000,2490076,3264.110000,3367.890000,3282.500000
84788,02313510,AMZN,15473,2022-04-05,3281.100000,2671792,3265.320000,3362.210000,3354.830000
84788,02313510,AMZN,15473,2022-04-06,3175.120000,3912607,3145.090000,3244.000000,3233.010000
84788,02313510,AMZN,15473,2022-04-07,3155.690000,3372657,3090.230000,3201.580000,3168.000000
84788,02313510,AMZN,15473,2022-04-08,3089.210000,2277550,3084.615000,3147.370000,3135.000000
84788,02313510,AMZN,15473,2022-04-11,3022.440000,2587580,3010.690000,3082.730000,3054.260000
84788,02313510,AMZN,15473,2022-04-12,3015.750000,2741693,3007.660000,3101.980000,3073.850000
84788,02313510,AMZN,15473,2022-04-13,3110.820000,2661443,2992.000000,3120.500000,3000.370000
84788,02313510,AMZN,15473,2022-04-14,3034.130000,2562439,3029.435000,3117.940000,3107.800000
84788,02313510,AMZN,15473,2022-04-18,3055.700000,2308424,3005.010000,3080.790000,3030.470000
84788,02313510,AMZN,15473,2022-04-19,3162.310000,2722575,3031.010000,3172.980000,3040.590000
84788,02313510,AMZN,15473,2022-04-20,3079.960000,2962475,3072.070000,3152.050000,3152.050000
84788,02313510,AMZN,15473,2022-04-21,2965.920000,3177034,2951.790000,3134.760000,3094.280000
84788,02313510,AMZN,15473,2022-04-22,2887.000000,3644596,2873.950000,2992.300000,2965.000000
84788,02313510,AMZN,15473,2022-04-25,2921.480000,3067072,2846.131000,2924.430000,2880.460000
84788,02313510,AMZN,15473,2022-04-26,2787.820000,3848402,2778.590000,2897.115000,2896.000000
84788,02313510,AMZN,15473,2022-04-27,2763.340000,3533053,2715.670000,2838.970000,2803.830000
84788,02313510,AMZN,15473,2022-04-28,2891.930000,5838829,2806.000000,2918.750000,2843.560000
84788,02313510,AMZN,15473,2022-04-29,2485.630000,13534602,2432.500000,2615.220000,2596.980000
84788,02313510,AMZN,15473,2022-05-02,2490.000000,7387093,2367.500000,2493.365000,2448.020000
84788,02313510,AMZN,15473,2022-05-03,2485.070000,3923057,2456.500000,2524.410000,2481.070000
84788,02313510,AMZN,15473,2022-05-04,2518.570000,5486759,2383.660000,2520.000000,2472.000000
84788,02313510,AMZN,15473,2022-05-05,2328.140000,7188421,2301.450000,2469.980000,2460.000000
84788,02313510,AMZN,15473,2022-05-06,2295.450000,6189691,2261.625000,2381.010000,2297.000000
84788,02313510,AMZN,15473,2022-05-09,2175.780000,6391205,2159.140000,2280.000000,2226.250000
84788,02313510,AMZN,15473,2022-05-10,2177.180000,5252252,2143.420000,2252.850000,2225.000000
84788,02313510,AMZN,15473,2022-05-11,2107.440000,5441932,2088.570000,2203.120000,2162.070000
84788,02313510,AMZN,15473,2022-05-12,2138.610000,6563496,2048.110000,2215.615000,2055.000000
84788,02313510,AMZN,15473,2022-05-13,2261.100000,4653655,2156.000000,2263.680000,2181.380000
84788,02313510,AMZN,15473,2022-05-16,2216.210000,3707265,2207.083000,2279.850000,2262.000000
84788,02313510,AMZN,15473,2022-05-17,2307.370000,3794220,2225.530000,2316.000000,2265.500000
84788,02313510,AMZN,15473,2022-05-18,2142.250000,5389553,2124.975000,2257.060000,2228.790000
84788,02313510,AMZN,15473,2022-05-19,2146.380000,4393243,2123.858000,2200.680000,2125.610000
84788,02313510,AMZN,15473,2022-05-20,2151.820000,4953550,2100.187000,2197.960000,2191.370000
84788,02313510,AMZN,15473,2022-05-23,2151.140000,5393566,2079.000000,2176.375000,2169.220000
84788,02313510,AMZN,15473,2022-05-24,2082.000000,5111968,2025.200000,2108.000000,2080.500000
84788,02313510,AMZN,15473,2022-05-25,2135.500000,4635141,2073.000000,2163.500000,2073.110000
84788,02313510,AMZN,15473,2022-05-26,2221.550000,4636180,2149.070000,2253.310000,2159.400000
84788,02313510,AMZN,15473,2022-05-27,2302.930000,4696690,2252.560000,2303.740000,2271.000000
84788,02313510,AMZN,15473,2022-05-31,2404.190000,7180764,2313.500000,2439.890000,2325.600000
84788,02313510,AMZN,15473,2022-06-01,2433.680000,6367641,2412.445000,2503.580000,2445.120000
84788,02313510,AMZN,15473,2022-06-02,2510.220000,4997288,2400.900000,2512.200000,2433.680000
84788,02313510,AMZN,15473,2022-06-03,2447.000000,4845897,2420.929000,2488.000000,2484.000000
84788,02313510,AMZN,15473,2022-06-06,124.790000,134902138,123.810000,128.990000,125.245000
84788,02313510,AMZN,15473,2022-06-07,123.000000,85571391,120.630000,124.100000,122.005000
84788,02313510,AMZN,15473,2022-06-08,121.180000,65113755,120.750000,123.750000,122.610000
84788,02313510,AMZN,15473,2022-06-09,116.150000,66936483,116.100000,121.300000,119.990000
84788,02313510,AMZN,15473,2022-06-10,109.650000,87603635,109.050000,114.500000,113.415000
84788,02313510,AMZN,15473,2022-06-13,103.670000,99163004,101.860000,106.540000,104.190000
84788,02313510,AMZN,15473,2022-06-14,102.310000,69603688,101.430000,104.880000,104.190000
84788,02313510,AMZN,15473,2022-06-15,107.670000,84865135,103.530000,109.060000,103.860000
84788,02313510,AMZN,15473,2022-06-16,103.660000,82116619,102.010000,104.580000,104.470000
84788,02313510,AMZN,15473,2022-06-17,106.220000,99667566,102.510000,106.980000,102.800000
84788,02313510,AMZN,15473,2022-06-21,108.680000,70839488,103.560000,111.629900,108.200000
84788,02313510,AMZN,15473,2022-06-22,108.950000,59980890,107.020000,112.130000,107.430000
84788,02313510,AMZN,15473,2022-06-23,112.440000,64265612,107.930000,113.000000,110.390000
84788,02313510,AMZN,15473,2022-06-24,116.460000,70021764,111.430000,116.710000,112.380000
84788,02313510,AMZN,15473,2022-06-27,113.220000,62057783,112.700000,117.980000,117.090000
84788,02313510,AMZN,15473,2022-06-28,107.400000,75150824,107.040000,114.850000,113.500000
84788,02313510,AMZN,15473,2022-06-29,108.920000,66267886,106.910000,110.990000,107.380000
84788,02313510,AMZN,15473,2022-06-30,106.210000,97565360,102.520000,108.180000,108.110000
84788,02313510,AMZN,15473,2022-07-01,109.560000,72927171,105.846900,109.750000,106.290000
84788,02313510,AMZN,15473,2022-07-05,113.500000,76580245,106.324200,114.080000,107.600000
84788,02313510,AMZN,15473,2022-07-06,114.330000,66906438,112.010000,115.480000,113.210000
84788,02313510,AMZN,15473,2022-07-07,116.330000,57810933,113.490000,116.990000,113.850000
84788,02313510,AMZN,15473,2022-07-08,115.540000,45691687,113.690000,116.580000,114.600000
84788,02313510,AMZN,15473,2022-07-11,111.750000,53468261,110.870000,114.300000,114.080000
84788,02313510,AMZN,15473,2022-07-12,109.220000,54198926,108.340000,113.230000,112.160000
84788,02313510,AMZN,15473,2022-07-13,110.400000,61309428,106.010000,111.780000,107.030000
84788,02313510,AMZN,15473,2022-07-14,110.630000,51104745,107.580000,111.180000,110.240000
84788,02313510,AMZN,15473,2022-07-15,113.550000,84164765,111.590000,115.590000,112.500000
84788,02313510,AMZN,15473,2022-07-18,113.760000,59034140,113.150000,117.240000,115.000000
84788,02313510,AMZN,15473,2022-07-19,118.210000,60885931,114.030000,118.950000,115.700000
84788,02313510,AMZN,15473,2022-07-20,122.770000,71133562,118.320000,123.475000,118.615000
84788,02313510,AMZN,15473,2022-07-21,124.630000,60143467,121.260000,124.850000,123.200000
84788,02313510,AMZN,15473,2022-07-22,122.420000,51334417,121.350400,125.500000,125.010000
84788,02313510,AMZN,15473,2022-07-25,121.140000,50108388,120.030000,123.640000,122.695000
84788,02313510,AMZN,15473,2022-07-26,114.810000,66970952,114.530000,118.150000,115.790000
84788,02313510,AMZN,15473,2022-07-27,120.970000,61509775,117.160000,121.900000,117.310000
84788,02313510,AMZN,15473,2022-07-28,122.280000,82220747,118.080000,122.840000,121.570000
84788,02313510,AMZN,15473,2022-07-29,134.950000,148920396,132.410000,137.650000,134.900000
84788,02313510,AMZN,15473,2022-08-01,135.390000,76679025,133.510000,138.833900,134.960000
84788,02313510,AMZN,15473,2022-08-02,134.160000,61845811,134.090000,137.440000,134.720000
84788,02313510,AMZN,15473,2022-08-03,139.520000,71687062,136.050000,140.490000,136.210000
84788,02313510,AMZN,15473,2022-08-04,142.570000,70489907,139.550000,143.560000,140.580000
84788,02313510,AMZN,15473,2022-08-05,140.800000,50585972,139.600000,142.860000,140.100000
84788,02313510,AMZN,15473,2022-08-08,139.410000,52233700,138.290000,144.230000,142.050000
84788,02313510,AMZN,15473,2022-08-09,137.830000,40343026,136.210000,138.952300,138.052000
84788,02313510,AMZN,15473,2022-08-10,142.690000,54658239,141.010000,144.600000,142.900000
84788,02313510,AMZN,15473,2022-08-11,140.640000,44794798,139.760000,144.490000,143.860000
84788,02313510,AMZN,15473,2022-08-12,143.550000,47554520,140.120100,143.570000,142.050000
84788,02313510,AMZN,15473,2022-08-15,143.180000,38904624,141.490000,143.760000,142.800000
84788,02313510,AMZN,15473,2022-08-16,144.780000,59019679,142.000000,146.570000,143.905000
84788,02313510,AMZN,15473,2022-08-17,142.100000,48088602,140.780000,143.380000,142.690000
84788,02313510,AMZN,15473,2022-08-18,142.300000,37408842,140.380000,142.770000,141.320000
84788,02313510,AMZN,15473,2022-08-19,138.230000,48138027,137.914200,141.110000,140.470000
84788,02313510,AMZN,15473,2022-08-22,133.220000,50396785,132.850000,136.320000,135.720000
84788,02313510,AMZN,15473,2022-08-23,133.620000,36215334,132.950000,134.990000,133.410000
84788,02313510,AMZN,15473,2022-08-24,133.800000,38527288,132.100000,135.470000,132.750000
84788,02313510,AMZN,15473,2022-08-25,137.280000,37422045,134.280000,137.420000,135.260000
84788,02313510,AMZN,15473,2022-08-26,130.750000,53215046,130.500000,137.830000,136.550000
84788,02313510,AMZN,15473,2022-08-29,129.790000,48024349,128.770000,131.949900,129.900000
84788,02313510,AMZN,15473,2022-08-30,128.730000,49162865,126.850000,132.074500,131.250000
84788,02313510,AMZN,15473,2022-08-31,126.770000,53595757,126.740000,130.590000,129.450000
84788,02313510,AMZN,15473,2022-09-01,127.820000,56577792,123.660000,128.020000,126.000000
84788,02313510,AMZN,15473,2022-09-02,127.510000,57354839,126.390000,131.380000,129.500000
84788,02313510,AMZN,15473,2022-09-06,126.110000,43853429,124.740000,128.620000,127.920000
84788,02313510,AMZN,15473,2022-09-07,129.480000,48507017,125.400000,129.820000,126.120000
84788,02313510,AMZN,15473,2022-09-08,129.820000,43931688,127.100000,130.280000,127.720000
84788,02313510,AMZN,15473,2022-09-09,133.270000,49449061,130.760000,133.690000,130.910000
84788,02313510,AMZN,15473,2022-09-12,136.450000,53778309,134.000000,136.490000,134.095000
84788,02313510,AMZN,15473,2022-09-13,126.820000,72526605,126.270000,131.400000,131.010000
84788,02313510,AMZN,15473,2022-09-14,128.550000,45312298,126.330000,128.840000,127.364000
84788,02313510,AMZN,15473,2022-09-15,126.280000,52924544,125.495000,130.370000,127.380000
84788,02313510,AMZN,15473,2022-09-16,123.530000,115538595,120.700000,123.870000,122.780000
84788,02313510,AMZN,15473,2022-09-19,124.660000,47216116,121.800000,124.710000,122.160000
84788,02313510,AMZN,15473,2022-09-20,122.190000,47668682,121.140000,124.396300,123.350000
84788,02313510,AMZN,15473,2022-09-21,118.540000,58386177,118.450000,123.760000,122.490000
84788,02313510,AMZN,15473,2022-09-22,117.310000,55178708,116.260000,118.790000,117.080000
84788,02313510,AMZN,15473,2022-09-23,113.780000,65057005,112.060000,116.050000,116.000000
84788,02313510,AMZN,15473,2022-09-26,115.150000,62681680,113.130000,117.340000,113.295000
84788,02313510,AMZN,15473,2022-09-27,114.410000,60065402,113.050000,118.320000,117.195000
84788,02313510,AMZN,15473,2022-09-28,118.010000,55671628,113.800000,118.700000,114.380000
84788,02313510,AMZN,15473,2022-09-29,114.800000,58932289,113.060000,116.070000,115.600000
84788,02313510,AMZN,15473,2022-09-30,113.000000,59353538,112.840000,116.920000,114.075000
84788,02313510,AMZN,15473,2022-10-03,115.880000,50926134,112.450000,116.910000,113.580000
84788,02313510,AMZN,15473,2022-10-04,121.090000,62654185,119.790000,123.000000,119.890000
84788,02313510,AMZN,15473,2022-10-05,120.950000,48178947,117.690000,121.750000,118.580000
84788,02313510,AMZN,15473,2022-10-06,120.300000,42204303,119.500000,121.530000,120.770000
84788,02313510,AMZN,15473,2022-10-07,114.560000,54536790,113.880000,118.170000,118.000000
84788,02313510,AMZN,15473,2022-10-10,113.670000,42294138,112.430000,116.250000,115.100000
84788,02313510,AMZN,15473,2022-10-11,112.210000,56391984,110.390000,115.480000,112.710000
84788,02313510,AMZN,15473,2022-10-12,112.900000,45672004,111.400000,113.830000,112.490000
84788,02313510,AMZN,15473,2022-10-13,112.530000,86696086,105.345000,113.440000,107.880000
84788,02313510,AMZN,15473,2022-10-14,106.900000,67644705,106.600000,114.960000,114.100000
84788,02313510,AMZN,15473,2022-10-17,113.790000,62678114,110.090000,114.190000,110.110000
84788,02313510,AMZN,15473,2022-10-18,116.360000,65663657,114.790000,119.520000,119.060000
84788,02313510,AMZN,15473,2022-10-19,115.070000,47146411,113.220000,116.593200,114.710000
84788,02313510,AMZN,15473,2022-10-20,115.250000,48731510,113.510000,118.240000,113.830000
84788,02313510,AMZN,15473,2022-10-21,119.320000,55609492,114.500000,119.590000,114.792000
84788,02313510,AMZN,15473,2022-10-24,119.820000,49468966,116.570000,120.390000,119.980000
84788,02313510,AMZN,15473,2022-10-25,120.600000,50829656,118.950000,121.315200,119.650000
84788,02313510,AMZN,15473,2022-10-26,115.660000,68897963,114.760000,119.345700,116.000000
84788,02313510,AMZN,15473,2022-10-27,110.960000,129435731,109.770000,114.120000,113.920000
84788,02313510,AMZN,15473,2022-10-28,103.410000,223041247,97.660000,103.960000,97.905000
84788,02313510,AMZN,15473,2022-10-31,102.440000,100116646,100.740000,104.870000,103.560000
84788,02313510,AMZN,15473,2022-11-01,96.790000,153072236,96.060000,104.580000,103.990000
84788,02313510,AMZN,15473,2022-11-02,92.120000,135566148,92.010000,97.740000,97.315000
84788,02313510,AMZN,15473,2022-11-03,89.300000,136558152,89.020000,93.500000,92.470000
84788,02313510,AMZN,15473,2022-11-04,90.980000,132149503,88.040000,92.440000,91.490000
84788,02313510,AMZN,15473,2022-11-07,90.530000,77414267,89.040000,92.100000,91.950000
84788,02313510,AMZN,15473,2022-11-08,89.980000,88637566,88.230000,91.720000,90.790000
84788,02313510,AMZN,15473,2022-11-09,86.140000,90710819,85.870000,89.480000,89.470000
84788,02313510,AMZN,15473,2022-11-10,96.630000,173360251,91.650000,98.690000,92.935000
84788,02313510,AMZN,15473,2022-11-11,100.790000,111420692,96.660000,101.190000,97.880000
84788,02313510,AMZN,15473,2022-11-14,98.490000,99361638,97.290000,100.119900,98.770000
84788,02313510,AMZN,15473,2022-11-15,98.940000,111234872,97.340000,103.790000,103.210000
84788,02313510,AMZN,15473,2022-11-16,97.120000,87895421,95.540000,98.487900,96.850000
84788,02313510,AMZN,15473,2022-11-17,94.850000,82533666,94.030000,96.970000,95.370000
84788,02313510,AMZN,15473,2022-11-18,94.140000,72366522,92.480000,95.990000,95.950000
84788,02313510,AMZN,15473,2022-11-21,92.460000,84244325,90.590000,95.020000,93.970000
84788,02313510,AMZN,15473,2022-11-22,93.200000,62141093,90.870000,93.350000,92.620000
84788,02313510,AMZN,15473,2022-11-23,94.130000,59383540,92.830000,94.580000,93.240000
84788,02313510,AMZN,15473,2022-11-25,93.410000,35066219,93.065000,94.430000,93.790000
84788,02313510,AMZN,15473,2022-11-28,93.950000,75015973,93.430000,96.400000,93.930000
84788,02313510,AMZN,15473,2022-11-29,92.420000,65461493,91.440000,94.410000,94.040000
84788,02313510,AMZN,15473,2022-11-30,96.540000,102642430,91.525000,96.540000,92.470000
84788,02313510,AMZN,15473,2022-12-01,95.500000,68409492,94.920000,97.230000,96.990000
84788,02313510,AMZN,15473,2022-12-02,94.130000,72343940,93.780000,95.360000,94.475000
84788,02313510,AMZN,15473,2022-12-05,91.010000,71438827,90.820000,94.060000,93.050000
84788,02313510,AMZN,15473,2022-12-06,88.250000,75457178,87.900000,91.040000,90.500000
84788,02313510,AMZN,15473,2022-12-07,88.460000,68047920,87.480000,89.890000,88.340000
84788,02313510,AMZN,15473,2022-12-08,90.350000,73179848,87.880000,90.860000,89.240000
84788,02313510,AMZN,15473,2022-12-09,89.090000,67263543,88.630000,90.300000,88.900000
84788,02313510,AMZN,15473,2022-12-12,90.550000,61747147,87.870000,90.580000,89.210000
84788,02313510,AMZN,15473,2022-12-13,92.490000,100059522,90.520000,96.250000,95.230000
84788,02313510,AMZN,15473,2022-12-14,91.580000,70155887,89.870000,93.458100,92.502000
84788,02313510,AMZN,15473,2022-12-15,88.450000,84580672,87.470000,89.970000,89.890000
84788,02313510,AMZN,15473,2022-12-16,87.860000,160272178,86.730000,89.350000,88.265000
84788,02313510,AMZN,15473,2022-12-19,84.920000,83317214,84.510000,87.630000,87.510000
84788,02313510,AMZN,15473,2022-12-20,85.190000,74281373,84.330000,86.610000,85.330000
84788,02313510,AMZN,15473,2022-12-21,86.770000,59213286,85.210000,87.225000,86.175000
84788,02313510,AMZN,15473,2022-12-22,83.790000,81340455,82.250000,85.680000,85.520000
84788,02313510,AMZN,15473,2022-12-23,85.250000,57376887,82.934400,85.780000,83.250000
84788,02313510,AMZN,15473,2022-12-27,83.040000,57308663,83.000000,85.350000,84.970000
84788,02313510,AMZN,15473,2022-12-28,81.820000,58158484,81.690000,83.480000,82.800000
84788,02313510,AMZN,15473,2022-12-29,84.180000,54930062,82.550000,84.550000,82.870000
84788,02313510,AMZN,15473,2022-12-30,84.000000,62295950,82.470000,84.050000,83.120000
84788,02313510,AMZN,15473,2023-01-03,85.820000,76643433,84.205000,86.960000,85.460000
84788,02313510,AMZN,15473,2023-01-04,85.140000,68762793,83.360000,86.980000,86.550000
84788,02313510,AMZN,15473,2023-01-05,83.120000,67855686,83.070000,85.420000,85.330000
84788,02313510,AMZN,15473,2023-01-06,86.080000,83157846,81.430000,86.400000,83.030000
84788,02313510,AMZN,15473,2023-01-09,87.360000,65166682,87.080000,89.480000,87.460000
84788,02313510,AMZN,15473,2023-01-10,89.870000,67750097,87.290000,90.185000,87.570000
84788,02313510,AMZN,15473,2023-01-11,95.090000,102863673,90.930000,95.260000,90.930000
84788,02313510,AMZN,15473,2023-01-12,95.270000,85193668,93.500000,97.190000,96.930000
84788,02313510,AMZN,15473,2023-01-13,98.120000,85425579,94.120000,98.370000,94.180000
84788,02313510,AMZN,15473,2023-01-17,96.050000,72660096,95.730000,98.890000,98.680000
84788,02313510,AMZN,15473,2023-01-18,95.460000,80080278,95.380000,99.320000,97.250000
84788,02313510,AMZN,15473,2023-01-19,93.680000,68851234,92.860000,95.440000,94.740000
84788,02313510,AMZN,15473,2023-01-20,97.250000,67491621,93.202500,97.354000,93.860000
84788,02313510,AMZN,15473,2023-01-23,97.520000,76379107,95.860000,97.780000,97.560000
84788,02313510,AMZN,15473,2023-01-24,96.320000,66875711,96.000000,98.090000,96.930000
84788,02313510,AMZN,15473,2023-01-25,97.180000,94104994,91.520000,97.240000,92.560000
84788,02313510,AMZN,15473,2023-01-26,99.220000,68457792,96.920000,99.490000,98.235000
84788,02313510,AMZN,15473,2023-01-27,102.240000,87681182,99.530000,103.485000,99.530000
84788,02313510,AMZN,15473,2023-01-30,100.550000,70617811,99.010000,101.740000,101.090000
84788,02313510,AMZN,15473,2023-01-31,103.130000,66425681,101.140000,103.348400,101.155000
84788,02313510,AMZN,15473,2023-02-01,105.150000,80348582,101.240000,106.240000,102.530000
84788,02313510,AMZN,15473,2023-02-02,112.910000,157991199,108.880000,114.000000,110.245000
84788,02313510,AMZN,15473,2023-02-03,103.390000,144714408,102.520000,108.780000,105.260000
84788,02313510,AMZN,15473,2023-02-06,102.180000,81836026,100.650000,103.948400,102.925000
84788,02313510,AMZN,15473,2023-02-07,102.110000,119370407,98.080000,102.410000,101.170000
84788,02313510,AMZN,15473,2023-02-08,100.050000,76153400,98.775000,102.669900,102.040000
84788,02313510,AMZN,15473,2023-02-09,98.240000,64466259,97.570000,101.780000,101.320000
84788,02313510,AMZN,15473,2023-02-10,97.610000,52685934,96.230000,98.816300,97.560000
84788,02313510,AMZN,15473,2023-02-13,99.540000,52758068,96.910000,99.680000,97.850000
84788,02313510,AMZN,15473,2023-02-14,99.700000,56138946,97.520000,100.920700,98.410000
84788,02313510,AMZN,15473,2023-02-15,101.160000,47994992,98.450000,101.170000,99.090000
84788,02313510,AMZN,15473,2023-02-16,98.150000,56239094,98.100000,100.630000,99.210000
84788,02313510,AMZN,15473,2023-02-17,97.200000,60817490,95.650000,97.940000,97.800000
84788,02313510,AMZN,15473,2023-02-21,94.580000,56505524,94.270000,95.605000,95.335000
84788,02313510,AMZN,15473,2023-02-22,95.790000,59439362,94.800000,97.010000,95.100000
84788,02313510,AMZN,15473,2023-02-23,95.820000,48419548,93.670000,96.430000,96.120000
84788,02313510,AMZN,15473,2023-02-24,93.500000,56891152,92.318600,94.140000,93.530000
84788,02313510,AMZN,15473,2023-02-27,93.760000,47421591,93.140000,94.780000,94.280000
84788,02313510,AMZN,15473,2023-02-28,94.230000,43910219,92.920000,94.690000,93.140000
84788,02313510,AMZN,15473,2023-03-01,92.170000,52367815,91.590000,94.680000,93.870000
84788,02313510,AMZN,15473,2023-03-02,92.130000,55484436,90.390000,92.230000,91.410000
84788,02313510,AMZN,15473,2023-03-03,94.900000,55493928,92.660000,94.940000,92.740000
84788,02313510,AMZN,15473,2023-03-06,93.750000,52021272,93.740000,96.545000,95.190000
84788,02313510,AMZN,15473,2023-03-07,93.550000,50872611,92.780000,95.090000,94.060000
84788,02313510,AMZN,15473,2023-03-08,93.920000,44850139,92.180000,94.165000,93.600000
84788,02313510,AMZN,15473,2023-03-09,92.250000,56137836,92.180000,96.210000,93.680000
84788,02313510,AMZN,15473,2023-03-10,90.730000,69701320,90.245000,93.570000,92.670000
84788,02313510,AMZN,15473,2023-03-13,92.430000,72263754,88.120000,94.020000,89.970000
84788,02313510,AMZN,15473,2023-03-14,94.880000,60797711,92.710000,95.070000,93.830000
84788,02313510,AMZN,15473,2023-03-15,96.200000,70616174,93.070000,96.670000,93.220000
84788,02313510,AMZN,15473,2023-03-16,100.040000,84696272,95.610000,100.990000,95.750000
84788,02313510,AMZN,15473,2023-03-17,98.950000,87186181,97.455000,100.660000,99.790000
84788,02313510,AMZN,15473,2023-03-20,97.710000,62282240,95.700000,98.480000,98.410000
84788,02313510,AMZN,15473,2023-03-21,100.610000,58463038,98.000000,100.845000,98.140000
84788,02313510,AMZN,15473,2023-03-22,98.700000,57427477,98.610000,102.100000,100.450000
84788,02313510,AMZN,15473,2023-03-23,98.710000,57488389,97.620000,101.060000,100.430000
84788,02313510,AMZN,15473,2023-03-24,98.130000,56079318,96.400000,98.300000,98.065000
84788,02313510,AMZN,15473,2023-03-27,98.040000,46671874,97.080000,99.340000,99.070000
84788,02313510,AMZN,15473,2023-03-28,97.240000,38661616,96.290000,98.440000,98.110000
84788,02313510,AMZN,15473,2023-03-29,100.250000,49726271,98.560000,100.421800,98.690000
84788,02313510,AMZN,15473,2023-03-30,102.000000,53528150,101.010000,103.040000,101.550000
84788,02313510,AMZN,15473,2023-03-31,103.290000,56614934,101.950000,103.490000,102.160000
84788,02313510,AMZN,15473,2023-04-03,102.410000,41088665,101.430000,103.290000,102.300000
84788,02313510,AMZN,15473,2023-04-04,103.950000,48605932,102.110000,104.200000,102.750000
84788,02313510,AMZN,15473,2023-04-05,101.100000,45086413,100.750600,103.910000,103.910000
84788,02313510,AMZN,15473,2023-04-06,102.060000,43732854,99.800800,102.381700,100.750000
84788,02313510,AMZN,15473,2023-04-10,102.170000,37200578,99.570000,102.200000,100.960000
84788,02313510,AMZN,15473,2023-04-11,99.920000,60293838,99.010000,101.000000,100.800000
84788,02313510,AMZN,15473,2023-04-12,97.830000,56660396,97.705000,100.510000,100.400000
84788,02313510,AMZN,15473,2023-04-13,102.400000,67767612,98.710000,102.570000,98.950000
84788,02313510,AMZN,15473,2023-04-14,102.510000,51400712,101.110000,103.201300,102.070000
84788,02313510,AMZN,15473,2023-04-17,102.740000,39867327,101.590000,103.730000,103.160000
84788,02313510,AMZN,15473,2023-04-18,102.300000,39704994,101.520000,104.200000,103.950000
84788,02313510,AMZN,15473,2023-04-19,104.300000,58287615,101.390000,105.120000,101.580000
84788,02313510,AMZN,15473,2023-04-20,103.810000,57536692,103.210000,105.250000,103.530000
84788,02313510,AMZN,15473,2023-04-21,106.960000,86649735,105.080000,108.150000,106.100000
84788,02313510,AMZN,15473,2023-04-24,106.210000,69504388,105.070000,109.230000,107.655000
84788,02313510,AMZN,15473,2023-04-25,102.570000,64849968,102.450000,105.450000,104.910000
84788,02313510,AMZN,15473,2023-04-26,104.980000,73696555,104.100000,106.620000,105.040000
84788,02313510,AMZN,15473,2023-04-27,109.820000,149633714,106.800000,110.860000,108.160000
84788,02313510,AMZN,15473,2023-04-28,105.450000,130342271,104.330000,109.480000,107.730000
84788,02313510,AMZN,15473,2023-05-01,102.050000,74657011,101.820000,105.230000,104.950000
84788,02313510,AMZN,15473,2023-05-02,103.630000,73347459,101.150000,103.900000,101.470000
84788,02313510,AMZN,15473,2023-05-03,103.650000,64986324,103.280000,105.960000,103.735000
84788,02313510,AMZN,15473,2023-05-04,104.000000,45284118,103.311700,105.390000,104.040000
84788,02313510,AMZN,15473,2023-05-05,105.655000,57973089,103.550000,105.760000,104.270000
84788,02313510,AMZN,15473,2023-05-08,105.830000,49356005,104.700100,106.095000,105.040000
84788,02313510,AMZN,15473,2023-05-09,106.620000,44043016,105.156700,106.790000,105.480000
84788,02313510,AMZN,15473,2023-05-10,110.190000,78411018,108.050000,110.670000,108.100000
84788,02313510,AMZN,15473,2023-05-11,112.180000,74810400,110.490000,113.280000,111.030000
84788,02313510,AMZN,15473,2023-05-12,110.260000,49768250,109.318500,112.640000,112.160000
84788,02313510,AMZN,15473,2023-05-15,111.200000,52947790,109.250000,112.290000,111.150000
84788,02313510,AMZN,15473,2023-05-16,113.400000,71323972,111.050000,114.789900,111.050000
84788,02313510,AMZN,15473,2023-05-17,115.500000,65570205,114.220000,115.830000,114.890000
84788,02313510,AMZN,15473,2023-05-18,118.150000,73036264,116.335000,118.600000,116.690000
84788,02313510,AMZN,15473,2023-05-19,116.250000,54978727,115.700000,118.310000,118.160000
84788,02313510,AMZN,15473,2023-05-22,115.010000,70653923,114.250000,116.770000,116.770000
84788,02313510,AMZN,15473,2023-05-23,114.990000,67575533,113.780000,117.140000,114.270000
84788,02313510,AMZN,15473,2023-05-24,116.750000,63408220,115.020000,117.340000,115.350000
84788,02313510,AMZN,15473,2023-05-25,115.000000,66353519,114.310000,116.870000,116.630000
84788,02313510,AMZN,15473,2023-05-26,120.110000,96634880,116.020000,121.500000,116.040000
84788,02313510,AMZN,15473,2023-05-30,121.660000,64149026,119.855000,122.920000,122.370000
84788,02313510,AMZN,15473,2023-05-31,120.580000,72712346,119.170000,122.040000,121.450000
84788,02313510,AMZN,15473,2023-06-01,122.770000,54281681,119.930000,123.490000,120.690000
84788,02313510,AMZN,15473,2023-06-02,124.250000,61201907,124.015000,126.390000,124.920000
84788,02313510,AMZN,15473,2023-06-05,125.300000,47869440,123.030000,125.800000,123.360000
84788,02313510,AMZN,15473,2023-06-06,126.610000,45624991,125.000000,127.400000,125.070000
84788,02313510,AMZN,15473,2023-06-07,121.230000,95515441,120.630000,127.365000,127.010000
84788,02313510,AMZN,15473,2023-06-08,124.250000,62027178,122.257900,125.625000,123.010000
84788,02313510,AMZN,15473,2023-06-09,123.430000,51301661,123.190000,125.800000,124.080000
84788,02313510,AMZN,15473,2023-06-12,126.570000,51385109,123.530000,126.780000,124.020000
84788,02313510,AMZN,15473,2023-06-13,126.660000,50512427,125.180000,128.410000,128.120000
84788,02313510,AMZN,15473,2023-06-14,126.420000,52366567,124.120000,126.950000,126.700000
84788,02313510,AMZN,15473,2023-06-15,127.110000,60399663,124.320000,127.690000,125.210000
84788,02313510,AMZN,15473,2023-06-16,125.490000,84153277,125.300000,127.900000,127.710000
84788,02313510,AMZN,15473,2023-06-20,125.780000,56859997,124.500000,127.250000,124.970000
84788,02313510,AMZN,15473,2023-06-21,124.830000,52018805,123.850000,126.730000,125.640000
84788,02313510,AMZN,15473,2023-06-22,130.150000,90212957,125.140000,130.330000,125.310000
84788,02313510,AMZN,15473,2023-06-23,129.330000,71842185,128.280000,130.840000,129.110000
84788,02313510,AMZN,15473,2023-06-26,127.330000,59925434,127.100000,131.490000,129.330000
84788,02313510,AMZN,15473,2023-06-27,129.180000,46761556,127.550000,130.085000,128.630000
84788,02313510,AMZN,15473,2023-06-28,129.040000,52111996,128.440000,131.480000,128.940000
84788,02313510,AMZN,15473,2023-06-29,127.900000,40706257,127.255000,129.260000,128.770000
84788,02313510,AMZN,15473,2023-06-30,130.360000,54281846,128.950000,131.245000,129.470000
84788,02313510,AMZN,15473,2023-07-03,130.220000,28233709,130.065000,131.850000,130.820000
84788,02313510,AMZN,15473,2023-07-05,130.380000,35836717,129.640000,131.400000,130.240000
84788,02313510,AMZN,15473,2023-07-06,128.360000,40643860,127.370000,128.730000,128.250000
84788,02313510,AMZN,15473,2023-07-07,129.780000,41955421,128.129400,130.970000,128.590000
84788,02313510,AMZN,15473,2023-07-10,127.130000,61804689,125.915000,129.280000,129.070000
84788,02313510,AMZN,15473,2023-07-11,128.780000,49879471,127.350000,129.770000,127.750000
84788,02313510,AMZN,15473,2023-07-12,130.800000,53930544,128.830000,131.260000,130.310000
84788,02313510,AMZN,15473,2023-07-13,134.300000,61090929,132.710000,134.670000,134.040000
84788,02313510,AMZN,15473,2023-07-14,134.680000,54388591,134.060000,136.650000,134.060000
84788,02313510,AMZN,15473,2023-07-17,133.560000,48350478,133.210000,135.620000,134.560000
84788,02313510,AMZN,15473,2023-07-18,132.830000,54877092,131.355000,133.860000,132.710000
84788,02313510,AMZN,15473,2023-07-19,135.360000,54426160,132.530000,135.990000,133.390000
84788,02313510,AMZN,15473,2023-07-20,129.960000,59756766,129.330000,134.791500,134.070000
84788,02313510,AMZN,15473,2023-07-21,130.000000,133227371,128.415000,131.370000,131.340000
84788,02313510,AMZN,15473,2023-07-24,128.800000,45563147,128.350000,131.660000,130.305000
84788,02313510,AMZN,15473,2023-07-25,129.130000,39305650,128.530000,129.580000,129.310000
84788,02313510,AMZN,15473,2023-07-26,128.150000,53735019,126.110000,129.080000,126.510000
84788,02313510,AMZN,15473,2023-07-27,128.250000,52511582,127.790000,132.630000,131.000000
84788,02313510,AMZN,15473,2023-07-28,132.210000,46220956,129.330000,133.010000,129.690000
84788,02313510,AMZN,15473,2023-07-31,133.680000,41870015,132.380000,133.870000,133.200000
84788,02313510,AMZN,15473,2023-08-01,131.690000,42260868,131.619900,133.690000,133.550000
84788,02313510,AMZN,15473,2023-08-02,128.210000,50959616,126.820000,130.230000,130.154000
84788,02313510,AMZN,15473,2023-08-03,128.910000,92095292,126.410000,129.840000,127.480000
84788,02313510,AMZN,15473,2023-08-04,139.570000,152856899,139.320000,143.630000,141.060000
84788,02313510,AMZN,15473,2023-08-07,142.220000,71100013,138.950000,142.540000,140.990000
84788,02313510,AMZN,15473,2023-08-08,139.940000,51641255,138.420000,140.840000,140.620000
84788,02313510,AMZN,15473,2023-08-09,137.850000,49903979,137.100000,140.320000,139.970000
84788,02313510,AMZN,15473,2023-08-10,138.560000,58835044,137.490000,140.410000,139.075000
84788,02313510,AMZN,15473,2023-08-11,138.410000,42858482,137.000000,139.330000,137.400000
84788,02313510,AMZN,15473,2023-08-14,140.570000,47108725,137.750000,140.590000,138.300000
84788,02313510,AMZN,15473,2023-08-15,137.670000,42699614,137.230000,141.277800,140.050000
84788,02313510,AMZN,15473,2023-08-16,135.070000,41594443,135.010000,137.270000,137.190000
84788,02313510,AMZN,15473,2023-08-17,133.980000,48296782,133.530000,136.085000,135.460000
84788,02313510,AMZN,15473,2023-08-18,133.220000,48443971,131.150000,134.065000,131.620000
84788,02313510,AMZN,15473,2023-08-21,134.680000,41396975,132.710000,135.185000,133.740000
84788,02313510,AMZN,15473,2023-08-22,134.250000,32863200,133.730000,135.650000,135.080000
84788,02313510,AMZN,15473,2023-08-23,135.520000,42699846,133.220000,135.950000,134.500000
84788,02313510,AMZN,15473,2023-08-24,131.840000,43563569,131.830000,136.775000,136.400000
84788,02313510,AMZN,15473,2023-08-25,133.260000,44086678,130.580000,133.870000,132.470000
84788,02313510,AMZN,15473,2023-08-28,133.140000,34062183,131.850000,133.950000,133.780000
84788,02313510,AMZN,15473,2023-08-29,134.910000,38582565,133.250000,135.140000,133.380000
84788,02313510,AMZN,15473,2023-08-30,135.070000,36095575,133.920000,135.680000,134.930000
84788,02313510,AMZN,15473,2023-08-31,138.010000,58800636,135.000000,138.788500,135.060000
84788,02313510,AMZN,15473,2023-09-01,138.120000,40922523,136.875000,139.960000,139.455000
84788,02313510,AMZN,15473,2023-09-05,137.270000,40548279,135.820000,137.800000,137.730000
84788,02313510,AMZN,15473,2023-09-06,135.360000,41724661,134.610000,137.450000,136.320000
84788,02313510,AMZN,15473,2023-09-07,137.850000,48387472,133.160000,138.030000,133.900000
84788,02313510,AMZN,15473,2023-09-08,138.230000,38173329,136.750000,138.851900,136.860000
84788,02313510,AMZN,15473,2023-09-11,143.100000,56671302,138.640000,143.620000,138.750000
84788,02313510,AMZN,15473,2023-09-12,141.230000,42601602,140.610000,143.000000,142.320000
84788,02313510,AMZN,15473,2023-09-13,144.850000,60405696,140.865000,144.980000,140.950000
84788,02313510,AMZN,15473,2023-09-14,144.720000,63935359,142.950000,145.860000,145.080000
84788,02313510,AMZN,15473,2023-09-15,140.390000,102876555,140.090000,143.570000,142.690000
84788,02313510,AMZN,15473,2023-09-18,139.980000,42764283,139.220000,141.750000,140.480000
84788,02313510,AMZN,15473,2023-09-19,137.630000,61507341,135.560000,138.840000,138.700000
84788,02313510,AMZN,15473,2023-09-20,135.290000,46182924,135.200000,139.370000,138.550000
84788,02313510,AMZN,15473,2023-09-21,129.330000,70160424,129.310000,132.240000,131.940000
84788,02313510,AMZN,15473,2023-09-22,129.120000,59872923,128.520000,132.030000,131.110000
84788,02313510,AMZN,15473,2023-09-25,131.270000,45910227,128.770000,131.780000,129.360000
84788,02313510,AMZN,15473,2023-09-26,125.980000,72932604,125.280000,130.390000,130.120000
84788,02313510,AMZN,15473,2023-09-27,125.980000,66439599,124.130000,127.480000,125.760000
84788,02313510,AMZN,15473,2023-09-28,125.980000,54437649,123.040000,126.580100,124.040000
84788,02313510,AMZN,15473,2023-09-29,127.120000,62301042,126.320000,129.150000,128.200000
84788,02313510,AMZN,15473,2023-10-02,129.460000,47940316,126.540000,130.470000,127.280000
84788,02313510,AMZN,15473,2023-10-03,124.720000,51490411,124.254400,128.520000,128.060000
84788,02313510,AMZN,15473,2023-10-04,127.000000,44154225,125.680000,127.360000,126.060000
84788,02313510,AMZN,15473,2023-10-05,125.960000,39635119,124.330000,126.730000,126.710000
84788,02313510,AMZN,15473,2023-10-06,127.960000,46765218,124.130000,128.450000,124.160000
84788,02313510,AMZN,15473,2023-10-09,128.260000,38741381,124.760000,128.790000,126.220000
84788,02313510,AMZN,15473,2023-10-10,129.480000,42107542,128.050000,130.740000,128.820000
84788,02313510,AMZN,15473,2023-10-11,131.830000,40703697,129.610000,132.050000,129.740000
84788,02313510,AMZN,15473,2023-10-12,132.330000,55468453,131.230000,134.480000,132.170000
84788,02313510,AMZN,15473,2023-10-13,129.790000,45762118,128.950000,133.314500,132.980000
84788,02313510,AMZN,15473,2023-10-16,132.550000,42773774,130.425000,133.070000,130.690000
84788,02313510,AMZN,15473,2023-10-17,131.470000,49307416,128.710000,132.580000,130.390000
84788,02313510,AMZN,15473,2023-10-18,128.130000,42619773,127.510000,130.669900,129.900000
84788,02313510,AMZN,15473,2023-10-19,128.400000,60851778,127.470000,132.240000,130.565000
84788,02313510,AMZN,15473,2023-10-20,125.170000,56313731,124.970000,128.170000,128.050000
84788,02313510,AMZN,15473,2023-10-23,126.560000,48200597,123.980000,127.880000,124.630000
84788,02313510,AMZN,15473,2023-10-24,128.560000,46381675,126.340000,128.800000,127.740000
84788,02313510,AMZN,15473,2023-10-25,121.390000,74605361,120.790000,126.340000,126.040000
84788,02313510,AMZN,15473,2023-10-26,119.570000,100268779,118.350000,121.639300,120.630000
84788,02313510,AMZN,15473,2023-10-27,127.740000,125059870,125.520000,130.020000,126.200000
84788,02313510,AMZN,15473,2023-10-30,132.710000,72377145,128.560000,133.000000,129.720000
84788,02313510,AMZN,15473,2023-10-31,133.090000,51506259,131.710000,133.570000,132.750000
84788,02313510,AMZN,15473,2023-11-01,137.000000,61080094,133.710000,137.350000,133.960000
84788,02313510,AMZN,15473,2023-11-02,138.070000,51869987,136.470000,138.810000,138.730000
84788,02313510,AMZN,15473,2023-11-03,138.600000,43795585,137.450000,139.490000,138.990000
84788,02313510,AMZN,15473,2023-11-06,139.740000,44681969,138.360000,140.730000,138.760000
84788,02313510,AMZN,15473,2023-11-07,142.710000,53739464,140.500000,143.370000,140.550000
84788,02313510,AMZN,15473,2023-11-08,142.080000,44278479,141.218300,143.120000,142.970000
84788,02313510,AMZN,15473,2023-11-09,140.600000,36039058,139.840000,142.650000,142.020000
84788,02313510,AMZN,15473,2023-11-10,143.560000,49130164,139.910000,143.650000,140.460000
84788,02313510,AMZN,15473,2023-11-13,142.590000,35386462,140.670000,143.230000,142.080000
84788,02313510,AMZN,15473,2023-11-14,145.800000,56145389,144.680000,147.260000,145.000000
84788,02313510,AMZN,15473,2023-11-15,143.200000,63193162,142.590000,147.290000,147.060000
84788,02313510,AMZN,15473,2023-11-16,142.830000,49281859,139.520000,143.320000,140.910000
84788,02313510,AMZN,15473,2023-11-17,145.180000,49485408,142.545000,145.230000,142.660000
84788,02313510,AMZN,15473,2023-11-20,146.130000,41728049,144.725000,146.630000,145.130000
84788,02313510,AMZN,15473,2023-11-21,143.900000,70502962,141.500000,144.050000,143.910000
84788,02313510,AMZN,15473,2023-11-22,146.710000,45335315,144.570000,147.740000,144.570000
84788,02313510,AMZN,15473,2023-11-24,146.740000,22291534,145.320000,147.200000,146.700000
84788,02313510,AMZN,15473,2023-11-27,147.730000,53627439,146.880000,149.260000,147.530000
84788,02313510,AMZN,15473,2023-11-28,147.030000,42491472,145.530000,147.599900,146.980000
84788,02313510,AMZN,15473,2023-11-29,146.320000,40479375,145.970000,148.540000,147.850000
84788,02313510,AMZN,15473,2023-11-30,146.090000,65461198,144.332000,146.930000,144.760000
84788,02313510,AMZN,15473,2023-12-01,147.030000,39796082,145.550000,147.245000,146.000000
84788,02313510,AMZN,15473,2023-12-04,144.840000,47963868,142.810000,145.350000,145.250000
84788,02313510,AMZN,15473,2023-12-05,146.880000,46594940,143.130000,148.570000,143.550000
84788,02313510,AMZN,15473,2023-12-06,144.520000,39461100,144.280000,147.850000,147.580000
84788,02313510,AMZN,15473,2023-12-07,146.880000,52162791,145.340000,147.920000,146.150000
84788,02313510,AMZN,15473,2023-12-08,147.420000,41700184,145.400000,147.840000,145.480000
84788,02313510,AMZN,15473,2023-12-11,145.890000,50490034,143.640000,146.190000,145.660000
84788,02313510,AMZN,15473,2023-12-12,147.480000,44767214,145.300000,147.500000,145.520000
84788,02313510,AMZN,15473,2023-12-13,148.840000,52513509,146.820000,149.460000,148.120000
84788,02313510,AMZN,15473,2023-12-14,147.420000,58423590,145.520000,150.540000,149.930000
84788,02313510,AMZN,15473,2023-12-15,149.970000,109488608,147.880000,150.570000,148.380000
84788,02313510,AMZN,15473,2023-12-18,154.070000,62539675,150.050000,154.855000,150.560000
84788,02313510,AMZN,15473,2023-12-19,153.790000,42963643,152.690000,155.120000,154.400000
84788,02313510,AMZN,15473,2023-12-20,152.120000,50107228,151.560000,155.630000,152.900000
84788,02313510,AMZN,15473,2023-12-21,153.840000,36164401,152.100000,153.970000,153.300000
84788,02313510,AMZN,15473,2023-12-22,153.420000,29378447,152.710000,154.350000,153.770000
84788,02313510,AMZN,15473,2023-12-26,153.410000,24941237,153.030000,153.975000,153.560000
84788,02313510,AMZN,15473,2023-12-27,153.340000,31306309,153.120000,154.780000,153.560000
84788,02313510,AMZN,15473,2023-12-28,153.380000,26957356,152.950000,154.080000,153.720000
84788,02313510,AMZN,15473,2023-12-29,151.940000,39634725,151.030000,153.890000,153.100000
84788,02313510,AMZN,15473,2024-01-02,149.930000,47024106,148.390000,152.380000,151.540000
84788,02313510,AMZN,15473,2024-01-03,148.470000,49202772,148.330000,151.050000,149.200000
84788,02313510,AMZN,15473,2024-01-04,144.570000,55653629,144.050000,147.380000,145.590000
84788,02313510,AMZN,15473,2024-01-05,145.240000,44842112,144.530000,146.590000,144.690000
84788,02313510,AMZN,15473,2024-01-08,149.100000,46544401,146.150000,149.400000,146.740000
84788,02313510,AMZN,15473,2024-01-09,151.370000,45334149,148.210000,151.710000,148.330000
84788,02313510,AMZN,15473,2024-01-10,153.730000,44288480,151.881000,154.420000,152.060000
84788,02313510,AMZN,15473,2024-01-11,155.180000,48797000,153.120000,157.170000,155.040000
84788,02313510,AMZN,15473,2024-01-12,154.620000,40335519,154.010000,156.200000,155.390000
84788,02313510,AMZN,15473,2024-01-16,153.160000,41190997,152.150000,154.990000,153.530000
84788,02313510,AMZN,15473,2024-01-17,151.710000,34784287,149.910000,152.150000,151.490000
84788,02313510,AMZN,15473,2024-01-18,153.500000,37629719,151.820000,153.775000,152.770000
84788,02313510,AMZN,15473,2024-01-19,155.340000,51479673,152.740000,155.760000,153.830000
84788,02313510,AMZN,15473,2024-01-22,154.780000,43160790,153.900000,157.050000,156.890000
84788,02313510,AMZN,15473,2024-01-23,156.020000,37776312,153.930000,156.210000,154.850000
84788,02313510,AMZN,15473,2024-01-24,156.870000,48289747,156.480000,158.510000,157.800000
84788,02313510,AMZN,15473,2024-01-25,157.750000,43463227,154.550100,158.505000,156.950000
84788,02313510,AMZN,15473,2024-01-26,159.120000,50811811,157.910000,160.720000,158.420000
84788,02313510,AMZN,15473,2024-01-29,161.260000,45115180,158.900000,161.290000,159.340000
84788,02313510,AMZN,15473,2024-01-30,159.000000,44901011,158.490000,161.730000,160.700000
84788,02313510,AMZN,15473,2024-01-31,155.200000,49900300,154.810000,159.010000,157.000000
84788,02313510,AMZN,15473,2024-02-01,159.280000,75811699,155.620000,159.760000,155.870000
84788,02313510,AMZN,15473,2024-02-02,171.810000,115932124,167.330000,172.500000,169.190000
84788,02313510,AMZN,15473,2024-02-05,170.310000,54597423,167.700000,170.550000,170.200000
84788,02313510,AMZN,15473,2024-02-06,169.150000,42290227,167.650000,170.710000,169.390000
84788,02313510,AMZN,15473,2024-02-07,170.530000,46424805,168.940000,170.880000,169.480000
84788,02313510,AMZN,15473,2024-02-08,169.840000,41881292,168.880000,171.430000,169.650000
84788,02313510,AMZN,15473,2024-02-09,174.450000,56219808,170.580300,175.000000,170.900000
84788,02313510,AMZN,15473,2024-02-12,172.340000,50411214,171.540000,175.390000,174.800000
84788,02313510,AMZN,15473,2024-02-13,168.640000,55569018,165.750000,170.950000,167.730000
84788,02313510,AMZN,15473,2024-02-14,170.980000,42296216,168.280000,171.210000,169.210000
84788,02313510,AMZN,15473,2024-02-15,169.800000,49157880,167.590000,171.170000,170.580000
84788,02313510,AMZN,15473,2024-02-16,169.510000,47471955,167.170000,170.420000,168.740000
84788,02313510,AMZN,15473,2024-02-20,167.080000,41705449,165.740000,168.710000,167.830000
84788,02313510,AMZN,15473,2024-02-21,168.590000,44362805,167.140000,170.230000,168.940000
84788,02313510,AMZN,15473,2024-02-22,174.580000,54820805,171.770000,174.800000,173.100000
84788,02313510,AMZN,15473,2024-02-23,174.990000,59383591,173.700000,175.750000,174.280000
84788,02313510,AMZN,15473,2024-02-26,174.730000,44167938,174.260000,176.370000,175.700000
84788,02313510,AMZN,15473,2024-02-27,173.540000,31024371,172.860000,174.620000,174.075000
84788,02313510,AMZN,15473,2024-02-28,173.160000,28067908,172.270000,174.050000,172.440000
84788,02313510,AMZN,15473,2024-02-29,176.760000,53468194,172.850000,177.220000,173.010000
84788,02313510,AMZN,15473,2024-03-01,178.220000,31792367,176.070000,178.725000,176.750000
84788,02313510,AMZN,15473,2024-03-04,177.580000,37141408,177.490000,180.140000,177.530000
84788,02313510,AMZN,15473,2024-03-05,174.120000,37029589,173.303000,176.930000,176.930000
84788,02313510,AMZN,15473,2024-03-06,173.510000,31880473,173.260000,176.460000,175.540000
84788,02313510,AMZN,15473,2024-03-07,176.820000,33812673,173.720000,177.990000,174.830000
84788,02313510,AMZN,15473,2024-03-08,175.350000,37554683,174.330000,178.785000,176.440000
84788,02313510,AMZN,15473,2024-03-11,171.960000,28312300,171.470000,174.470000,174.310000
84788,02313510,AMZN,15473,2024-03-12,175.390000,36349225,171.980000,176.760000,173.500000
84788,02313510,AMZN,15473,2024-03-13,176.555000,30478018,175.550000,177.620000,175.900000
84788,02313510,AMZN,15473,2024-03-14,178.750000,43389364,176.465000,179.530000,177.690000
84788,02313510,AMZN,15473,2024-03-15,174.420000,71750625,173.900000,177.930000,176.640000
84788,02313510,AMZN,15473,2024-03-18,174.480000,31107125,174.280000,176.690000,175.800000
84788,02313510,AMZN,15473,2024-03-19,175.900000,26674575,173.520000,176.090000,174.215000
84788,02313510,AMZN,15473,2024-03-20,178.150000,29721616,174.640000,178.530000,176.140000
84788,02313510,AMZN,15473,2024-03-21,178.150000,32544377,178.150000,181.415000,179.988000
84788,02313510,AMZN,15473,2024-03-22,178.870000,27814225,176.750000,179.255000,177.752000
84788,02313510,AMZN,15473,2024-03-25,179.710000,29632099,177.240000,180.990000,178.010000
84788,02313510,AMZN,15473,2024-03-26,178.300000,29515374,177.950000,180.450000,180.150000
84788,02313510,AMZN,15473,2024-03-27,179.830000,33022199,177.309900,180.000000,179.880000
84788,02313510,AMZN,15473,2024-03-28,180.380000,37864671,179.260000,181.700000,180.170000
84788,02313510,AMZN,15473,2024-04-01,180.970000,28950735,179.950000,183.000000,180.790000
84788,02313510,AMZN,15473,2024-04-02,180.690000,32493426,178.376200,180.790000,179.070000
84788,02313510,AMZN,15473,2024-04-03,182.410000,30892377,179.800000,182.870000,179.900000
84788,02313510,AMZN,15473,2024-04-04,180.000000,41236297,180.000000,185.100000,184.000000
84788,02313510,AMZN,15473,2024-04-05,185.070000,41945269,181.970000,186.270000,182.380000
84788,02313510,AMZN,15473,2024-04-08,185.190000,38860063,184.810000,187.290000,186.900000
84788,02313510,AMZN,15473,2024-04-09,185.670000,36284222,184.200000,187.340000,187.240000
84788,02313510,AMZN,15473,2024-04-10,185.950000,35535136,182.670000,186.269900,182.765000
84788,02313510,AMZN,15473,2024-04-11,189.050000,39545603,185.510000,189.770000,186.740000
84788,02313510,AMZN,15473,2024-04-12,186.130000,38378368,185.080000,188.380000,187.720000
84788,02313510,AMZN,15473,2024-04-15,183.620000,47655259,183.000000,188.690000,187.425000
84788,02313510,AMZN,15473,2024-04-16,183.320000,32682248,182.260000,184.830000,183.270000
84788,02313510,AMZN,15473,2024-04-17,181.280000,31147279,179.820000,184.570000,184.310000
84788,02313510,AMZN,15473,2024-04-18,179.220000,30616117,178.650000,182.390000,181.470000
84788,02313510,AMZN,15473,2024-04-19,174.630000,55616354,173.440000,179.000000,178.740000
84788,02313510,AMZN,15473,2024-04-22,177.230000,37707305,174.560000,178.870000,176.940000
84788,02313510,AMZN,15473,2024-04-23,179.540000,36847381,175.975000,179.930000,178.080000
84788,02313510,AMZN,15473,2024-04-24,176.590000,33960251,176.180000,180.323000,179.940000
84788,02313510,AMZN,15473,2024-04-25,173.670000,48670591,166.320000,173.920000,169.680000
84788,02313510,AMZN,15473,2024-04-26,179.620000,43579930,176.130000,180.820000,177.795000
84788,02313510,AMZN,15473,2024-04-29,180.960000,53445543,179.390000,183.530000,182.750000
84788,02313510,AMZN,15473,2024-04-30,175.000000,93303951,174.800000,182.990000,181.090000
84788,02313510,AMZN,15473,2024-05-01,179.000000,93532391,176.560000,185.150000,181.635000
84788,02313510,AMZN,15473,2024-05-02,184.720000,54038648,179.910000,185.100000,180.850000
84788,02313510,AMZN,15473,2024-05-03,186.210000,38878437,185.420000,187.870000,186.990000
84788,02313510,AMZN,15473,2024-05-06,188.700000,34643855,184.800000,188.745000,186.280000
84788,02313510,AMZN,15473,2024-05-07,188.760000,33842231,187.305000,189.940000,188.920000
84788,02313510,AMZN,15473,2024-05-08,188.000000,26003593,186.385000,188.430000,187.440000
84788,02313510,AMZN,15473,2024-05-09,189.500000,42992688,187.440000,191.700000,188.880000
84788,02313510,AMZN,15473,2024-05-10,187.480000,33978701,186.930000,189.892000,189.160000
84788,02313510,AMZN,15473,2024-05-13,186.570000,24721067,185.360000,188.310000,188.000000
84788,02313510,AMZN,15473,2024-05-14,187.070000,38479362,183.450000,187.720000,183.820000
84788,02313510,AMZN,15473,2024-05-15,185.990000,73010121,182.730000,186.719300,185.970000
84788,02313510,AMZN,15473,2024-05-16,183.630000,38594104,183.460000,187.310000,185.600000
84788,02313510,AMZN,15473,2024-05-17,184.700000,32934227,183.350000,185.300000,183.760000
84788,02313510,AMZN,15473,2024-05-20,183.540000,30360716,183.280000,186.665000,184.340000
84788,02313510,AMZN,15473,2024-05-21,183.150000,49596135,180.750000,183.260000,182.300000
84788,02313510,AMZN,15473,2024-05-22,183.130000,27903573,181.971500,185.220000,183.880000
84788,02313510,AMZN,15473,2024-05-23,181.050000,33443964,180.080000,184.760000,183.660000
84788,02313510,AMZN,15473,2024-05-24,180.750000,27224028,180.300000,182.435000,181.650000
84788,02313510,AMZN,15473,2024-05-28,182.150000,29734627,179.490000,182.240000,179.930000
84788,02313510,AMZN,15473,2024-05-29,182.020000,31793674,181.550000,184.080000,181.700000
84788,02313510,AMZN,15473,2024-05-30,179.320000,29053347,178.355000,181.340000,181.310000
84788,02313510,AMZN,15473,2024-05-31,176.440000,58339960,173.870000,179.210000,178.300000
84788,02313510,AMZN,15473,2024-06-03,178.340000,30486504,175.920000,178.700000,177.700000
84788,02313510,AMZN,15473,2024-06-04,179.340000,27673817,176.440000,179.820000,177.640000
84788,02313510,AMZN,15473,2024-06-05,181.280000,31884452,178.750000,181.500000,180.100000
84788,02313510,AMZN,15473,2024-06-06,185.000000,31203667,181.490000,185.000000,181.745000
84788,02313510,AMZN,15473,2024-06-07,184.300000,27839767,183.360000,186.288800,184.900000
84788,02313510,AMZN,15473,2024-06-10,187.060000,34240075,183.790000,187.230000,184.070000
84788,02313510,AMZN,15473,2024-06-11,187.230000,27064448,184.537300,187.770000,187.060000
84788,02313510,AMZN,15473,2024-06-12,186.890000,33754587,185.430000,188.350000,188.015000
84788,02313510,AMZN,15473,2024-06-13,183.830000,39505888,182.666000,187.670000,186.090000
84788,02313510,AMZN,15473,2024-06-14,183.660000,25351482,182.230000,183.720000,183.080000
84788,02313510,AMZN,15473,2024-06-17,184.060000,35325742,181.220000,185.000000,182.520000
84788,02313510,AMZN,15473,2024-06-18,182.810000,36453384,181.430000,184.290000,183.735000
84788,02313510,AMZN,15473,2024-06-20,186.100000,44492501,182.720000,186.510000,182.910000
84788,02313510,AMZN,15473,2024-06-21,189.080000,72480361,185.860000,189.275000,187.800000
84788,02313510,AMZN,15473,2024-06-24,185.570000,50352267,185.330000,191.000000,189.330000
84788,02313510,AMZN,15473,2024-06-25,186.340000,45687653,185.420000,188.840000,186.810000
84788,02313510,AMZN,15473,2024-06-26,193.610000,64430204,186.260000,194.800000,186.920000
84788,02313510,AMZN,15473,2024-06-27,197.850000,74065599,194.200000,199.840000,195.005000
84788,02313510,AMZN,15473,2024-06-28,193.250000,76333934,192.500000,198.850000,197.730000
84788,02313510,AMZN,15473,2024-07-01,197.200000,40878223,192.820000,198.295700,193.490000
84788,02313510,AMZN,15473,2024-07-02,200.000000,45074755,195.930000,200.430000,197.280000
84788,02313510,AMZN,15473,2024-07-03,197.590000,31351649,196.760100,200.029000,199.940000
84788,02313510,AMZN,15473,2024-07-05,200.000000,39333812,198.170000,200.550000,198.650000
84788,02313510,AMZN,15473,2024-07-08,199.290000,34321015,197.960000,201.200000,200.040000
84788,02313510,AMZN,15473,2024-07-09,199.340000,32359108,199.045000,200.570000,199.400000
84788,02313510,AMZN,15473,2024-07-10,199.790000,32723099,197.690000,200.110000,199.995000
84788,02313510,AMZN,15473,2024-07-11,195.050000,44155046,192.860000,200.269900,200.090000
84788,02313510,AMZN,15473,2024-07-12,194.490000,30386904,193.830100,196.470000,194.800000
84788,02313510,AMZN,15473,2024-07-15,192.720000,40420504,190.830000,196.190000,194.560000
84788,02313510,AMZN,15473,2024-07-16,193.020000,33900503,192.240000,196.620000,195.590000
84788,02313510,AMZN,15473,2024-07-17,187.930000,48890071,185.990000,191.580000,191.350000
84788,02313510,AMZN,15473,2024-07-18,183.750000,50676616,181.448000,189.680000,189.590000
84788,02313510,AMZN,15473,2024-07-19,183.130000,42837300,180.110000,184.930000,181.140000
84788,02313510,AMZN,15473,2024-07-22,182.550000,39738838,182.480000,185.060000,185.000000
84788,02313510,AMZN,15473,2024-07-23,186.410000,47134312,183.560000,189.390000,184.100000
84788,02313510,AMZN,15473,2024-07-24,180.830000,41235130,180.410000,185.450000,183.200000
84788,02313510,AMZN,15473,2024-07-25,179.850000,44035102,176.800000,183.895800,182.910000
84788,02313510,AMZN,15473,2024-07-26,182.500000,29379772,180.240000,183.190000,180.390000
84788,02313510,AMZN,15473,2024-07-29,183.200000,33143106,182.380000,184.750000,183.840000
84788,02313510,AMZN,15473,2024-07-30,181.710000,39097882,179.380000,185.860000,184.720000
84788,02313510,AMZN,15473,2024-07-31,186.980000,41242689,184.460000,187.940000,185.050000
84788,02313510,AMZN,15473,2024-08-01,184.070000,69692631,181.870000,190.600000,189.285000
84788,02313510,AMZN,15473,2024-08-02,167.900000,139077040,160.550000,168.770000,166.750000
84788,02313510,AMZN,15473,2024-08-05,161.020000,82029238,151.610000,162.960000,154.210000
84788,02313510,AMZN,15473,2024-08-06,161.930000,59556263,158.540400,165.080000,161.710000
84788,02313510,AMZN,15473,2024-08-07,162.770000,48090774,161.430000,167.580000,166.550000
84788,02313510,AMZN,15473,2024-08-08,165.800000,44430106,162.550000,166.689900,165.165000
84788,02313510,AMZN,15473,2024-08-09,166.940000,36387328,165.850000,168.550000,166.400000
84788,02313510,AMZN,15473,2024-08-12,166.800000,29919398,166.110100,168.550000,168.140000
84788,02313510,AMZN,15473,2024-08-13,170.230000,39014587,167.100000,171.040000,167.810000
84788,02313510,AMZN,15473,2024-08-14,170.100000,28629526,168.860000,172.280000,172.110000
84788,02313510,AMZN,15473,2024-08-15,177.590000,51284415,173.990000,177.910000,174.860000
84788,02313510,AMZN,15473,2024-08-16,177.060000,31354529,176.260100,178.340000,177.040000
84788,02313510,AMZN,15473,2024-08-19,178.220000,30896375,176.160000,178.300000,177.640000
84788,02313510,AMZN,15473,2024-08-20,178.880000,26071121,177.430800,179.010000,177.920000
84788,02313510,AMZN,15473,2024-08-21,180.110000,35268712,178.893700,182.385000,179.920000
84788,02313510,AMZN,15473,2024-08-22,176.130000,31866233,175.680000,181.470000,181.380000
84788,02313510,AMZN,15473,2024-08-23,177.040000,28994832,175.240000,178.969900,177.340000
84788,02313510,AMZN,15473,2024-08-26,175.500000,22180185,174.300000,177.468200,176.700000
84788,02313510,AMZN,15473,2024-08-27,173.120000,29629060,172.250000,174.890000,174.150000
84788,02313510,AMZN,15473,2024-08-28,170.800000,28835182,168.920000,173.690000,173.690000
84788,02313510,AMZN,15473,2024-08-29,172.120000,26196881,170.810000,174.290000,173.220000
84788,02313510,AMZN,15473,2024-08-30,178.500000,43061829,172.600000,178.900000,172.780000
84788,02313510,AMZN,15473,2024-09-03,176.250000,37497074,175.260000,178.260000,177.550000
84788,02313510,AMZN,15473,2024-09-04,173.330000,30018972,172.540000,175.980000,174.480000
84788,02313510,AMZN,15473,2024-09-05,177.890000,39983261,174.995000,179.875000,175.000000
84788,02313510,AMZN,15473,2024-09-06,171.390000,41097737,171.160000,178.380000,177.240000
84788,02313510,AMZN,15473,2024-09-09,175.400000,28823610,173.510000,175.850000,174.530000
84788,02313510,AMZN,15473,2024-09-10,179.550000,35974082,176.790000,180.500000,177.490000
84788,02313510,AMZN,15473,2024-09-11,184.520000,42225771,175.730000,184.990000,180.095000
84788,02313510,AMZN,15473,2024-09-12,187.000000,33430387,183.540000,187.410000,184.800000
84788,02313510,AMZN,15473,2024-09-13,186.490000,26294356,185.910000,188.500000,187.000000
84788,02313510,AMZN,15473,2024-09-16,184.890000,25870190,183.360000,185.810000,185.290000
84788,02313510,AMZN,15473,2024-09-17,186.880000,25864336,186.140000,189.450000,186.850000
84788,02313510,AMZN,15473,2024-09-18,186.430000,34263272,185.060000,188.800000,186.450000
84788,02313510,AMZN,15473,2024-09-19,189.870000,39263255,188.470000,190.990000,190.040000
84788,02313510,AMZN,15473,2024-09-20,191.600000,99928641,187.410000,191.840000,190.230000
84788,02313510,AMZN,15473,2024-09-23,193.880000,36775335,190.570000,194.450000,191.640000
84788,02313510,AMZN,15473,2024-09-24,193.960000,43214633,190.130000,195.370000,194.270000
84788,02313510,AMZN,15473,2024-09-25,192.530000,26221287,192.160000,193.949800,193.750000
84788,02313510,AMZN,15473,2024-09-26,191.160000,36153029,189.540000,194.530000,194.310000
84788,02313510,AMZN,15473,2024-09-27,187.970000,35837146,187.340000,190.900000,190.680000
84788,02313510,AMZN,15473,2024-09-30,186.330000,41361088,184.650000,188.490000,187.140000
84788,02313510,AMZN,15473,2024-10-01,185.130000,36047533,183.451900,186.190000,184.900000
84788,02313510,AMZN,15473,2024-10-02,184.760000,23416204,184.040000,186.600000,184.440000
84788,02313510,AMZN,15473,2024-10-03,181.960000,29812782,180.875000,183.440000,183.045000
84788,02313510,AMZN,15473,2024-10-04,186.510000,40780168,183.600000,187.600000,185.750000
84788,02313510,AMZN,15473,2024-10-07,180.800000,42135422,180.250000,183.600000,182.950000
84788,02313510,AMZN,15473,2024-10-08,182.720000,26193538,180.920000,183.090000,181.915000
84788,02313510,AMZN,15473,2024-10-09,185.170000,26140400,182.050000,185.845000,182.820000
84788,02313510,AMZN,15473,2024-10-10,186.650000,27510679,185.830000,188.134000,187.130000
84788,02313510,AMZN,15473,2024-10-11,188.820000,25577488,186.300000,189.928400,186.630000
84788,02313510,AMZN,15473,2024-10-14,187.540000,22429348,187.360000,189.830000,189.780000
84788,02313510,AMZN,15473,2024-10-15,187.690000,31888927,184.580000,188.410000,187.630000
84788,02313510,AMZN,15473,2024-10-16,186.890000,23366989,185.610000,187.780000,187.050000
84788,02313510,AMZN,15473,2024-10-17,187.530000,24853626,186.000000,188.940000,188.220000
84788,02313510,AMZN,15473,2024-10-18,188.990000,37223946,186.280000,190.740000,187.150000
84788,02313510,AMZN,15473,2024-10-21,189.070000,24457919,186.400000,189.460000,188.050000
84788,02313510,AMZN,15473,2024-10-22,189.700000,29465348,186.975000,191.520100,188.350000
84788,02313510,AMZN,15473,2024-10-23,184.710000,31809582,183.690000,189.160000,188.850000
84788,02313510,AMZN,15473,2024-10-24,186.380000,21510306,183.860000,187.110000,185.250000
84788,02313510,AMZN,15473,2024-10-25,187.830000,29216679,187.530000,190.450000,187.850000
84788,02313510,AMZN,15473,2024-10-28,188.390000,27782404,188.210000,190.210000,189.565000
84788,02313510,AMZN,15473,2024-10-29,190.830000,35482447,187.815000,191.459900,188.580000
84788,02313510,AMZN,15473,2024-10-30,192.730000,37359472,192.420000,195.610000,194.695000
84788,02313510,AMZN,15473,2024-10-31,186.400000,73572010,185.230000,190.600000,190.510000
84788,02313510,AMZN,15473,2024-11-01,197.930000,98223326,197.020000,200.500000,199.000000
84788,02313510,AMZN,15473,2024-11-04,195.780000,38315070,194.310100,197.330000,196.450000
84788,02313510,AMZN,15473,2024-11-05,199.500000,30344263,195.990000,199.820000,196.040000
84788,02313510,AMZN,15473,2024-11-06,207.090000,71449707,199.140000,207.550000,200.010000
84788,02313510,AMZN,15473,2024-11-07,210.050000,52359756,207.190000,212.250000,207.440000
84788,02313510,AMZN,15473,2024-11-08,208.180000,36023794,207.440000,209.963300,209.720000
84788,02313510,AMZN,15473,2024-11-11,206.840000,35126731,205.590000,209.650000,208.500000
84788,02313510,AMZN,15473,2024-11-12,208.910000,38549372,206.010000,209.540000,208.370000
84788,02313510,AMZN,15473,2024-11-13,214.100000,45836980,209.140000,215.090000,209.400000
84788,02313510,AMZN,15473,2024-11-14,211.480000,42442204,210.880000,215.900000,214.160000
84788,02313510,AMZN,15473,2024-11-15,202.610000,83325464,199.610000,207.340000,206.760000
84788,02313510,AMZN,15473,2024-11-18,201.700000,36274497,200.950000,204.670000,204.150000
84788,02313510,AMZN,15473,2024-11-19,204.610000,30989548,198.780000,205.300000,199.330000
84788,02313510,AMZN,15473,2024-11-20,202.880000,32637206,199.450000,203.130000,202.980000
84788,02313510,AMZN,15473,2024-11-21,198.380000,57111144,195.750000,203.490000,203.490000
84788,02313510,AMZN,15473,2024-11-22,197.120000,31255868,196.750000,199.259900,198.250000
84788,02313510,AMZN,15473,2024-11-25,201.450000,40451860,199.000000,201.949900,199.280000
84788,02313510,AMZN,15473,2024-11-26,207.860000,41308528,201.790000,208.000000,201.900000
84788,02313510,AMZN,15473,2024-11-27,205.740000,27846000,205.050000,207.640000,206.980000
84788,02313510,AMZN,15473,2024-11-29,207.890000,25052990,204.590000,208.200000,205.830000
84788,02313510,AMZN,15473,2024-12-02,210.710000,39189476,209.510100,212.990000,209.960000
84788,02313510,AMZN,15473,2024-12-03,213.440000,32050227,209.650000,214.020000,210.310000
84788,02313510,AMZN,15473,2024-12-04,218.160000,48394542,215.750000,220.000000,215.960000
84788,02313510,AMZN,15473,2024-12-05,220.550000,40800772,217.300000,222.150000,218.030000
84788,02313510,AMZN,15473,2024-12-06,227.030000,43785915,220.600000,227.150000,220.750000
84788,02313510,AMZN,15473,2024-12-09,226.090000,46458545,225.670000,230.080000,227.210000
84788,02313510,AMZN,15473,2024-12-10,225.040000,31076588,224.200200,229.060000,226.090000
84788,02313510,AMZN,15473,2024-12-11,230.260000,35111131,226.260000,231.200000,226.410000
84788,02313510,AMZN,15473,2024-12-12,228.970000,28023763,227.630000,231.090000,229.830000
84788,02313510,AMZN,15473,2024-12-13,227.460000,28554671,225.860800,230.200000,228.400000
84788,02313510,AMZN,15473,2024-12-16,232.930000,37254367,228.010000,233.000000,230.230000
84788,02313510,AMZN,15473,2024-12-17,231.150000,36086008,227.850000,232.730000,232.390000
84788,02313510,AMZN,15473,2024-12-18,220.520000,43051273,220.110000,231.399900,230.770000
84788,02313510,AMZN,15473,2024-12-19,223.290000,39681192,222.920000,226.090000,224.910000
84788,02313510,AMZN,15473,2024-12-20,224.920000,87942949,218.730000,226.210000,219.840000
84788,02313510,AMZN,15473,2024-12-23,225.060000,27906269,223.900000,226.880000,225.010000
84788,02313510,AMZN,15473,2024-12-24,229.050000,14942537,226.130000,229.140000,226.940000
84788,02313510,AMZN,15473,2024-12-26,227.050000,16111985,226.670600,228.500000,228.500000
84788,02313510,AMZN,15473,2024-12-27,223.750000,27183663,220.900000,226.030000,225.600000
84788,02313510,AMZN,15473,2024-12-30,221.300000,28117845,218.430000,222.997200,220.060000
84788,02313510,AMZN,15473,2024-12-31,219.390000,24602351,218.940000,223.229900,222.965000
84788,02313510,AMZN,15473,2025-01-02,220.220000,33639292,218.190000,225.150000,222.030000
84788,02313510,AMZN,15473,2025-01-03,224.190000,27359557,221.620000,225.360000,222.505000
84788,02313510,AMZN,15473,2025-01-06,227.610000,31651821,224.840000,228.835000,226.780000
84788,02313510,AMZN,15473,2025-01-07,222.110000,27822191,221.460000,228.381000,227.900000
84788,02313510,AMZN,15473,2025-01-08,222.130000,24883704,220.200000,223.520000,223.185000
84788,02313510,AMZN,15473,2025-01-10,218.940000,37061051,216.500000,221.710000,221.460000
84788,02313510,AMZN,15473,2025-01-13,218.460000,27118091,216.470000,219.400000,218.060000
84788,02313510,AMZN,15473,2025-01-14,217.760000,24542310,216.200000,221.820000,220.440000
84788,02313510,AMZN,15473,2025-01-15,223.350000,31026360,220.750000,223.570000,222.830000
84788,02313510,AMZN,15473,2025-01-16,220.660000,24619128,220.310000,224.650000,224.420000
84788,02313510,AMZN,15473,2025-01-17,225.940000,42127664,223.080000,226.510000,225.840000
84788,02313510,AMZN,15473,2025-01-21,230.710000,39579464,226.940000,231.780000,228.900000
84788,02313510,AMZN,15473,2025-01-22,235.010000,41031878,231.190000,235.440000,232.020000
84788,02313510,AMZN,15473,2025-01-23,235.420000,26370770,231.510000,235.520000,234.100000
84788,02313510,AMZN,15473,2025-01-24,234.850000,26275721,232.930000,236.400000,234.500000
84788,02313510,AMZN,15473,2025-01-27,235.420000,48753394,225.860000,235.610000,226.210000
84788,02313510,AMZN,15473,2025-01-28,238.150000,41133156,233.980000,241.770000,234.290000
84788,02313510,AMZN,15473,2025-01-29,237.070000,26530786,236.150000,240.390000,239.015000
84788,02313510,AMZN,15473,2025-01-30,234.640000,31783070,232.220000,237.950000,237.140000
84788,02313510,AMZN,15473,2025-01-31,237.680000,35831878,236.410000,240.290000,236.500000
84788,02313510,AMZN,15473,2025-02-03,237.420000,36925159,232.900000,239.250000,234.060000
84788,02313510,AMZN,15473,2025-02-04,242.060000,29483666,238.030000,242.520000,239.010000
84788,02313510,AMZN,15473,2025-02-05,236.170000,38447525,235.200000,238.320000,237.020000
84788,02313510,AMZN,15473,2025-02-06,238.830000,60011229,236.010000,239.659900,238.010000
84788,02313510,AMZN,15473,2025-02-07,229.150000,78232824,228.060000,234.810000,232.500000
84788,02313510,AMZN,15473,2025-02-10,233.140000,35199034,229.200000,233.920000,230.545000
84788,02313510,AMZN,15473,2025-02-11,232.760000,23474978,230.130000,233.440000,231.920000
84788,02313510,AMZN,15473,2025-02-12,228.930000,31999336,228.160000,231.180000,230.460000
84788,02313510,AMZN,15473,2025-02-13,230.370000,31158115,227.520000,230.420000,228.850000
84788,02313510,AMZN,15473,2025-02-14,228.680000,26793589,227.230000,229.890000,229.200000
84788,02313510,AMZN,15473,2025-02-18,226.650000,42594628,223.720000,229.300000,228.820000
84788,02313510,AMZN,15473,2025-02-19,226.630000,28418545,223.710000,226.830000,225.520000
84788,02313510,AMZN,15473,2025-02-20,222.880000,29791558,221.810000,225.130000,224.775000
84788,02313510,AMZN,15473,2025-02-21,216.580000,54868574,214.740000,223.310000,223.280000
84788,02313510,AMZN,15473,2025-02-24,212.710000,42058764,212.420000,217.715000,217.450000
84788,02313510,AMZN,15473,2025-02-25,212.800000,58423098,204.160000,213.340000,211.630000
84788,02313510,AMZN,15473,2025-02-26,214.350000,38677160,213.090000,218.160000,214.940000
84788,02313510,AMZN,15473,2025-02-27,208.740000,40197783,208.370000,219.970000,218.350000
84788,02313510,AMZN,15473,2025-02-28,212.280000,51294322,206.990000,212.620000,208.650000
84788,02313510,AMZN,15473,2025-03-03,205.020000,42335650,202.550000,214.010000,213.352000
84788,02313510,AMZN,15473,2025-03-04,203.800000,60203314,197.432000,206.800000,200.110000
84788,02313510,AMZN,15473,2025-03-05,208.360000,38180843,203.260000,209.980000,204.800000
84788,02313510,AMZN,15473,2025-03-06,200.700000,49364892,198.301500,205.770000,204.400000
84788,02313510,AMZN,15473,2025-03-07,199.250000,59596390,192.530000,202.265300,199.490000
84788,02313510,AMZN,15473,2025-03-10,194.540000,61759090,190.850000,196.730000,195.600000
84788,02313510,AMZN,15473,2025-03-11,196.590000,53631527,193.400000,200.180000,193.900000
84788,02313510,AMZN,15473,2025-03-12,198.890000,43258311,195.290000,201.520000,200.720000
84788,02313510,AMZN,15473,2025-03-13,193.890000,40971391,191.820000,198.879900,198.165000
84788,02313510,AMZN,15473,2025-03-14,197.950000,37771422,195.320000,198.650000,197.410000
84788,02313510,AMZN,15473,2025-03-17,195.740000,46814890,194.324700,199.000000,198.770000
84788,02313510,AMZN,15473,2025-03-18,192.820000,40081385,189.380000,194.000000,192.520000
84788,02313510,AMZN,15473,2025-03-19,195.540000,39182656,191.960000,195.965000,193.380000
84788,02313510,AMZN,15473,2025-03-20,194.950000,38577634,192.300000,199.320000,193.070000
84788,02313510,AMZN,15473,2025-03-21,196.210000,59705824,192.520000,196.990000,192.900000
84788,02313510,AMZN,15473,2025-03-24,203.260000,41331064,199.950000,203.640000,200.000000
84788,02313510,AMZN,15473,2025-03-25,205.710000,30908533,203.220000,206.210000,203.595000
84788,02313510,AMZN,15473,2025-03-26,201.130000,32683317,199.925000,206.010000,205.835000
84788,02313510,AMZN,15473,2025-03-27,201.360000,27051179,199.282100,203.790000,200.890000
84788,02313510,AMZN,15473,2025-03-28,192.720000,51870960,191.881000,199.260000,198.420000
84788,02313510,AMZN,15473,2025-03-31,190.260000,63069594,184.400000,191.330000,188.190000
84788,02313510,AMZN,15473,2025-04-01,192.170000,41057520,187.200000,193.930000,187.860000
84788,02313510,AMZN,15473,2025-04-02,196.010000,53236685,187.660000,198.340000,187.660000
84788,02313510,AMZN,15473,2025-04-03,178.410000,94178991,176.920000,184.130000,182.995000
84788,02313510,AMZN,15473,2025-04-04,171.000000,122222722,166.000000,178.143600,167.145000
84788,02313510,AMZN,15473,2025-04-07,175.260000,108363433,161.380000,183.409900,162.000000
84788,02313510,AMZN,15473,2025-04-08,170.660000,86987789,168.570000,185.900000,185.230000
84788,02313510,AMZN,15473,2025-04-09,191.100000,115669212,169.930000,192.650000,172.115000
84788,02313510,AMZN,15473,2025-04-10,181.220000,67612898,175.851800,186.869200,185.440000
84788,02313510,AMZN,15473,2025-04-11,184.870000,50134112,178.000000,185.860000,179.930000
84788,02313510,AMZN,15473,2025-04-14,182.120000,47442193,179.230000,187.440000,186.840000
84788,02313510,AMZN,15473,2025-04-15,179.590000,43359689,177.933100,182.350000,181.410000
84788,02313510,AMZN,15473,2025-04-16,174.330000,51435706,171.410000,179.104600,176.290000
84788,02313510,AMZN,15473,2025-04-17,172.610000,44340508,172.000000,176.210000,176.000000
84788,02313510,AMZN,15473,2025-04-21,167.320000,47728150,165.285000,169.600000,169.600000
84788,02313510,AMZN,15473,2025-04-22,173.180000,56199478,169.350000,176.780000,169.845000
84788,02313510,AMZN,15473,2025-04-23,180.600000,63203927,180.190000,187.380000,183.450000
84788,02313510,AMZN,15473,2025-04-24,186.540000,43356565,180.180000,186.740000,180.915000
84788,02313510,AMZN,15473,2025-04-25,188.990000,36157308,185.490000,189.940000,187.620000
84788,02313510,AMZN,15473,2025-04-28,187.700000,33060808,184.885000,190.220000,190.105000
84788,02313510,AMZN,15473,2025-04-29,187.390000,41405831,183.680000,188.015800,183.990000
84788,02313510,AMZN,15473,2025-04-30,184.420000,54557885,178.850000,185.050000,182.170000
84788,02313510,AMZN,15473,2025-05-01,190.200000,73120915,187.500000,191.807100,190.630000
84788,02313510,AMZN,15473,2025-05-02,189.980000,77334578,186.400000,192.880000,191.435000
84788,02313510,AMZN,15473,2025-05-05,186.350000,34963351,185.530000,188.180000,186.510000
84788,02313510,AMZN,15473,2025-05-06,185.010000,29151247,183.850000,187.930000,184.570000
84788,02313510,AMZN,15473,2025-05-07,188.710000,43627266,185.010000,190.990000,185.560000
84788,02313510,AMZN,15473,2025-05-08,192.080000,40664265,188.820000,194.330000,191.430000
84788,02313510,AMZN,15473,2025-05-09,193.060000,29620340,191.160000,194.690000,193.375000
84788,02313510,AMZN,15473,2025-05-12,208.640000,74407122,205.750000,211.660000,210.710000
84788,02313510,AMZN,15473,2025-05-13,211.370000,55735335,210.100000,214.840000,211.080000
84788,02313510,AMZN,15473,2025-05-14,210.250000,38122381,208.850000,211.930000,211.450000
84788,02313510,AMZN,15473,2025-05-15,205.170000,62348203,202.673000,206.880000,206.450000
84788,02313510,AMZN,15473,2025-05-16,205.590000,42950561,204.374000,206.850000,206.850000
84788,02313510,AMZN,15473,2025-05-19,206.160000,34062972,201.260000,206.620000,201.645000
84788,02313510,AMZN,15473,2025-05-20,204.070000,29371259,202.650000,205.589900,204.628000
84788,02313510,AMZN,15473,2025-05-21,201.120000,42072333,200.060000,203.455000,201.610000
84788,02313510,AMZN,15473,2025-05-22,203.100000,38620985,200.160000,205.760000,201.380000
84788,02313510,AMZN,15473,2025-05-23,200.990000,33112637,197.850000,202.370000,198.900000
84788,02313510,AMZN,15473,2025-05-27,206.020000,34672528,202.190000,206.690000,203.085000
84788,02313510,AMZN,15473,2025-05-28,204.720000,28465296,204.410000,207.660000,205.915000
84788,02313510,AMZN,15473,2025-05-29,205.700000,34547206,204.230000,208.810000,208.025000
84788,02313510,AMZN,15473,2025-05-30,205.010000,51383508,201.695000,205.990000,204.840000
84788,02313510,AMZN,15473,2025-06-02,206.650000,28973600,202.680000,207.000000,204.980000
84788,02313510,AMZN,15473,2025-06-03,205.710000,32983170,205.030000,208.946900,207.105000
84788,02313510,AMZN,15473,2025-06-04,207.230000,29719622,205.180000,208.180000,206.550000
84788,02313510,AMZN,15473,2025-06-05,207.910000,51631555,207.560000,212.810000,209.550000
84788,02313510,AMZN,15473,2025-06-06,213.570000,39552263,210.500000,213.869900,212.400000
84788,02313510,AMZN,15473,2025-06-09,216.980000,37881866,212.880000,217.850000,214.750000
84788,02313510,AMZN,15473,2025-06-10,217.610000,31035765,214.150000,217.690000,216.780000
84788,02313510,AMZN,15473,2025-06-11,213.200000,39009494,212.890000,218.400000,217.410000
84788,02313510,AMZN,15473,2025-06-12,213.240000,27478928,211.330000,213.580000,211.780000
84788,02313510,AMZN,15473,2025-06-13,212.100000,29168411,209.620000,214.050000,209.960000
84788,02313510,AMZN,15473,2025-06-16,216.100000,33001077,211.600000,217.060000,212.310000
84788,02313510,AMZN,15473,2025-06-17,214.820000,31885252,214.560000,217.410000,215.195000
84788,02313510,AMZN,15473,2025-06-18,212.520000,43844341,212.340000,217.960000,215.090000
84788,02313510,AMZN,15473,2025-06-20,209.690000,74615527,208.270900,214.890000,214.680000
84788,02313510,AMZN,15473,2025-06-23,208.470000,37068699,207.310100,210.390000,209.790000
84788,02313510,AMZN,15473,2025-06-24,212.770000,38083714,211.045000,214.340000,212.135000
84788,02313510,AMZN,15473,2025-06-25,211.990000,31446036,211.110000,216.030000,214.615000
84788,02313510,AMZN,15473,2025-06-26,217.120000,50183908,212.010000,218.035000,213.120000
84788,02313510,AMZN,15473,2025-06-27,223.300000,116593919,216.740000,223.300000,219.920000
84788,02313510,AMZN,15473,2025-06-30,219.390000,58461205,219.120000,223.820000,223.520000
84788,02313510,AMZN,15473,2025-07-01,220.460000,39001048,217.930000,221.875000,219.500000
84788,02313510,AMZN,15473,2025-07-02,219.920000,30715734,219.060000,221.600000,219.730000
84788,02313510,AMZN,15473,2025-07-03,223.410000,29418501,221.360000,224.010000,221.820000
84788,02313510,AMZN,15473,2025-07-07,223.470000,36228313,222.370000,224.290000,223.000000
84788,02313510,AMZN,15473,2025-07-08,219.360000,45110486,218.430000,224.000000,223.915000
84788,02313510,AMZN,15473,2025-07-09,222.540000,37832572,220.470000,224.290000,221.070000
84788,02313510,AMZN,15473,2025-07-10,222.260000,30051765,219.700000,222.790000,221.550000
84788,02313510,AMZN,15473,2025-07-11,225.020000,49863164,222.370000,226.679900,223.580000
84788,02313510,AMZN,15473,2025-07-14,225.690000,35398680,224.240000,226.660000,225.070000
84788,02313510,AMZN,15473,2025-07-15,226.350000,34607390,225.455000,227.270000,226.200000
84788,02313510,AMZN,15473,2025-07-16,223.190000,39114469,222.180000,226.100000,225.875000
84788,02313510,AMZN,15473,2025-07-17,223.880000,31625582,222.510000,224.500000,223.320000
84788,02313510,AMZN,15473,2025-07-18,226.130000,37657061,222.980000,226.400000,225.140000
84788,02313510,AMZN,15473,2025-07-21,229.300000,39953690,225.650000,229.690000,225.835000
84788,02313510,AMZN,15473,2025-07-22,227.470000,37129426,226.350000,230.000000,229.680000
84788,02313510,AMZN,15473,2025-07-23,228.290000,27941692,227.090000,228.790000,228.470000
84788,02313510,AMZN,15473,2025-07-24,232.230000,42382752,228.640000,236.000000,229.170000
84788,02313510,AMZN,15473,2025-07-25,231.440000,28561016,231.180000,232.480000,232.220000
84788,02313510,AMZN,15473,2025-07-28,232.790000,27184177,232.250000,234.290000,233.350000
84788,02313510,AMZN,15473,2025-07-29,231.010000,33472979,230.310000,234.720000,234.150000
84788,02313510,AMZN,15473,2025-07-30,230.190000,32731410,229.290000,231.800000,231.640000
84788,02313510,AMZN,15473,2025-07-31,234.110000,102829948,231.400000,236.530000,235.770000
84788,02313510,AMZN,15473,2025-08-01,214.750000,121052142,212.800000,220.439900,217.210000
84788,02313510,AMZN,15473,2025-08-04,211.650000,77192251,211.420000,217.440000,217.400000
84788,02313510,AMZN,15473,2025-08-05,213.750000,50951344,212.870000,216.300000,213.050000
84788,02313510,AMZN,15473,2025-08-06,222.310000,54188553,213.740900,222.650000,214.695000
84788,02313510,AMZN,15473,2025-08-07,223.130000,40256678,220.820000,226.220000,221.000000
84788,02313510,AMZN,15473,2025-08-08,222.690000,32736300,221.883600,223.800000,223.140000
84788,02313510,AMZN,15473,2025-08-11,221.300000,31332964,220.400000,223.050000,221.780000
84788,02313510,AMZN,15473,2025-08-12,221.470000,36838206,219.050000,223.500000,222.230000
84788,02313510,AMZN,15473,2025-08-13,224.560000,36014908,222.000000,224.918500,222.000000
84788,02313510,AMZN,15473,2025-08-14,230.980000,61079366,227.020000,233.110000,227.400000
84788,02313510,AMZN,15473,2025-08-15,231.030000,39280242,229.807000,234.080000,232.580000
84788,02313510,AMZN,15473,2025-08-18,231.490000,25258578,228.330000,231.910000,230.225000
84788,02313510,AMZN,15473,2025-08-19,228.010000,29794929,227.120000,230.528300,230.090000
84788,02313510,AMZN,15473,2025-08-20,223.810000,36362756,220.915000,227.270000,227.120000
84788,02313510,AMZN,15473,2025-08-21,221.950000,31793915,220.500000,222.780000,222.650000
84788,02313510,AMZN,15473,2025-08-22,228.840000,36777951,220.820000,229.140000,222.790000
84788,02313510,AMZN,15473,2025-08-25,227.940000,22486103,227.310000,229.600000,227.350000
84788,02313510,AMZN,15473,2025-08-26,228.710000,25988293,226.020000,229.000000,227.110000
84788,02313510,AMZN,15473,2025-08-27,229.120000,21138492,227.810000,229.870000,228.570000
84788,02313510,AMZN,15473,2025-08-28,231.600000,33496585,228.020000,232.710000,229.005000
84788,02313510,AMZN,15473,2025-08-29,229.000000,26075126,228.160000,231.812500,231.320000
84788,02313510,AMZN,15473,2025-09-02,225.340000,38307367,221.830000,226.170000,223.520000
84788,02313510,AMZN,15473,2025-09-03,225.990000,29061165,224.360000,227.169900,225.210000
84788,02313510,AMZN,15473,2025-09-04,235.680000,58753853,230.780000,235.770000,231.185000
84788,02313510,AMZN,15473,2025-09-05,232.330000,36389213,231.930000,236.000000,235.190000
84788,02313510,AMZN,15473,2025-09-08,235.840000,33596223,233.750000,237.600000,234.940000
84788,02313510,AMZN,15473,2025-09-09,238.240000,26867335,235.080000,238.850000,236.355000
84788,02313510,AMZN,15473,2025-09-10,230.330000,60147718,229.096200,237.680000,237.515000
84788,02313510,AMZN,15473,2025-09-11,229.950000,37253078,229.337700,231.530000,231.490000
84788,02313510,AMZN,15473,2025-09-12,228.150000,38217750,226.290000,230.790000,230.350000
84788,02313510,AMZN,15473,2025-09-15,231.430000,33161443,230.320000,233.730000,230.625000
84788,02313510,AMZN,15473,2025-09-16,234.050000,37988738,232.230000,235.900000,232.935000
84788,02313510,AMZN,15473,2025-09-17,231.620000,42539496,228.710000,234.300000,233.770000
84788,02313510,AMZN,15473,2025-09-18,231.230000,37584406,228.790000,233.480000,232.500000
84788,02313510,AMZN,15473,2025-09-19,231.480000,97589980,229.700000,234.160000,232.370000
84788,02313510,AMZN,15473,2025-09-22,227.630000,45653892,227.510000,230.565000,230.560000
84788,02313510,AMZN,15473,2025-09-23,220.710000,70173601,220.070000,227.860000,227.830000
84788,02313510,AMZN,15473,2025-09-24,220.210000,49113558,219.450000,224.560000,224.150000
84788,02313510,AMZN,15473,2025-09-25,218.150000,51873260,216.470000,220.670000,220.060000
84788,02313510,AMZN,15473,2025-09-26,219.780000,41316467,218.020000,221.050000,219.080000
84788,02313510,AMZN,15473,2025-09-29,222.170000,44090105,219.300000,222.600000,220.080000
84788,02313510,AMZN,15473,2025-09-30,219.570000,48026184,217.890000,222.240000,222.030000
84788,02313510,AMZN,15473,2025-10-01,220.630000,43707731,216.610000,222.150000,217.360000
84788,02313510,AMZN,15473,2025-10-02,222.410000,41045699,218.945000,222.810000,221.010000
84788,02313510,AMZN,15473,2025-10-03,219.510000,43363521,219.340000,224.200000,223.440000
84788,02313510,AMZN,15473,2025-10-06,220.900000,43394597,216.030000,221.730000,221.000000
84788,02313510,AMZN,15473,2025-10-07,221.780000,31033656,220.170000,222.890000,220.880000
84788,02313510,AMZN,15473,2025-10-08,225.220000,46488576,221.190000,226.730000,222.920000
84788,02313510,AMZN,15473,2025-10-09,227.740000,46112050,221.750000,228.210000,224.995000
84788,02313510,AMZN,15473,2025-10-10,216.370000,71717495,216.000000,228.250000,226.210000
84788,02313510,AMZN,15473,2025-10-13,220.070000,37779228,217.040000,220.680000,217.700000
84788,02313510,AMZN,15473,2025-10-14,216.390000,45279452,212.600000,219.320000,215.555000
84788,02313510,AMZN,15473,2025-10-15,215.570000,45444187,212.660000,217.710000,216.620000
84788,02313510,AMZN,15473,2025-10-16,214.470000,42173541,212.810100,218.590000,215.670000
84788,02313510,AMZN,15473,2025-10-17,213.040000,45678267,211.030000,214.800000,214.560000
84788,02313510,AMZN,15473,2025-10-20,216.480000,38714344,213.590000,216.690000,213.880000
84788,02313510,AMZN,15473,2025-10-21,222.030000,50134288,217.990000,223.320000,218.430000
84788,02313510,AMZN,15473,2025-10-22,217.950000,43978658,216.520000,220.005000,219.300000
84788,02313510,AMZN,15473,2025-10-23,221.090000,31338028,218.180000,221.300000,219.000000
84788,02313510,AMZN,15473,2025-10-24,224.210000,38341578,221.900000,225.400000,221.970000
84788,02313510,AMZN,15473,2025-10-27,226.970000,38005656,225.540000,228.400000,227.660000
84788,02313510,AMZN,15473,2025-10-28,229.250000,46535784,226.210000,231.485000,228.215000
84788,02313510,AMZN,15473,2025-10-29,230.300000,51695857,227.760000,232.820000,231.672000
84788,02313510,AMZN,15473,2025-10-30,222.860000,100386346,222.750000,228.440000,227.060000
84788,02313510,AMZN,15473,2025-10-31,244.220000,164492866,243.980000,250.500000,250.100000
84788,02313510,AMZN,15473,2025-11-03,254.000000,95028176,252.900000,258.600000,255.360000
84788,02313510,AMZN,15473,2025-11-04,249.320000,51240210,248.660000,257.010000,250.380000
84788,02313510,AMZN,15473,2025-11-05,250.200000,40227930,246.160000,251.000000,249.030000
84788,02313510,AMZN,15473,2025-11-06,243.040000,45573709,242.170000,250.380000,249.155000
84788,02313510,AMZN,15473,2025-11-07,244.410000,45996792,238.490000,244.900000,242.900000
84788,02313510,AMZN,15473,2025-11-10,248.400000,36027601,245.590000,251.750000,248.340000
84788,02313510,AMZN,15473,2025-11-11,249.100000,23349577,247.230000,249.749900,248.410000
84788,02313510,AMZN,15473,2025-11-12,244.200000,30797032,243.750000,250.370000,250.235000
84788,02313510,AMZN,15473,2025-11-13,237.580000,40866331,236.500000,243.750000,243.050000
84788,02313510,AMZN,15473,2025-11-14,234.690000,37936124,232.890000,238.730000,235.060000
84788,02313510,AMZN,15473,2025-11-17,232.870000,58431553,229.190000,234.600000,233.250000
84788,02313510,AMZN,15473,2025-11-18,222.550000,59618824,222.420000,230.200000,228.100000
84788,02313510,AMZN,15473,2025-11-19,222.690000,57629950,218.520000,223.735000,223.735000
84788,02313510,AMZN,15473,2025-11-20,217.140000,49619150,216.740000,227.410000,227.050000
84788,02313510,AMZN,15473,2025-11-21,220.690000,67916624,215.180000,222.210000,216.345000
84788,02313510,AMZN,15473,2025-11-24,226.280000,53590222,222.270000,227.330000,222.555000
84788,02313510,AMZN,15473,2025-11-25,229.670000,38849365,223.800000,230.520000,226.380000
84788,02313510,AMZN,15473,2025-11-26,229.160000,38002706,228.770000,231.747400,230.740000
84788,02313510,AMZN,15473,2025-11-28,233.220000,19922448,230.220000,233.285000,231.240000
84788,02313510,AMZN,15473,2025-12-01,233.880000,42343609,232.250000,235.797000,233.220000
84788,02313510,AMZN,15473,2025-12-02,234.420000,45019487,233.550000,238.970000,235.005000
84788,02313510,AMZN,15473,2025-12-03,232.380000,35016650,230.610000,233.380000,233.350000
84788,02313510,AMZN,15473,2025-12-04,229.110000,45022065,226.800000,233.500000,232.770000
84788,02313510,AMZN,15473,2025-12-05,229.530000,32706390,228.547000,231.240000,230.320000
84788,02313510,AMZN,15473,2025-12-08,226.890000,34484670,226.270000,230.830000,229.590000
84788,02313510,AMZN,15473,2025-12-09,227.920000,25622199,225.110000,228.570000,226.840000
84788,02313510,AMZN,15473,2025-12-10,231.780000,38216240,228.460000,232.420000,228.805000
84788,02313510,AMZN,15473,2025-12-11,230.280000,27947207,228.690100,232.110000,230.710000
84788,02313510,AMZN,15473,2025-12-12,226.190000,35279240,225.120000,230.080000,229.870000
84788,02313510,AMZN,15473,2025-12-15,222.540000,46572427,221.500000,227.930000,227.930000
84788,02313510,AMZN,15473,2025-12-16,222.560000,38917156,221.130400,223.660000,223.035000
84788,02313510,AMZN,15473,2025-12-17,221.270000,43384778,220.990000,225.190000,224.655000
84788,02313510,AMZN,15473,2025-12-18,226.760000,49755918,224.410000,229.225000,225.705000
84788,02313510,AMZN,15473,2025-12-19,227.350000,85360901,225.580000,229.125000,226.760000
84788,02313510,AMZN,15473,2025-12-22,228.430000,31759646,226.710000,229.480000,228.610000
84788,02313510,AMZN,15473,2025-12-23,232.140000,28953578,228.730000,232.445000,229.055000
84788,02313510,AMZN,15473,2025-12-24,232.380000,11296667,231.330000,232.950000,232.130000
84788,02313510,AMZN,15473,2025-12-26,232.520000,15734389,231.180000,232.990000,232.035000
84788,02313510,AMZN,15473,2025-12-29,232.070000,19607055,230.770000,232.600000,231.940000
84788,02313510,AMZN,15473,2025-12-30,232.530000,21714633,230.200000,232.770000,231.205000
84788,02313510,AMZN,15473,2025-12-31,230.820000,24166894,230.120000,232.990000,232.905000
93436,88160R10,TSLA,53453,2020-01-02,430.260000,9530112,421.710000,430.695700,424.500000
93436,88160R10,TSLA,53453,2020-01-03,443.010000,17754937,436.920000,454.000000,440.500000
93436,88160R10,TSLA,53453,2020-01-06,451.540000,10135350,440.000000,451.560000,440.470000
93436,88160R10,TSLA,53453,2020-01-07,469.060000,18173374,453.355000,471.630000,461.400000
93436,88160R10,TSLA,53453,2020-01-08,492.140000,31075285,468.230000,498.490000,473.700000
93436,88160R10,TSLA,53453,2020-01-09,481.340000,28379982,472.870000,498.800000,497.100000
93436,88160R10,TSLA,53453,2020-01-10,478.150000,12936566,473.700000,484.940000,481.790000
93436,88160R10,TSLA,53453,2020-01-13,524.860000,26585353,492.000000,525.630000,493.500000
93436,88160R10,TSLA,53453,2020-01-14,537.920000,28955735,524.900000,547.410000,544.255000
93436,88160R10,TSLA,53453,2020-01-15,518.500000,17326831,516.785300,537.840000,529.760000
93436,88160R10,TSLA,53453,2020-01-16,513.490000,21676128,492.170000,514.460000,493.750000
93436,88160R10,TSLA,53453,2020-01-17,510.500000,13613448,503.160000,515.669900,507.610000
93436,88160R10,TSLA,53453,2020-01-21,547.200000,17729048,528.410000,548.580000,530.250000
93436,88160R10,TSLA,53453,2020-01-22,569.560000,31246840,559.100000,594.500000,571.890000
93436,88160R10,TSLA,53453,2020-01-23,572.200000,19647957,555.602700,582.000000,564.250000
93436,88160R10,TSLA,53453,2020-01-24,564.820000,14307966,554.260000,573.860000,570.630000
93436,88160R10,TSLA,53453,2020-01-27,558.020000,13573672,539.280000,564.440000,541.990000
93436,88160R10,TSLA,53453,2020-01-28,566.900000,11790607,558.080000,576.810000,568.490000
93436,88160R10,TSLA,53453,2020-01-29,580.990000,18180726,567.430000,589.799900,575.690000
93436,88160R10,TSLA,53453,2020-01-30,640.810000,28911713,618.000000,650.880000,632.420000
93436,88160R10,TSLA,53453,2020-01-31,650.570000,15676580,632.520000,653.000000,640.000000
93436,88160R10,TSLA,53453,2020-02-03,780.000000,47076894,673.520000,786.140000,673.690000
93436,88160R10,TSLA,53453,2020-02-04,887.060000,60652235,833.880000,968.989900,882.960000
93436,88160R10,TSLA,53453,2020-02-05,734.700000,48231012,704.110600,845.980000,823.260000
93436,88160R10,TSLA,53453,2020-02-06,748.960000,39721262,687.000000,795.830000,699.920000
93436,88160R10,TSLA,53453,2020-02-07,748.070000,17070771,730.000000,769.750000,730.550000
93436,88160R10,TSLA,53453,2020-02-10,771.280000,24651598,752.400000,819.990000,800.000000
93436,88160R10,TSLA,53453,2020-02-11,774.380000,11661795,758.000000,783.506100,768.790000
93436,88160R10,TSLA,53453,2020-02-12,767.290000,12016042,763.370000,789.750000,777.870000
93436,88160R10,TSLA,53453,2020-02-13,804.000000,26218620,735.000000,818.000000,741.840000
93436,88160R10,TSLA,53453,2020-02-14,800.030000,15656779,785.500000,812.970000,787.220000
93436,88160R10,TSLA,53453,2020-02-18,858.400000,16668917,832.360000,860.000000,841.600000
93436,88160R10,TSLA,53453,2020-02-19,917.420000,25338483,901.020000,944.780000,923.500000
93436,88160R10,TSLA,53453,2020-02-20,899.410000,17590776,859.940000,912.000000,911.950000
93436,88160R10,TSLA,53453,2020-02-21,901.000000,14314935,880.450000,913.060000,906.980000
93436,88160R10,TSLA,53453,2020-02-24,833.790000,15129252,822.200000,863.500000,839.000000
93436,88160R10,TSLA,53453,2020-02-25,799.910000,17266202,787.000000,856.600000,849.000000
93436,88160R10,TSLA,53453,2020-02-26,778.800000,14120951,776.110000,813.310000,782.500000
93436,88160R10,TSLA,53453,2020-02-27,679.000000,24211114,669.000000,739.770000,730.000000
93436,88160R10,TSLA,53453,2020-02-28,667.990000,24469949,611.520000,690.520000,629.700000
93436,88160R10,TSLA,53453,2020-03-02,743.620000,20143254,686.670000,743.690000,711.260000
93436,88160R10,TSLA,53453,2020-03-03,745.510000,25733963,716.110600,806.980000,805.000000
93436,88160R10,TSLA,53453,2020-03-04,749.500000,15019950,724.734500,766.520000,763.960300
93436,88160R10,TSLA,53453,2020-03-05,724.540000,10833518,718.070000,745.750000,723.770000
93436,88160R10,TSLA,53453,2020-03-06,703.480000,12633439,684.270000,707.000000,690.004000
93436,88160R10,TSLA,53453,2020-03-09,608.000000,17020760,605.000000,662.998000,605.390000
93436,88160R10,TSLA,53453,2020-03-10,645.330000,15535305,608.000000,668.000000,659.430000
93436,88160R10,TSLA,53453,2020-03-11,634.230000,13356746,613.000000,653.580000,640.200000
93436,88160R10,TSLA,53453,2020-03-12,560.550000,18883822,546.250000,594.500000,580.890000
93436,88160R10,TSLA,53453,2020-03-13,546.620000,22595315,502.000000,607.570000,595.000000
93436,88160R10,TSLA,53453,2020-03-16,445.070000,20446685,442.170000,494.869900,469.499700
93436,88160R10,TSLA,53453,2020-03-17,430.200000,23923871,396.000000,471.850000,440.010000
93436,88160R10,TSLA,53453,2020-03-18,361.220000,23718230,350.510000,404.860000,389.000000
93436,88160R10,TSLA,53453,2020-03-19,427.640000,30136064,358.460000,452.000000,374.697000
93436,88160R10,TSLA,53453,2020-03-20,427.530000,28174267,425.790000,477.000000,438.200000
93436,88160R10,TSLA,53453,2020-03-23,434.290000,16452706,410.500000,441.999900,433.600000
93436,88160R10,TSLA,53453,2020-03-24,505.000000,22837423,474.000000,513.690000,477.300000
93436,88160R10,TSLA,53453,2020-03-25,539.250000,21177366,511.110000,557.000000,545.250000
93436,88160R10,TSLA,53453,2020-03-26,528.160000,17394057,512.250000,560.000000,547.390000
93436,88160R10,TSLA,53453,2020-03-27,514.360000,14356042,494.030000,525.800000,505.000000
93436,88160R10,TSLA,53453,2020-03-30,502.130000,11978923,491.230000,516.647100,510.260000
93436,88160R10,TSLA,53453,2020-03-31,524.000000,17731682,497.000000,542.960000,501.250000
93436,88160R10,TSLA,53453,2020-04-01,481.560000,13321367,475.100000,513.954800,504.000000
93436,88160R10,TSLA,53453,2020-04-02,454.470000,19820649,446.400000,494.259900,481.030000
93436,88160R10,TSLA,53453,2020-04-03,480.010000,22524300,468.390100,515.490000,509.500000
93436,88160R10,TSLA,53453,2020-04-06,516.240000,14879233,497.960000,521.000000,511.200000
93436,88160R10,TSLA,53453,2020-04-07,545.450000,17889232,532.340000,565.000000,545.000000
93436,88160R10,TSLA,53453,2020-04-08,548.840000,12635605,533.330000,557.208100,554.200000
93436,88160R10,TSLA,53453,2020-04-09,573.000000,13632843,557.110000,575.181800,562.090000
93436,88160R10,TSLA,53453,2020-04-13,650.950000,22431569,580.530000,652.000000,590.160000
93436,88160R10,TSLA,53453,2020-04-14,709.890000,30526376,692.430000,741.880000,698.970000
93436,88160R10,TSLA,53453,2020-04-15,729.830000,23573333,710.000000,753.130000,742.000000
93436,88160R10,TSLA,53453,2020-04-16,745.210000,20613321,706.715000,759.450000,716.940000
93436,88160R10,TSLA,53453,2020-04-17,753.890000,13090313,747.660000,774.950000,772.280000
93436,88160R10,TSLA,53453,2020-04-20,746.360000,14718531,712.210000,765.570000,732.700000
93436,88160R10,TSLA,53453,2020-04-21,686.720000,20161043,673.790000,753.330000,730.120000
93436,88160R10,TSLA,53453,2020-04-22,732.110000,14189989,688.710000,734.000000,703.980000
93436,88160R10,TSLA,53453,2020-04-23,705.630000,13207098,703.130000,734.000000,727.600000
93436,88160R10,TSLA,53453,2020-04-24,725.150000,13213852,698.180000,730.730000,710.810000
93436,88160R10,TSLA,53453,2020-04-27,798.750000,20588079,735.000000,799.490000,737.610000
93436,88160R10,TSLA,53453,2020-04-28,769.120000,15190060,756.690000,805.000000,795.640000
93436,88160R10,TSLA,53453,2020-04-29,800.510000,16166610,783.160000,803.199900,790.170000
93436,88160R10,TSLA,53453,2020-04-30,781.880000,28284614,763.500000,869.820000,855.190000
93436,88160R10,TSLA,53453,2020-05-01,701.320000,32396848,683.040000,772.770000,755.000000
93436,88160R10,TSLA,53453,2020-05-04,761.190000,19178213,698.000000,762.000000,701.000000
93436,88160R10,TSLA,53453,2020-05-05,768.210000,16941246,762.180000,798.920000,789.790000
93436,88160R10,TSLA,53453,2020-05-06,782.580000,11106028,761.110000,789.800000,776.500000
93436,88160R10,TSLA,53453,2020-05-07,780.040000,11508366,772.350000,796.400000,777.210000
93436,88160R10,TSLA,53453,2020-05-08,819.420000,16127079,787.010000,824.000000,793.770000
93436,88160R10,TSLA,53453,2020-05-11,811.290000,16504847,785.000000,824.000000,790.510000
93436,88160R10,TSLA,53453,2020-05-12,809.410000,15893782,808.000000,843.290000,827.000000
93436,88160R10,TSLA,53453,2020-05-13,790.960000,19033833,763.300000,826.000000,820.830000
93436,88160R10,TSLA,53453,2020-05-14,803.330000,13658807,764.000000,803.360000,780.000000
93436,88160R10,TSLA,53453,2020-05-15,799.170000,10505251,786.552000,805.048600,790.350000
93436,88160R10,TSLA,53453,2020-05-18,813.630000,11673377,803.880000,834.720100,827.780000
93436,88160R10,TSLA,53453,2020-05-19,808.010000,9623704,806.080000,822.070000,815.170000
93436,88160R10,TSLA,53453,2020-05-20,815.560000,7298893,811.800000,826.000000,820.500000
93436,88160R10,TSLA,53453,2020-05-21,827.600000,12227696,796.000000,832.500000,816.000000
93436,88160R10,TSLA,53453,2020-05-22,816.880000,9973407,812.000000,831.780000,822.174000
93436,88160R10,TSLA,53453,2020-05-26,818.870000,8077487,815.705000,834.600000,834.500000
93436,88160R10,TSLA,53453,2020-05-27,820.230000,11528727,785.000000,827.710000,820.860000
93436,88160R10,TSLA,53453,2020-05-28,805.810000,7265199,801.690000,824.750000,813.510000
93436,88160R10,TSLA,53453,2020-05-29,835.000000,11779766,804.210000,835.000000,808.750000
93436,88160R10,TSLA,53453,2020-06-01,898.100000,15041656,854.100000,899.000000,858.000000
93436,88160R10,TSLA,53453,2020-06-02,881.560000,13518414,871.000000,908.660000,894.700000
93436,88160R10,TSLA,53453,2020-06-03,882.960000,7938005,880.100000,897.940000,888.120000
93436,88160R10,TSLA,53453,2020-06-04,864.380000,8863518,858.440000,895.750000,889.880000
93436,88160R10,TSLA,53453,2020-06-05,885.660000,7774839,866.200000,886.520000,877.840000
93436,88160R10,TSLA,53453,2020-06-08,949.920000,14123490,909.160000,950.000000,919.000000
93436,88160R10,TSLA,53453,2020-06-09,940.670000,11350659,923.931000,954.439900,940.010000
93436,88160R10,TSLA,53453,2020-06-10,1025.050000,18502866,982.500000,1027.480000,991.880000
93436,88160R10,TSLA,53453,2020-06-11,972.840000,15894166,972.000000,1018.960000,990.200000
93436,88160R10,TSLA,53453,2020-06-12,935.280000,16723871,912.600000,987.980000,980.000000
93436,88160R10,TSLA,53453,2020-06-15,990.900000,15617797,908.500000,998.840000,917.790000
93436,88160R10,TSLA,53453,2020-06-16,982.130000,14023105,962.390000,1012.880000,1011.850000
93436,88160R10,TSLA,53453,2020-06-17,991.790000,9874301,982.571000,1005.000000,987.710000
93436,88160R10,TSLA,53453,2020-06-18,1003.960000,9734252,994.470800,1019.200000,1003.000000
93436,88160R10,TSLA,53453,2020-06-19,1000.900000,8661989,991.340000,1015.970000,1012.780000
93436,88160R10,TSLA,53453,2020-06-22,994.320000,6353684,990.020000,1008.880000,999.950000
93436,88160R10,TSLA,53453,2020-06-23,1001.780000,6351083,994.010100,1012.000000,998.880000
93436,88160R10,TSLA,53453,2020-06-24,960.850000,10911883,953.141400,1000.885000,994.110000
93436,88160R10,TSLA,53453,2020-06-25,985.980000,9228065,937.150000,985.980000,954.270000
93436,88160R10,TSLA,53453,2020-06-26,959.740000,8831054,954.870000,995.000000,994.780000
93436,88160R10,TSLA,53453,2020-06-29,1009.350000,9000317,948.520100,1010.000000,969.010000
93436,88160R10,TSLA,53453,2020-06-30,1079.810000,16859670,1003.730000,1087.690000,1006.500000
93436,88160R10,TSLA,53453,2020-07-01,1119.630000,13275241,1080.500000,1135.330000,1083.000000
93436,88160R10,TSLA,53453,2020-07-02,1208.660000,17197157,1185.600000,1228.000000,1221.480000
93436,88160R10,TSLA,53453,2020-07-06,1371.580000,20510903,1266.044000,1377.790000,1276.690000
93436,88160R10,TSLA,53453,2020-07-07,1389.860000,21408648,1336.710000,1429.500000,1405.010000
93436,88160R10,TSLA,53453,2020-07-08,1365.880000,16246140,1311.340000,1417.260000,1405.000000
93436,88160R10,TSLA,53453,2020-07-09,1394.280000,11670701,1351.280000,1408.560000,1396.990000
93436,88160R10,TSLA,53453,2020-07-10,1544.650000,23251800,1376.010000,1548.915000,1396.000000
93436,88160R10,TSLA,53453,2020-07-13,1497.060000,38831507,1471.110000,1794.990000,1659.000000
93436,88160R10,TSLA,53453,2020-07-14,1516.800000,23371219,1431.000000,1590.000000,1556.000000
93436,88160R10,TSLA,53453,2020-07-15,1546.010000,16315865,1457.000000,1550.000000,1543.000000
93436,88160R10,TSLA,53453,2020-07-16,1500.640000,14252623,1466.000000,1531.710000,1477.160000
93436,88160R10,TSLA,53453,2020-07-17,1500.840000,9312955,1490.000000,1537.510000,1513.450000
93436,88160R10,TSLA,53453,2020-07-20,1643.000000,17054855,1488.000000,1650.000000,1519.010000
93436,88160R10,TSLA,53453,2020-07-21,1568.360000,16133039,1558.000000,1675.000000,1639.930000
93436,88160R10,TSLA,53453,2020-07-22,1592.330000,14144184,1562.000000,1626.420000,1599.000000
93436,88160R10,TSLA,53453,2020-07-23,1513.070000,24367202,1480.770000,1689.000000,1678.950000
93436,88160R10,TSLA,53453,2020-07-24,1417.000000,19342395,1366.540000,1465.000000,1416.010000
93436,88160R10,TSLA,53453,2020-07-27,1539.600000,15988678,1413.000000,1547.940000,1435.000000
93436,88160R10,TSLA,53453,2020-07-28,1476.490000,15776590,1474.420000,1564.700000,1504.000000
93436,88160R10,TSLA,53453,2020-07-29,1499.110000,9401934,1487.000000,1534.810000,1501.000000
93436,88160R10,TSLA,53453,2020-07-30,1487.490000,7601903,1471.000000,1513.240000,1488.000000
93436,88160R10,TSLA,53453,2020-07-31,1430.760000,12218466,1420.980000,1517.050000,1515.000000
93436,88160R10,TSLA,53453,2020-08-03,1485.000000,8783398,1444.384000,1509.810000,1449.200000
93436,88160R10,TSLA,53453,2020-08-04,1487.000000,8389296,1462.000000,1527.410000,1495.010000
93436,88160R10,TSLA,53453,2020-08-05,1485.020000,4967584,1468.310000,1499.838000,1492.990000
93436,88160R10,TSLA,53453,2020-08-06,1489.580000,5961375,1477.260000,1517.310000,1490.830000
93436,88160R10,TSLA,53453,2020-08-07,1452.710000,8872984,1415.010000,1499.750000,1499.537000
93436,88160R10,TSLA,53453,2020-08-10,1418.570000,7512738,1385.840000,1457.500000,1448.000000
93436,88160R10,TSLA,53453,2020-08-11,1374.390000,8607394,1365.000000,1420.000000,1396.000000
93436,88160R10,TSLA,53453,2020-08-12,1554.760000,21828364,1435.000000,1585.000000,1470.000000
93436,88160R10,TSLA,53453,2020-08-13,1621.000000,20387865,1567.260000,1651.180000,1611.000000
93436,88160R10,TSLA,53453,2020-08-14,1650.710000,12562182,1626.640000,1668.800000,1664.990000
93436,88160R10,TSLA,53453,2020-08-17,1835.640000,20145252,1672.830000,1845.860000,1677.000000
93436,88160R10,TSLA,53453,2020-08-18,1887.090000,16436978,1845.110000,1923.900000,1898.990000
93436,88160R10,TSLA,53453,2020-08-19,1878.530000,12178422,1841.210000,1911.000000,1865.000000
93436,88160R10,TSLA,53453,2020-08-20,2001.830000,20557219,1857.060000,2021.990000,1860.680000
93436,88160R10,TSLA,53453,2020-08-21,2049.980000,21415137,2025.050000,2095.490000,2044.760000
93436,88160R10,TSLA,53453,2020-08-24,2014.200000,19982162,1927.520000,2129.000000,2126.275000
93436,88160R10,TSLA,53453,2020-08-25,2023.340000,10628719,1968.000000,2027.950000,1974.890000
93436,88160R10,TSLA,53453,2020-08-26,2153.170000,14184847,2053.629000,2166.000000,2060.000000
93436,88160R10,TSLA,53453,2020-08-27,2238.750000,23593610,2142.500000,2295.600000,2180.460000
93436,88160R10,TSLA,53453,2020-08-28,2213.400000,20038951,2186.520000,2318.490000,2295.120000
93436,88160R10,TSLA,53453,2020-08-31,498.320000,118162555,440.110000,500.140000,444.610000
93436,88160R10,TSLA,53453,2020-09-01,475.050000,89635564,470.510000,502.490000,502.140000
93436,88160R10,TSLA,53453,2020-09-02,447.370000,95994895,405.120600,479.040000,478.990000
93436,88160R10,TSLA,53453,2020-09-03,407.000000,87400772,402.000000,431.800000,407.230000
93436,88160R10,TSLA,53453,2020-09-04,418.320000,110008611,372.020100,428.000000,402.810000
93436,88160R10,TSLA,53453,2020-09-08,330.210000,115388993,329.880000,368.740000,356.000000
93436,88160R10,TSLA,53453,2020-09-09,366.280000,79251067,341.510000,369.000000,356.600000
93436,88160R10,TSLA,53453,2020-09-10,371.340000,84643215,360.560000,398.990000,386.210000
93436,88160R10,TSLA,53453,2020-09-11,372.720000,60497681,360.500000,382.500000,381.940000
93436,88160R10,TSLA,53453,2020-09-14,419.620000,82819345,373.300000,420.000000,380.950000
93436,88160R10,TSLA,53453,2020-09-15,449.760000,97061530,430.700000,461.940000,436.560000
93436,88160R10,TSLA,53453,2020-09-16,441.760000,72257406,435.310000,457.790000,439.870000
93436,88160R10,TSLA,53453,2020-09-17,423.430000,76531023,408.000100,437.790000,415.600000
93436,88160R10,TSLA,53453,2020-09-18,442.150000,86232236,428.800000,451.000000,447.940000
93436,88160R10,TSLA,53453,2020-09-21,449.390000,109322871,407.070000,455.680000,453.130000
93436,88160R10,TSLA,53453,2020-09-22,424.230000,79505713,417.600100,437.760000,429.600000
93436,88160R10,TSLA,53453,2020-09-23,380.360000,95163352,375.880100,412.150000,405.160000
93436,88160R10,TSLA,53453,2020-09-24,387.790000,96354838,351.300000,399.500000,363.800000
93436,88160R10,TSLA,53453,2020-09-25,407.340000,67112771,391.300000,408.732300,393.470000
93436,88160R10,TSLA,53453,2020-09-28,421.200000,49650747,415.550000,428.080000,424.620000
93436,88160R10,TSLA,53453,2020-09-29,419.070000,50269232,411.600000,428.500000,416.000000
93436,88160R10,TSLA,53453,2020-09-30,429.010000,48093567,420.470000,433.930000,421.320000
93436,88160R10,TSLA,53453,2020-10-01,448.160000,50704582,434.420000,448.880000,440.760000
93436,88160R10,TSLA,53453,2020-10-02,415.090000,71316583,415.000000,439.130000,421.390000
93436,88160R10,TSLA,53453,2020-10-05,425.680000,44671189,419.330000,433.640000,423.350000
93436,88160R10,TSLA,53453,2020-10-06,413.980000,49066890,406.050000,428.779900,423.790000
93436,88160R10,TSLA,53453,2020-10-07,425.300000,43065740,413.845000,429.900000,419.870000
93436,88160R10,TSLA,53453,2020-10-08,425.920000,40367982,425.300000,439.000000,438.440000
93436,88160R10,TSLA,53453,2020-10-09,434.000000,29147928,426.460100,434.589900,430.130000
93436,88160R10,TSLA,53453,2020-10-12,442.300000,38729540,438.580000,448.740000,442.000000
93436,88160R10,TSLA,53453,2020-10-13,446.650000,34493626,436.600000,448.890000,443.350000
93436,88160R10,TSLA,53453,2020-10-14,461.300000,47985742,447.350000,465.900000,449.780000
93436,88160R10,TSLA,53453,2020-10-15,448.880000,35627593,442.500000,456.570000,450.310000
93436,88160R10,TSLA,53453,2020-10-16,439.670000,32718354,438.850000,455.949900,454.440000
93436,88160R10,TSLA,53453,2020-10-19,430.830000,36229039,428.870000,447.000000,446.240000
93436,88160R10,TSLA,53453,2020-10-20,421.940000,31630411,419.050100,431.750000,431.750000
93436,88160R10,TSLA,53453,2020-10-21,422.640000,32355729,421.250000,432.950000,422.700000
93436,88160R10,TSLA,53453,2020-10-22,425.790000,39880101,424.510000,445.230000,441.920000
93436,88160R10,TSLA,53453,2020-10-23,420.630000,33680860,407.380100,422.885900,421.840000
93436,88160R10,TSLA,53453,2020-10-26,420.280000,28208054,410.000000,425.760000,411.630000
93436,88160R10,TSLA,53453,2020-10-27,424.680000,22646668,420.100000,430.500000,423.760000
93436,88160R10,TSLA,53453,2020-10-28,406.020000,25411314,406.000000,418.600000,416.480000
93436,88160R10,TSLA,53453,2020-10-29,410.830000,22626811,406.460000,418.060000,409.960000
93436,88160R10,TSLA,53453,2020-10-30,388.040000,42496253,379.110000,407.591500,406.895400
93436,88160R10,TSLA,53453,2020-11-02,400.510000,28955922,392.300000,406.979900,394.000000
93436,88160R10,TSLA,53453,2020-11-03,423.900000,34288743,406.690000,427.770000,409.730000
93436,88160R10,TSLA,53453,2020-11-04,420.980000,32074931,417.100000,435.400000,430.620000
93436,88160R10,TSLA,53453,2020-11-05,438.090000,28356439,424.000100,440.000000,428.300000
93436,88160R10,TSLA,53453,2020-11-06,429.950000,21678176,424.280000,436.570000,436.100000
93436,88160R10,TSLA,53453,2020-11-09,421.260000,34714333,421.000000,452.500000,439.500000
93436,88160R10,TSLA,53453,2020-11-10,410.360000,30243227,396.030100,420.090000,420.090000
93436,88160R10,TSLA,53453,2020-11-11,417.130000,17342191,410.580000,418.695000,416.450000
93436,88160R10,TSLA,53453,2020-11-12,411.760000,19929780,409.520000,423.000000,415.050000
93436,88160R10,TSLA,53453,2020-11-13,408.500000,19783651,401.660000,412.531900,410.850000
93436,88160R10,TSLA,53453,2020-11-16,408.090000,27057271,404.086800,412.450000,408.930000
93436,88160R10,TSLA,53453,2020-11-17,441.610000,60954449,433.010000,462.000000,460.170000
93436,88160R10,TSLA,53453,2020-11-18,486.640000,77859674,443.500100,496.000000,448.350000
93436,88160R10,TSLA,53453,2020-11-19,499.270000,62268374,487.570000,508.611200,492.000000
93436,88160R10,TSLA,53453,2020-11-20,489.610000,32848021,489.060000,502.500000,497.990000
93436,88160R10,TSLA,53453,2020-11-23,521.850000,50179425,501.790000,526.000000,503.500000
93436,88160R10,TSLA,53453,2020-11-24,555.380000,53548761,526.200000,559.990000,540.400000
93436,88160R10,TSLA,53453,2020-11-25,574.000000,48880675,545.370000,574.000000,550.060000
93436,88160R10,TSLA,53453,2020-11-27,585.760000,37371675,578.450000,598.780000,581.160000
93436,88160R10,TSLA,53453,2020-11-30,567.600000,62814338,554.510000,607.800000,602.210000
93436,88160R10,TSLA,53453,2020-12-01,584.760000,40297471,572.050000,597.850000,597.590000
93436,88160R10,TSLA,53453,2020-12-02,568.820000,47704658,541.210000,571.540000,556.440000
93436,88160R10,TSLA,53453,2020-12-03,593.380000,42491073,582.430000,598.970000,590.020000
93436,88160R10,TSLA,53453,2020-12-04,599.040000,29363619,585.500000,599.040000,591.010000
93436,88160R10,TSLA,53453,2020-12-07,641.760000,56181268,603.050000,648.785600,604.919700
93436,88160R10,TSLA,53453,2020-12-08,649.880000,63945819,618.500000,651.280000,625.505000
93436,88160R10,TSLA,53453,2020-12-09,604.480000,71155257,588.000000,654.320000,653.690000
93436,88160R10,TSLA,53453,2020-12-10,627.070000,66930698,566.340000,627.750000,574.370000
93436,88160R10,TSLA,53453,2020-12-11,609.990000,46800665,596.800000,624.000000,615.010000
93436,88160R10,TSLA,53453,2020-12-14,639.830000,51908816,610.200100,642.749900,619.000000
93436,88160R10,TSLA,53453,2020-12-15,633.250000,45101693,623.800000,646.900000,643.280000
93436,88160R10,TSLA,53453,2020-12-16,622.770000,42031553,605.000000,632.500000,628.230000
93436,88160R10,TSLA,53453,2020-12-17,655.900000,56149948,619.500000,658.820000,628.190000
93436,88160R10,TSLA,53453,2020-12-18,695.000000,223285389,628.540000,695.000000,668.900000
93436,88160R10,TSLA,53453,2020-12-21,649.860000,57883583,646.070000,668.500000,666.240000
93436,88160R10,TSLA,53453,2020-12-22,640.340000,51756764,614.230000,649.880000,648.000000
93436,88160R10,TSLA,53453,2020-12-23,645.980000,33059469,622.570100,651.499900,632.200000
93436,88160R10,TSLA,53453,2020-12-24,661.770000,22813214,641.000000,666.090000,642.990000
93436,88160R10,TSLA,53453,2020-12-28,663.690000,32232732,660.800000,681.400000,674.510000
93436,88160R10,TSLA,53453,2020-12-29,665.990000,22867542,655.000000,669.900000,661.000000
93436,88160R10,TSLA,53453,2020-12-30,694.780000,42766263,668.360300,696.600000,672.000000
93436,88160R10,TSLA,53453,2020-12-31,705.670000,49544141,691.120000,718.720000,699.990000
93436,88160R10,TSLA,53453,2021-01-04,729.770000,48550251,717.189500,744.489900,719.460000
93436,88160R10,TSLA,53453,2021-01-05,735.110000,32104628,719.200000,740.840000,723.660000
93436,88160R10,TSLA,53453,2021-01-06,755.980000,44403747,749.100000,774.000000,758.490000
93436,88160R10,TSLA,53453,2021-01-07,816.040000,51368871,775.200000,816.990000,777.630000
93436,88160R10,TSLA,53453,2021-01-08,880.020000,74913552,838.390000,884.490000,856.000000
93436,88160R10,TSLA,53453,2021-01-11,811.190000,59408889,803.622200,854.430000,849.400000
93436,88160R10,TSLA,53453,2021-01-12,849.440000,46106839,827.340000,868.000000,831.000000
93436,88160R10,TSLA,53453,2021-01-13,854.410000,33221474,832.000000,860.470000,852.760000
93436,88160R10,TSLA,53453,2021-01-14,845.000000,31212520,838.750000,863.000000,843.390000
93436,88160R10,TSLA,53453,2021-01-15,826.160000,38668597,819.100000,859.900000,852.000000
93436,88160R10,TSLA,53453,2021-01-19,844.550000,25296562,833.000000,850.000000,837.800000
93436,88160R10,TSLA,53453,2021-01-20,850.450000,25575516,837.280000,859.500000,858.740000
93436,88160R10,TSLA,53453,2021-01-21,844.990000,20556043,841.420100,855.719900,855.000000
93436,88160R10,TSLA,53453,2021-01-22,846.640000,19954537,828.620000,848.000000,834.310000
93436,88160R10,TSLA,53453,2021-01-25,880.800000,41045594,838.820100,900.400000,855.000000
93436,88160R10,TSLA,53453,2021-01-26,883.090000,23061876,871.600000,895.900000,891.380000
93436,88160R10,TSLA,53453,2021-01-27,864.160000,27217910,858.660000,891.500000,870.350000
93436,88160R10,TSLA,53453,2021-01-28,835.430000,26309015,801.000000,848.000000,820.000000
93436,88160R10,TSLA,53453,2021-01-29,793.530000,34883307,780.100000,842.410000,830.000000
93436,88160R10,TSLA,53453,2021-02-01,839.810000,25275956,795.560100,842.000000,814.290000
93436,88160R10,TSLA,53453,2021-02-02,872.790000,24267558,842.200600,880.500000,844.680000
93436,88160R10,TSLA,53453,2021-02-03,854.690000,18306517,853.064600,878.080000,877.020000
93436,88160R10,TSLA,53453,2021-02-04,849.990000,15761692,833.420000,856.500000,855.000000
93436,88160R10,TSLA,53453,2021-02-05,852.230000,18522822,838.970000,864.770000,845.000000
93436,88160R10,TSLA,53453,2021-02-08,863.420000,20132402,854.750000,877.770000,869.670000
93436,88160R10,TSLA,53453,2021-02-09,849.460000,15135737,841.750000,859.800000,855.120000
93436,88160R10,TSLA,53453,2021-02-10,804.820000,36132880,800.020000,844.820000,843.635000
93436,88160R10,TSLA,53453,2021-02-11,811.660000,21590303,801.725000,829.879900,812.440000
93436,88160R10,TSLA,53453,2021-02-12,816.120000,23699167,785.330600,817.330000,801.260000
93436,88160R10,TSLA,53453,2021-02-16,796.220000,19746585,792.440000,821.000000,818.000000
93436,88160R10,TSLA,53453,2021-02-17,798.150000,26001410,762.010000,799.840000,779.090000
93436,88160R10,TSLA,53453,2021-02-18,787.380000,18198537,776.270000,794.690000,780.900000
93436,88160R10,TSLA,53453,2021-02-19,781.300000,18913271,777.370000,796.789900,795.000000
93436,88160R10,TSLA,53453,2021-02-22,714.500000,37182312,710.200000,768.500000,762.640000
93436,88160R10,TSLA,53453,2021-02-23,698.840000,66731850,619.000000,713.609900,662.130000
93436,88160R10,TSLA,53453,2021-02-24,742.020000,36690581,694.170000,745.000000,711.850000
93436,88160R10,TSLA,53453,2021-02-25,682.220000,38944934,670.580000,737.206600,726.150000
93436,88160R10,TSLA,53453,2021-02-26,675.500000,40989068,659.510000,706.700000,700.000000
93436,88160R10,TSLA,53453,2021-03-01,718.430000,27070056,685.050000,872.000000,690.110000
93436,88160R10,TSLA,53453,2021-03-02,686.440000,23699073,685.000000,721.110000,718.280000
93436,88160R10,TSLA,53453,2021-03-03,653.200000,30139543,651.705000,700.700000,687.990000
93436,88160R10,TSLA,53453,2021-03-04,621.440000,65833694,600.000000,873.940000,655.800000
93436,88160R10,TSLA,53453,2021-03-05,597.950000,89196849,539.490000,627.841900,626.060000
93436,88160R10,TSLA,53453,2021-03-08,563.000000,51690394,558.790000,620.125000,600.550000
93436,88160R10,TSLA,53453,2021-03-09,673.580000,67345141,595.210000,678.090000,608.180000
93436,88160R10,TSLA,53453,2021-03-10,668.060000,60385092,655.060000,717.850000,700.300000
93436,88160R10,TSLA,53453,2021-03-11,699.600000,36172307,677.180000,702.500000,699.400000
93436,88160R10,TSLA,53453,2021-03-12,693.730000,33519005,666.139400,694.880000,670.000000
93436,88160R10,TSLA,53453,2021-03-15,707.940000,29369385,684.040000,713.180000,694.090000
93436,88160R10,TSLA,53453,2021-03-16,676.880000,32088718,671.000000,707.920000,703.350000
93436,88160R10,TSLA,53453,2021-03-17,701.810000,40253337,651.010000,703.730000,656.870000
93436,88160R10,TSLA,53453,2021-03-18,653.160000,33300560,652.000000,689.230000,684.290000
93436,88160R10,TSLA,53453,2021-03-19,654.870000,42758528,624.620100,657.230000,646.600000
93436,88160R10,TSLA,53453,2021-03-22,670.000000,39426867,668.750000,699.620000,684.590000
93436,88160R10,TSLA,53453,2021-03-23,662.160000,30422732,657.510000,677.800000,675.770000
93436,88160R10,TSLA,53453,2021-03-24,630.270000,33717510,630.110000,668.020000,667.910000
93436,88160R10,TSLA,53453,2021-03-25,640.390000,39173906,609.500000,645.500000,613.000000
93436,88160R10,TSLA,53453,2021-03-26,618.710000,33755193,599.890000,643.820000,641.870000
93436,88160R10,TSLA,53453,2021-03-29,611.290000,28592602,596.020000,616.480000,615.640000
93436,88160R10,TSLA,53453,2021-03-30,635.620000,39372280,591.010000,637.660000,601.750000
93436,88160R10,TSLA,53453,2021-03-31,667.930000,33269796,641.110000,672.000000,646.620000
93436,88160R10,TSLA,53453,2021-04-01,661.750000,35258118,659.420000,692.420300,688.370000
93436,88160R10,TSLA,53453,2021-04-05,691.050000,41774395,684.700000,708.160000,707.710000
93436,88160R10,TSLA,53453,2021-04-06,691.620000,28238794,681.370000,696.550000,690.300000
93436,88160R10,TSLA,53453,2021-04-07,670.970000,26261932,667.840000,691.380000,687.000000
93436,88160R10,TSLA,53453,2021-04-08,683.800000,23895780,671.645000,689.549900,677.380000
93436,88160R10,TSLA,53453,2021-04-09,677.020000,21408110,669.430000,680.970000,677.770000
93436,88160R10,TSLA,53453,2021-04-12,701.980000,29085879,682.090000,704.800000,685.700000
93436,88160R10,TSLA,53453,2021-04-13,762.320000,44598101,710.660000,763.000000,712.700000
93436,88160R10,TSLA,53453,2021-04-14,732.230000,48933590,728.030000,780.790000,770.700000
93436,88160R10,TSLA,53453,2021-04-15,738.850000,27798914,721.310000,743.690000,743.100000
93436,88160R10,TSLA,53453,2021-04-16,739.780000,27990635,724.600000,749.410000,728.650000
93436,88160R10,TSLA,53453,2021-04-19,714.630000,39636915,691.800100,725.400000,719.600000
93436,88160R10,TSLA,53453,2021-04-20,718.990000,35567477,710.685000,737.250000,717.420000
93436,88160R10,TSLA,53453,2021-04-21,744.120000,31145411,698.000000,744.840000,704.770000
93436,88160R10,TSLA,53453,2021-04-22,719.690000,35503423,718.040000,753.770000,741.500000
93436,88160R10,TSLA,53453,2021-04-23,729.400000,28323414,715.460000,737.360000,719.800000
93436,88160R10,TSLA,53453,2021-04-26,738.200000,30994492,732.605300,749.300000,741.000000
93436,88160R10,TSLA,53453,2021-04-27,704.740000,29364528,703.350100,724.000000,717.960000
93436,88160R10,TSLA,53453,2021-04-28,694.400000,22212713,693.600000,708.500000,696.410000
93436,88160R10,TSLA,53453,2021-04-29,677.000000,28788594,668.500200,702.250000,699.510000
93436,88160R10,TSLA,53453,2021-04-30,709.440000,40661016,666.140000,715.470000,667.590000
93436,88160R10,TSLA,53453,2021-05-03,684.900000,26991317,680.500000,706.000000,703.800000
93436,88160R10,TSLA,53453,2021-05-04,673.600000,29673044,657.701000,683.446400,678.940000
93436,88160R10,TSLA,53453,2021-05-05,670.940000,21871395,667.340000,685.295500,681.060000
93436,88160R10,TSLA,53453,2021-05-06,663.540000,27741003,650.000000,681.020000,680.760000
93436,88160R10,TSLA,53453,2021-05-07,672.370000,23440244,660.220000,690.000000,665.800000
93436,88160R10,TSLA,53453,2021-05-10,629.040000,31322967,627.610100,665.050000,664.900000
93436,88160R10,TSLA,53453,2021-05-11,617.200000,46430411,595.600000,627.099900,599.240000
93436,88160R10,TSLA,53453,2021-05-12,589.890000,33740654,586.765000,620.410000,602.490000
93436,88160R10,TSLA,53453,2021-05-13,571.690000,44099996,559.650000,606.459900,601.545000
93436,88160R10,TSLA,53453,2021-05-14,589.740000,33322067,570.460000,592.870000,583.410000
93436,88160R10,TSLA,53453,2021-05-17,576.830000,32315432,561.200000,589.730000,575.553000
93436,88160R10,TSLA,53453,2021-05-18,577.870000,36761894,563.380000,596.250000,568.000000
93436,88160R10,TSLA,53453,2021-05-19,563.460000,39491964,546.980000,566.210000,552.550000
93436,88160R10,TSLA,53453,2021-05-20,586.780000,30765744,571.070000,588.850000,575.000000
93436,88160R10,TSLA,53453,2021-05-21,580.880000,26193675,580.000000,596.680000,596.110000
93436,88160R10,TSLA,53453,2021-05-24,606.440000,34439259,573.650000,614.480000,581.600000
93436,88160R10,TSLA,53453,2021-05-25,604.690000,27956024,595.710000,613.990000,607.310000
93436,88160R10,TSLA,53453,2021-05-26,619.130000,28587229,601.500000,626.170000,607.560000
93436,88160R10,TSLA,53453,2021-05-27,630.850000,26305010,616.210000,631.130000,620.240000
93436,88160R10,TSLA,53453,2021-05-28,625.220000,22696989,622.380000,635.590000,628.500000
93436,88160R10,TSLA,53453,2021-06-01,623.900000,18037129,620.550000,633.800000,627.800000
93436,88160R10,TSLA,53453,2021-06-02,605.120000,23235454,599.140000,623.360000,620.130000
93436,88160R10,TSLA,53453,2021-06-03,572.840000,30021315,571.220000,604.550000,601.800000
93436,88160R10,TSLA,53453,2021-06-04,599.050000,24037560,577.200000,600.610000,579.710000
93436,88160R10,TSLA,53453,2021-06-07,605.130000,22503204,582.880000,610.000000,591.825000
93436,88160R10,TSLA,53453,2021-06-08,603.590000,26032862,595.500000,623.090000,623.010000
93436,88160R10,TSLA,53453,2021-06-09,598.780000,16558208,597.630100,611.790000,602.170000
93436,88160R10,TSLA,53453,2021-06-10,610.120000,23888671,600.500000,616.590000,603.880000
93436,88160R10,TSLA,53453,2021-06-11,609.890000,16130055,601.520000,612.560000,610.230000
93436,88160R10,TSLA,53453,2021-06-14,617.690000,20390209,609.180000,625.490000,612.230000
93436,88160R10,TSLA,53453,2021-06-15,599.360000,17733534,598.230000,616.790000,616.690000
93436,88160R10,TSLA,53453,2021-06-16,604.870000,22009648,593.500000,608.500000,597.535000
93436,88160R10,TSLA,53453,2021-06-17,616.600000,22668378,601.340000,621.470000,601.888000
93436,88160R10,TSLA,53453,2021-06-18,623.310000,24563987,611.800000,628.350000,613.370000
93436,88160R10,TSLA,53453,2021-06-21,620.830000,24752700,608.880000,631.390000,624.480000
93436,88160R10,TSLA,53453,2021-06-22,623.710000,19126543,615.500000,628.569300,618.250000
93436,88160R10,TSLA,53453,2021-06-23,656.570000,31028772,630.040000,657.204000,632.000000
93436,88160R10,TSLA,53453,2021-06-24,679.820000,45894955,667.610000,697.620000,674.990000
93436,88160R10,TSLA,53453,2021-06-25,671.870000,32355000,668.700000,693.810000,689.580000
93436,88160R10,TSLA,53453,2021-06-28,688.720000,21595307,670.320000,694.699900,671.640000
93436,88160R10,TSLA,53453,2021-06-29,680.760000,17291582,675.890000,687.509900,684.650000
93436,88160R10,TSLA,53453,2021-06-30,679.700000,18826276,678.140000,692.810000,679.770000
93436,88160R10,TSLA,53453,2021-07-01,677.920000,18601290,672.800000,687.990000,683.920000
93436,88160R10,TSLA,53453,2021-07-02,678.900000,27056651,673.260000,700.000000,678.980000
93436,88160R10,TSLA,53453,2021-07-06,659.580000,23216879,651.400200,684.000000,681.711500
93436,88160R10,TSLA,53453,2021-07-07,644.650000,18751873,638.320000,665.700000,664.270000
93436,88160R10,TSLA,53453,2021-07-08,652.810000,22732135,620.460000,654.430000,628.370000
93436,88160R10,TSLA,53453,2021-07-09,656.950000,18105605,644.690000,658.910000,653.185000
93436,88160R10,TSLA,53453,2021-07-12,685.700000,25882376,662.161000,687.240000,662.200000
93436,88160R10,TSLA,53453,2021-07-13,668.540000,20928277,666.295800,693.280000,686.320000
93436,88160R10,TSLA,53453,2021-07-14,653.380000,21594507,652.840000,678.609900,670.750000
93436,88160R10,TSLA,53453,2021-07-15,650.600000,20177716,637.880000,666.140000,658.390000
93436,88160R10,TSLA,53453,2021-07-16,644.220000,16396778,642.200000,656.699900,654.680000
93436,88160R10,TSLA,53453,2021-07-19,646.220000,21238525,621.290000,647.199900,629.890000
93436,88160R10,TSLA,53453,2021-07-20,660.500000,15461284,640.501000,662.391600,651.990000
93436,88160R10,TSLA,53453,2021-07-21,655.290000,13938729,650.290100,664.859900,659.610000
93436,88160R10,TSLA,53453,2021-07-22,649.260000,15066565,644.600100,662.170000,656.442800
93436,88160R10,TSLA,53453,2021-07-23,643.380000,14581736,637.300100,648.800000,646.360000
93436,88160R10,TSLA,53453,2021-07-26,657.620000,25171775,647.110000,668.199900,650.970000
93436,88160R10,TSLA,53453,2021-07-27,644.780000,32552730,627.240000,666.500000,663.400000
93436,88160R10,TSLA,53453,2021-07-28,646.980000,15904731,639.400100,654.969900,646.995000
93436,88160R10,TSLA,53453,2021-07-29,677.350000,30346956,648.800000,683.690000,649.790000
93436,88160R10,TSLA,53453,2021-07-30,687.200000,29571939,669.000000,697.530000,671.758000
93436,88160R10,TSLA,53453,2021-08-02,709.670000,33571436,698.400000,726.940000,700.000000
93436,88160R10,TSLA,53453,2021-08-03,709.740000,21584492,701.010000,722.650000,719.000000
93436,88160R10,TSLA,53453,2021-08-04,710.920000,16984156,708.930000,724.900000,711.000000
93436,88160R10,TSLA,53453,2021-08-05,714.630000,12898481,711.410000,720.949900,716.000000
93436,88160R10,TSLA,53453,2021-08-06,699.100000,15603622,697.630000,716.330000,711.900000
93436,88160R10,TSLA,53453,2021-08-09,713.760000,14693511,705.130000,719.030000,710.170000
93436,88160R10,TSLA,53453,2021-08-10,709.990000,13398412,701.880000,716.590000,713.990000
93436,88160R10,TSLA,53453,2021-08-11,707.820000,9780089,704.210000,715.180000,712.710000
93436,88160R10,TSLA,53453,2021-08-12,722.250000,17662215,699.400000,722.800000,706.340000
93436,88160R10,TSLA,53453,2021-08-13,717.170000,16696900,714.340000,729.900000,723.710000
93436,88160R10,TSLA,53453,2021-08-16,686.170000,23043993,676.400000,709.500000,705.070000
93436,88160R10,TSLA,53453,2021-08-17,665.710000,23676077,648.840000,674.580000,672.660000
93436,88160R10,TSLA,53453,2021-08-18,688.990000,20233666,669.350000,695.770000,669.748000
93436,88160R10,TSLA,53453,2021-08-19,673.470000,14247025,667.590000,686.550000,678.210000
93436,88160R10,TSLA,53453,2021-08-20,680.260000,14936588,673.700000,692.129900,682.850000
93436,88160R10,TSLA,53453,2021-08-23,706.300000,20240922,680.750500,712.129900,685.442000
93436,88160R10,TSLA,53453,2021-08-24,708.490000,13061908,702.640000,715.220000,710.680000
93436,88160R10,TSLA,53453,2021-08-25,711.200000,12627810,704.000000,716.970000,707.030000
93436,88160R10,TSLA,53453,2021-08-26,701.160000,13164446,697.620100,715.400000,708.310000
93436,88160R10,TSLA,53453,2021-08-27,711.920000,13806115,702.100100,715.000000,705.000000
93436,88160R10,TSLA,53453,2021-08-30,730.910000,18506755,712.730000,731.000000,714.715000
93436,88160R10,TSLA,53453,2021-08-31,735.720000,20796958,726.440000,740.390000,733.000000
93436,88160R10,TSLA,53453,2021-09-01,734.090000,13156313,731.270100,741.990000,734.080000
93436,88160R10,TSLA,53453,2021-09-02,732.390000,12738032,730.540000,740.970000,734.500000
93436,88160R10,TSLA,53453,2021-09-03,733.570000,15242064,724.200000,734.000000,732.249000
93436,88160R10,TSLA,53453,2021-09-07,752.920000,19995750,739.260000,760.200000,740.000000
93436,88160R10,TSLA,53453,2021-09-08,753.870000,18762952,740.773300,764.450000,761.580000
93436,88160R10,TSLA,53453,2021-09-09,754.860000,13996904,751.630100,762.100000,753.410000
93436,88160R10,TSLA,53453,2021-09-10,736.270000,15064773,734.520100,762.610000,759.600000
93436,88160R10,TSLA,53453,2021-09-13,743.000000,22802480,708.850000,744.780000,740.214000
93436,88160R10,TSLA,53453,2021-09-14,744.490000,18529514,736.400000,754.470000,742.570000
93436,88160R10,TSLA,53453,2021-09-15,755.830000,15325965,738.360000,756.860000,745.000000
93436,88160R10,TSLA,53453,2021-09-16,756.990000,13896943,747.610000,758.910000,752.830000
93436,88160R10,TSLA,53453,2021-09-17,759.490000,28082267,750.000000,761.040000,757.150000
93436,88160R10,TSLA,53453,2021-09-20,730.170000,24696762,718.624900,742.000000,734.557700
93436,88160R10,TSLA,53453,2021-09-21,739.380000,16251228,730.440000,744.739900,734.790000
93436,88160R10,TSLA,53453,2021-09-22,751.940000,15102245,739.120000,753.669900,743.526300
93436,88160R10,TSLA,53453,2021-09-23,753.640000,11924707,747.920000,758.200000,755.000000
93436,88160R10,TSLA,53453,2021-09-24,774.390000,21422767,744.560000,774.800000,745.890000
93436,88160R10,TSLA,53453,2021-09-27,791.360000,28003090,769.310000,799.000000,773.120000
93436,88160R10,TSLA,53453,2021-09-28,777.560000,25189321,766.180100,795.640000,787.200000
93436,88160R10,TSLA,53453,2021-09-29,781.310000,20819068,770.680000,793.500000,779.800000
93436,88160R10,TSLA,53453,2021-09-30,775.480000,17919639,775.000000,789.130500,781.000000
93436,88160R10,TSLA,53453,2021-10-01,775.220000,17004185,763.590000,780.780000,778.400000
93436,88160R10,TSLA,53453,2021-10-04,781.530000,30427659,776.120000,806.969900,796.500000
93436,88160R10,TSLA,53453,2021-10-05,780.590000,18324851,774.200000,797.310000,784.796000
93436,88160R10,TSLA,53453,2021-10-06,782.750000,14560755,773.220000,786.660000,776.200000
93436,88160R10,TSLA,53453,2021-10-07,793.610000,19158425,783.380000,805.000000,785.460000
93436,88160R10,TSLA,53453,2021-10-08,785.490000,16727815,780.910000,796.380000,796.210000
93436,88160R10,TSLA,53453,2021-10-11,791.940000,14156548,785.500000,801.240000,787.650000
93436,88160R10,TSLA,53453,2021-10-12,805.720000,21931851,796.570000,812.320000,800.930000
93436,88160R10,TSLA,53453,2021-10-13,811.080000,14038851,805.780000,815.410000,810.470000
93436,88160R10,TSLA,53453,2021-10-14,818.320000,12205949,813.350100,820.250000,815.490000
93436,88160R10,TSLA,53453,2021-10-15,843.030000,18844002,822.350000,843.210000,823.738000
93436,88160R10,TSLA,53453,2021-10-18,870.110000,24088788,851.470000,875.260000,851.790000
93436,88160R10,TSLA,53453,2021-10-19,864.270000,17297915,862.510000,877.950000,877.530000
93436,88160R10,TSLA,53453,2021-10-20,865.800000,13959275,857.380000,869.490000,865.350000
93436,88160R10,TSLA,53453,2021-10-21,894.000000,31308185,855.504600,900.000000,856.000000
93436,88160R10,TSLA,53453,2021-10-22,909.680000,22786065,890.960000,910.000000,895.500000
93436,88160R10,TSLA,53453,2021-10-25,1024.860000,62395278,944.200000,1045.020000,950.530000
93436,88160R10,TSLA,53453,2021-10-26,1018.430000,61963483,1001.440000,1094.940000,1024.690000
93436,88160R10,TSLA,53453,2021-10-27,1037.860000,38348785,1030.780000,1070.880000,1039.660000
93436,88160R10,TSLA,53453,2021-10-28,1077.040000,27074169,1054.200000,1081.000000,1068.305000
93436,88160R10,TSLA,53453,2021-10-29,1114.000000,29792658,1073.205000,1115.210000,1081.860000
93436,88160R10,TSLA,53453,2021-11-01,1208.590000,55686570,1118.660000,1209.750000,1145.000000
93436,88160R10,TSLA,53453,2021-11-02,1172.000000,42474747,1146.000000,1208.590000,1159.355000
93436,88160R10,TSLA,53453,2021-11-03,1213.860000,34529617,1152.620000,1215.390000,1177.330000
93436,88160R10,TSLA,53453,2021-11-04,1229.910000,25276577,1217.000000,1243.490000,1234.410000
93436,88160R10,TSLA,53453,2021-11-05,1222.090000,21435241,1208.000000,1239.870000,1228.000000
93436,88160R10,TSLA,53453,2021-11-08,1162.940000,33273182,1133.000000,1197.000000,1149.785000
93436,88160R10,TSLA,53453,2021-11-09,1023.500000,59010693,1011.520000,1174.500000,1173.600000
93436,88160R10,TSLA,53453,2021-11-10,1067.950000,42528584,987.310000,1078.100000,1010.410000
93436,88160R10,TSLA,53453,2021-11-11,1063.510000,22361515,1054.680000,1104.970000,1102.770000
93436,88160R10,TSLA,53453,2021-11-12,1033.420000,25441855,1019.200000,1054.500000,1047.500000
93436,88160R10,TSLA,53453,2021-11-15,1013.390000,34581276,978.600000,1031.980000,1017.630000
93436,88160R10,TSLA,53453,2021-11-16,1054.730000,26409657,1002.180000,1057.200000,1003.310000
93436,88160R10,TSLA,53453,2021-11-17,1089.010000,31275653,1055.500000,1119.640000,1063.510000
93436,88160R10,TSLA,53453,2021-11-18,1096.380000,20773670,1075.020000,1112.000000,1106.550000
93436,88160R10,TSLA,53453,2021-11-19,1137.060000,21516067,1092.700000,1138.720000,1098.870000
93436,88160R10,TSLA,53453,2021-11-22,1156.870000,32863896,1132.430000,1201.950000,1162.330000
93436,88160R10,TSLA,53453,2021-11-23,1109.030000,35924427,1062.700000,1180.500000,1167.510000
93436,88160R10,TSLA,53453,2021-11-24,1116.000000,22455076,1062.000000,1132.770000,1080.390000
93436,88160R10,TSLA,53453,2021-11-26,1081.920000,11650423,1081.000000,1108.783000,1099.470000
93436,88160R10,TSLA,53453,2021-11-29,1136.990000,19330059,1100.190000,1142.670000,1100.990000
93436,88160R10,TSLA,53453,2021-11-30,1144.760000,26920916,1118.000000,1168.000000,1144.370000
93436,88160R10,TSLA,53453,2021-12-01,1095.000000,22749946,1090.760000,1172.840000,1160.695000
93436,88160R10,TSLA,53453,2021-12-02,1084.600000,24213942,1056.650000,1113.000000,1099.060000
93436,88160R10,TSLA,53453,2021-12-03,1014.970000,30606475,1000.210000,1090.575000,1084.790000
93436,88160R10,TSLA,53453,2021-12-06,1009.010000,27060127,950.500000,1021.640000,1001.510000
93436,88160R10,TSLA,53453,2021-12-07,1051.750000,18586270,1026.810000,1057.674000,1044.200000
93436,88160R10,TSLA,53453,2021-12-08,1068.960000,13897240,1033.000000,1072.380000,1052.710000
93436,88160R10,TSLA,53453,2021-12-09,1003.800000,19686430,1002.360000,1062.490000,1060.640000
93436,88160R10,TSLA,53453,2021-12-10,1017.030000,19776122,982.530000,1020.980000,1008.750000
93436,88160R10,TSLA,53453,2021-12-13,966.410000,25967710,951.420000,1005.000000,1001.090000
93436,88160R10,TSLA,53453,2021-12-14,958.510000,23456302,930.000000,966.410000,945.000000
93436,88160R10,TSLA,53453,2021-12-15,975.990000,24861424,928.250100,978.749900,953.210000
93436,88160R10,TSLA,53453,2021-12-16,926.920000,27393100,921.850000,994.980000,994.500000
93436,88160R10,TSLA,53453,2021-12-17,932.570000,33567683,909.040100,960.659900,914.770000
93436,88160R10,TSLA,53453,2021-12-20,899.940000,18670531,893.390000,921.688400,910.700000
93436,88160R10,TSLA,53453,2021-12-21,938.530000,23690872,886.120000,939.500000,916.870000
93436,88160R10,TSLA,53453,2021-12-22,1008.870000,31046563,957.050000,1015.660000,965.660000
93436,88160R10,TSLA,53453,2021-12-23,1067.000000,30735097,997.560000,1072.977000,1006.800000
93436,88160R10,TSLA,53453,2021-12-27,1093.940000,23695249,1070.715000,1117.000000,1073.670000
93436,88160R10,TSLA,53453,2021-12-28,1088.470000,20025526,1078.420000,1119.000000,1109.490000
93436,88160R10,TSLA,53453,2021-12-29,1086.190000,18699667,1064.140000,1104.000000,1098.640000
93436,88160R10,TSLA,53453,2021-12-30,1070.340000,15595484,1053.150000,1095.550000,1061.330000
93436,88160R10,TSLA,53453,2021-12-31,1056.780000,13530074,1054.590000,1082.000000,1073.444000
93436,88160R10,TSLA,53453,2022-01-03,1199.780000,34704012,1136.040000,1201.070000,1147.750000
93436,88160R10,TSLA,53453,2022-01-04,1149.590000,33232066,1123.050000,1208.000000,1189.550000
93436,88160R10,TSLA,53453,2022-01-05,1088.120000,26527233,1081.010000,1170.340000,1146.650000
93436,88160R10,TSLA,53453,2022-01-06,1064.700000,30094321,1020.500000,1088.000000,1077.000000
93436,88160R10,TSLA,53453,2022-01-07,1026.960000,27919584,1010.000000,1080.930000,1080.370000
93436,88160R10,TSLA,53453,2022-01-10,1058.120000,30455813,980.000000,1059.100000,1000.000000
93436,88160R10,TSLA,53453,2022-01-11,1064.400000,21942784,1038.820000,1075.850000,1053.670000
93436,88160R10,TSLA,53453,2022-01-12,1106.220000,27790685,1072.590000,1114.840000,1078.850000
93436,88160R10,TSLA,53453,2022-01-13,1031.560000,32269410,1026.539000,1115.600000,1109.065000
93436,88160R10,TSLA,53453,2022-01-14,1049.610000,24231357,1013.379000,1052.000000,1019.880000
93436,88160R10,TSLA,53453,2022-01-18,1030.510000,22217970,1016.060000,1070.790000,1026.605000
93436,88160R10,TSLA,53453,2022-01-19,995.650000,25014677,995.000000,1054.670000,1041.705000
93436,88160R10,TSLA,53453,2022-01-20,996.270000,23301757,994.000000,1041.660000,1009.730000
93436,88160R10,TSLA,53453,2022-01-21,943.900000,34237917,940.500000,1004.550000,996.340000
93436,88160R10,TSLA,53453,2022-01-24,930.000000,50413641,851.470000,933.513100,904.760000
93436,88160R10,TSLA,53453,2022-01-25,918.400000,28800832,903.210000,951.260000,914.200000
93436,88160R10,TSLA,53453,2022-01-26,937.410000,34889649,906.000000,987.690000,952.430000
93436,88160R10,TSLA,53453,2022-01-27,829.100000,48769207,829.000000,935.390000,933.360000
93436,88160R10,TSLA,53453,2022-01-28,846.350000,44755342,792.010000,857.500000,831.560000
93436,88160R10,TSLA,53453,2022-01-31,936.720000,34595868,862.050000,937.990000,872.710000
93436,88160R10,TSLA,53453,2022-02-01,931.250000,24260289,905.000000,943.700000,935.210000
93436,88160R10,TSLA,53453,2022-02-02,905.660000,22171850,889.410000,931.500000,928.180000
93436,88160R10,TSLA,53453,2022-02-03,891.140000,26146554,880.520000,937.000000,882.000000
93436,88160R10,TSLA,53453,2022-02-04,923.320000,24482314,881.170000,936.500000,897.220000
93436,88160R10,TSLA,53453,2022-02-07,907.340000,20238671,902.708900,947.770000,923.790000
93436,88160R10,TSLA,53453,2022-02-08,922.000000,16835331,894.800000,926.289900,905.530000
93436,88160R10,TSLA,53453,2022-02-09,932.000000,17357744,920.000000,946.269900,935.000000
93436,88160R10,TSLA,53453,2022-02-10,904.550000,21918309,896.700000,943.810000,908.370000
93436,88160R10,TSLA,53453,2022-02-11,860.000000,26373287,850.700000,915.960000,909.630000
93436,88160R10,TSLA,53453,2022-02-14,875.760000,22535630,853.150000,898.879900,861.570000
93436,88160R10,TSLA,53453,2022-02-15,922.430000,19174762,893.377400,923.000000,900.000000
93436,88160R10,TSLA,53453,2022-02-16,923.390000,17013359,901.210000,926.429900,914.050000
93436,88160R10,TSLA,53453,2022-02-17,876.350000,18314681,874.100000,918.499900,913.260000
93436,88160R10,TSLA,53453,2022-02-18,856.980000,22686572,837.610000,886.870000,886.000000
93436,88160R10,TSLA,53453,2022-02-22,821.530000,28106488,801.100100,856.733800,834.130000
93436,88160R10,TSLA,53453,2022-02-23,764.040000,31688708,760.560000,835.299700,830.430000
93436,88160R10,TSLA,53453,2022-02-24,800.770000,44923756,700.000000,802.480000,700.390000
93436,88160R10,TSLA,53453,2022-02-25,809.870000,25324038,782.400500,819.500000,809.230000
93436,88160R10,TSLA,53453,2022-02-28,870.430000,31401736,814.707500,876.860000,815.010000
93436,88160R10,TSLA,53453,2022-03-01,864.370000,24655369,853.780000,889.880000,869.680000
93436,88160R10,TSLA,53453,2022-03-02,879.890000,24811589,844.272100,886.480000,872.130000
93436,88160R10,TSLA,53453,2022-03-03,839.290000,20508718,832.600100,886.439000,878.770000
93436,88160R10,TSLA,53453,2022-03-04,838.290000,22280515,825.160900,855.650000,849.100000
93436,88160R10,TSLA,53453,2022-03-07,804.580000,24044287,804.570000,866.140000,856.300000
93436,88160R10,TSLA,53453,2022-03-08,824.400000,26739873,782.170000,849.990000,795.530000
93436,88160R10,TSLA,53453,2022-03-09,858.970000,19692275,832.010000,860.560000,839.480000
93436,88160R10,TSLA,53453,2022-03-10,838.300000,19439299,810.360100,854.450000,851.450000
93436,88160R10,TSLA,53453,2022-03-11,795.350000,22268793,793.770000,843.802000,840.197000
93436,88160R10,TSLA,53453,2022-03-14,766.370000,23538943,756.040000,800.700000,780.610000
93436,88160R10,TSLA,53453,2022-03-15,801.890000,22196323,756.570000,805.570000,775.270000
93436,88160R10,TSLA,53453,2022-03-16,840.230000,27957264,802.260100,842.000000,809.000000
93436,88160R10,TSLA,53453,2022-03-17,871.600000,22066680,825.717800,875.000000,830.990000
93436,88160R10,TSLA,53453,2022-03-18,905.390000,33528430,867.390000,907.850000,874.490000
93436,88160R10,TSLA,53453,2022-03-21,921.160000,27190018,907.090000,942.850000,914.980000
93436,88160R10,TSLA,53453,2022-03-22,993.980000,35082440,921.750000,997.860000,930.000000
93436,88160R10,TSLA,53453,2022-03-23,999.110000,40029833,976.400000,1040.700000,979.940000
93436,88160R10,TSLA,53453,2022-03-24,1013.920000,22945041,988.800000,1024.490000,1009.730000
93436,88160R10,TSLA,53453,2022-03-25,1010.640000,20653253,997.320100,1021.800000,1008.000000
93436,88160R10,TSLA,53453,2022-03-28,1091.840000,34033873,1053.600000,1097.880000,1065.100000
93436,88160R10,TSLA,53453,2022-03-29,1099.570000,24443450,1073.110000,1114.770000,1107.990000
93436,88160R10,TSLA,53453,2022-03-30,1093.990000,19910751,1084.000000,1113.950000,1091.170000
93436,88160R10,TSLA,53453,2022-03-31,1077.600000,16244412,1076.641000,1103.140000,1094.570000
93436,88160R10,TSLA,53453,2022-04-01,1084.590000,17986911,1066.640000,1094.750000,1081.150000
93436,88160R10,TSLA,53453,2022-04-04,1145.450000,27275542,1072.530000,1149.910000,1089.380000
93436,88160R10,TSLA,53453,2022-04-05,1091.260000,26632280,1087.300000,1152.870000,1136.300000
93436,88160R10,TSLA,53453,2022-04-06,1045.760000,29616452,1027.700000,1079.000000,1073.470000
93436,88160R10,TSLA,53453,2022-04-07,1057.260000,26442039,1021.540000,1076.590000,1052.390000
93436,88160R10,TSLA,53453,2022-04-08,1025.490000,18303029,1022.435000,1048.440000,1043.210000
93436,88160R10,TSLA,53453,2022-04-11,975.930000,19698862,974.640000,1008.468000,980.400000
93436,88160R10,TSLA,53453,2022-04-12,986.950000,21871357,976.600100,1021.192000,997.640000
93436,88160R10,TSLA,53453,2022-04-13,1022.370000,18315090,973.097000,1026.240000,981.075000
93436,88160R10,TSLA,53453,2022-04-14,985.000000,19400543,982.190000,1012.710000,999.290000
93436,88160R10,TSLA,53453,2022-04-18,1004.290000,17183467,973.410000,1014.920000,989.030000
93436,88160R10,TSLA,53453,2022-04-19,1028.150000,16558682,995.325000,1034.940000,1005.060000
93436,88160R10,TSLA,53453,2022-04-20,977.200000,23465073,975.250100,1034.000000,1030.000000
93436,88160R10,TSLA,53453,2022-04-21,1008.780000,34985364,996.415000,1092.220000,1074.730000
93436,88160R10,TSLA,53453,2022-04-22,1005.050000,23158275,994.000100,1034.850000,1014.910000
93436,88160R10,TSLA,53453,2022-04-25,998.020000,22735926,975.300000,1008.620000,978.970000
93436,88160R10,TSLA,53453,2022-04-26,876.420000,45041206,875.000000,1000.000000,995.430000
93436,88160R10,TSLA,53453,2022-04-27,881.510000,25482898,877.360000,918.000000,898.580000
93436,88160R10,TSLA,53453,2022-04-28,877.510000,41231346,821.700000,900.000000,899.980000
93436,88160R10,TSLA,53453,2022-04-29,870.760000,29229864,870.000000,934.399900,902.250000
93436,88160R10,TSLA,53453,2022-05-02,902.940000,25099865,848.030000,906.359900,860.770000
93436,88160R10,TSLA,53453,2022-05-03,909.250000,21209382,888.590000,924.080000,903.180000
93436,88160R10,TSLA,53453,2022-05-04,952.620000,27067635,885.280000,955.500000,903.940000
93436,88160R10,TSLA,53453,2022-05-05,873.280000,30618154,857.700000,945.600000,939.210000
93436,88160R10,TSLA,53453,2022-05-06,865.650000,24244581,843.105000,888.000000,887.000000
93436,88160R10,TSLA,53453,2022-05-09,787.110000,30179202,781.150000,845.630000,836.450000
93436,88160R10,TSLA,53453,2022-05-10,800.040000,28082565,774.250000,825.360000,819.310000
93436,88160R10,TSLA,53453,2022-05-11,734.000000,32355425,727.200000,809.770000,795.000000
93436,88160R10,TSLA,53453,2022-05-12,728.000000,46563343,680.000000,759.660000,701.000000
93436,88160R10,TSLA,53453,2022-05-13,769.590000,30573888,751.565000,787.349900,773.480000
93436,88160R10,TSLA,53453,2022-05-16,724.370000,28635176,719.088500,769.760000,767.160000
93436,88160R10,TSLA,53453,2022-05-17,761.610000,26586721,728.850000,764.480000,747.360000
93436,88160R10,TSLA,53453,2022-05-18,709.810000,29152882,700.810000,760.500000,744.520000
93436,88160R10,TSLA,53453,2022-05-19,709.420000,30056191,694.110000,734.000000,707.000000
93436,88160R10,TSLA,53453,2022-05-20,663.900000,48069511,633.000000,721.582000,713.990000
93436,88160R10,TSLA,53453,2022-05-23,674.900000,29695271,638.060000,679.955100,655.020000
93436,88160R10,TSLA,53453,2022-05-24,628.160000,29643214,620.570000,653.920000,653.530000
93436,88160R10,TSLA,53453,2022-05-25,658.800000,30560011,623.010100,669.320000,623.850000
93436,88160R10,TSLA,53453,2022-05-26,707.730000,35183217,653.660000,718.669900,661.420000
93436,88160R10,TSLA,53453,2022-05-27,759.630000,29713282,720.531100,759.800000,723.250000
93436,88160R10,TSLA,53453,2022-05-31,758.260000,33794641,734.230000,778.800000,773.840000
93436,88160R10,TSLA,53453,2022-06-01,740.370000,25602119,730.920000,771.980000,755.160000
93436,88160R10,TSLA,53453,2022-06-02,775.000000,31108332,726.200000,792.630000,732.470000
93436,88160R10,TSLA,53453,2022-06-03,703.550000,37402105,700.253400,743.389900,729.675000
93436,88160R10,TSLA,53453,2022-06-06,714.840000,27999619,703.050000,734.600000,733.060000
93436,88160R10,TSLA,53453,2022-06-07,716.660000,24122883,690.280000,719.990000,702.000000
93436,88160R10,TSLA,53453,2022-06-08,725.600000,25306107,717.530000,749.890000,720.260000
93436,88160R10,TSLA,53453,2022-06-09,719.120000,32032728,717.980000,766.639900,748.020000
93436,88160R10,TSLA,53453,2022-06-10,696.690000,32549500,683.740000,718.500000,705.470000
93436,88160R10,TSLA,53453,2022-06-13,647.210000,34190229,644.050000,679.900000,669.500000
93436,88160R10,TSLA,53453,2022-06-14,662.670000,32517353,635.210000,678.990000,654.860000
93436,88160R10,TSLA,53453,2022-06-15,699.000000,39453298,654.450000,706.989900,662.750000
93436,88160R10,TSLA,53453,2022-06-16,639.300000,35943115,626.080000,675.500000,668.210000
93436,88160R10,TSLA,53453,2022-06-17,650.280000,30776087,639.590000,662.908200,640.300000
93436,88160R10,TSLA,53453,2022-06-21,711.110000,40712111,673.000000,730.732100,673.810000
93436,88160R10,TSLA,53453,2022-06-22,708.260000,33678382,701.480000,740.500000,703.510000
93436,88160R10,TSLA,53453,2022-06-23,705.210000,34762617,685.910000,717.950000,713.715000
93436,88160R10,TSLA,53453,2022-06-24,737.120000,31784681,708.260000,738.200000,712.405000
93436,88160R10,TSLA,53453,2022-06-27,734.760000,29594364,727.696600,756.210000,748.100000
93436,88160R10,TSLA,53453,2022-06-28,697.990000,30073839,697.030000,749.910000,733.450000
93436,88160R10,TSLA,53453,2022-06-29,685.470000,27513141,666.820000,693.520000,691.500000
93436,88160R10,TSLA,53453,2022-06-30,673.420000,31340783,656.590000,688.370000,673.530000
93436,88160R10,TSLA,53453,2022-07-01,681.790000,24786526,666.360100,690.690000,681.000000
93436,88160R10,TSLA,53453,2022-07-05,699.200000,28118716,648.500100,699.440000,669.000000
93436,88160R10,TSLA,53453,2022-07-06,695.200000,23913177,681.560000,703.690000,692.340000
93436,88160R10,TSLA,53453,2022-07-07,733.630000,27200043,696.630000,736.085000,701.760000
93436,88160R10,TSLA,53453,2022-07-08,752.290000,33815426,723.484300,764.939900,727.000000
93436,88160R10,TSLA,53453,2022-07-11,703.030000,33117812,700.880000,759.190000,756.310000
93436,88160R10,TSLA,53453,2022-07-12,699.210000,29256458,685.105000,719.320000,710.540000
93436,88160R10,TSLA,53453,2022-07-13,711.120000,32503691,675.100000,726.179900,676.500000
93436,88160R10,TSLA,53453,2022-07-14,714.940000,26146676,688.000000,715.960000,704.690000
93436,88160R10,TSLA,53453,2022-07-15,720.200000,23443219,710.670000,730.869900,720.000000
93436,88160R10,TSLA,53453,2022-07-18,721.640000,27507626,718.810000,751.550000,734.810000
93436,88160R10,TSLA,53453,2022-07-19,736.590000,26819397,710.930000,741.420000,735.000000
93436,88160R10,TSLA,53453,2022-07-20,742.500000,29553519,730.449000,751.990000,740.350000
93436,88160R10,TSLA,53453,2022-07-21,815.120000,47129785,764.600000,819.800000,765.320000
93436,88160R10,TSLA,53453,2022-07-22,816.730000,34326991,812.140000,842.360000,828.660000
93436,88160R10,TSLA,53453,2022-07-25,805.300000,21252877,802.200000,822.440000,816.650000
93436,88160R10,TSLA,53453,2022-07-26,776.580000,22200505,768.790000,801.929900,799.540000
93436,88160R10,TSLA,53453,2022-07-27,824.460000,29213540,785.370100,827.776800,791.430000
93436,88160R10,TSLA,53453,2022-07-28,842.700000,28120551,818.400000,849.900000,840.200000
93436,88160R10,TSLA,53453,2022-07-29,891.450000,31642255,837.300000,894.960000,842.100000
93436,88160R10,TSLA,53453,2022-08-01,891.830000,38735780,885.000000,935.634700,903.825000
93436,88160R10,TSLA,53453,2022-08-02,901.760000,31796915,878.000000,923.500000,882.010000
93436,88160R10,TSLA,53453,2022-08-03,922.190000,26572373,903.450000,928.650000,915.000000
93436,88160R10,TSLA,53453,2022-08-04,925.900000,23903210,915.000000,940.820000,933.000000
93436,88160R10,TSLA,53453,2022-08-05,864.510000,37540871,856.634000,913.819900,908.010000
93436,88160R10,TSLA,53453,2022-08-08,871.270000,32969238,867.256200,915.600000,885.000000
93436,88160R10,TSLA,53453,2022-08-09,850.000000,28651788,838.060000,877.190000,870.880000
93436,88160R10,TSLA,53453,2022-08-10,883.070000,31505708,850.110000,892.530000,891.200000
93436,88160R10,TSLA,53453,2022-08-11,859.890000,23284942,857.500000,894.710000,889.540000
93436,88160R10,TSLA,53453,2022-08-12,900.090000,26421681,855.100000,900.480000,868.245000
93436,88160R10,TSLA,53453,2022-08-15,927.960000,29654896,903.690000,939.400000,905.360000
93436,88160R10,TSLA,53453,2022-08-16,919.690000,29252332,908.650000,944.000000,935.000000
93436,88160R10,TSLA,53453,2022-08-17,911.990000,22801421,900.100000,928.970000,910.190000
93436,88160R10,TSLA,53453,2022-08-18,908.610000,15811258,905.560000,919.500000,918.000000
93436,88160R10,TSLA,53453,2022-08-19,890.000000,20387256,877.500000,901.080000,897.000000
93436,88160R10,TSLA,53453,2022-08-22,869.740000,18522535,858.890000,877.200000,875.740000
93436,88160R10,TSLA,53453,2022-08-23,889.360000,21191718,863.770000,896.479900,874.360000
93436,88160R10,TSLA,53453,2022-08-24,891.290000,19009427,889.500000,910.940000,892.690000
93436,88160R10,TSLA,53453,2022-08-25,296.070000,53054968,291.600000,302.960000,302.360000
93436,88160R10,TSLA,53453,2022-08-26,288.090000,56980538,287.470000,302.000000,297.430000
93436,88160R10,TSLA,53453,2022-08-29,284.820000,41734885,280.700000,287.740000,282.830000
93436,88160R10,TSLA,53453,2022-08-30,277.700000,50426920,272.650000,288.480000,287.865000
93436,88160R10,TSLA,53453,2022-08-31,275.610000,52011177,271.810000,281.250000,280.620000
93436,88160R10,TSLA,53453,2022-09-01,277.160000,54140882,266.150000,277.580000,272.575000
93436,88160R10,TSLA,53453,2022-09-02,270.210000,50755034,269.080000,282.350000,281.065000
93436,88160R10,TSLA,53453,2022-09-06,274.420000,55693949,265.740000,275.990000,272.675000
93436,88160R10,TSLA,53453,2022-09-07,283.700000,49920614,272.270000,283.840000,273.100000
93436,88160R10,TSLA,53453,2022-09-08,289.260000,53595048,279.760000,289.500000,281.300000
93436,88160R10,TSLA,53453,2022-09-09,299.680000,54397352,291.245000,299.850000,291.670000
93436,88160R10,TSLA,53453,2022-09-12,304.420000,48514918,300.400000,305.490000,300.720000
93436,88160R10,TSLA,53453,2022-09-13,292.130000,68115126,290.400000,297.399900,292.900000
93436,88160R10,TSLA,53453,2022-09-14,302.610000,72467737,291.640000,306.000000,292.240000
93436,88160R10,TSLA,53453,2022-09-15,303.750000,64654056,300.724700,309.120000,301.825000
93436,88160R10,TSLA,53453,2022-09-16,303.350000,87013517,295.600500,303.710000,299.605000
93436,88160R10,TSLA,53453,2022-09-19,309.070000,60066291,297.800000,309.840000,300.090000
93436,88160R10,TSLA,53453,2022-09-20,308.730000,61496712,305.580000,313.330000,306.910000
93436,88160R10,TSLA,53453,2022-09-21,300.800000,62268597,300.630000,313.800000,308.290000
93436,88160R10,TSLA,53453,2022-09-22,288.590000,70414498,285.820000,301.290000,299.860000
93436,88160R10,TSLA,53453,2022-09-23,275.330000,63609161,272.820000,284.500000,283.090000
93436,88160R10,TSLA,53453,2022-09-26,276.010000,57970486,270.310000,284.090000,271.830000
93436,88160R10,TSLA,53453,2022-09-27,282.940000,61856598,277.510000,288.670000,283.840000
93436,88160R10,TSLA,53453,2022-09-28,287.810000,54575343,277.570000,289.000000,283.080000
93436,88160R10,TSLA,53453,2022-09-29,268.210000,77433797,265.780000,283.650000,282.760000
93436,88160R10,TSLA,53453,2022-09-30,265.250000,67590315,262.470000,275.570000,266.145000
93436,88160R10,TSLA,53453,2022-10-03,242.400000,97866277,241.010000,255.160000,254.500000
93436,88160R10,TSLA,53453,2022-10-04,249.440000,109420034,242.010000,257.500000,250.520000
93436,88160R10,TSLA,53453,2022-10-05,240.810000,87373449,233.270000,246.669700,245.010000
93436,88160R10,TSLA,53453,2022-10-06,238.130000,69206839,235.350000,244.580000,239.440000
93436,88160R10,TSLA,53453,2022-10-07,223.070000,83836880,222.020000,234.571500,233.935000
93436,88160R10,TSLA,53453,2022-10-10,222.960000,67794113,218.358200,226.990000,223.930000
93436,88160R10,TSLA,53453,2022-10-11,216.500000,76964824,215.000000,225.750000,220.945000
93436,88160R10,TSLA,53453,2022-10-12,217.240000,66752934,211.510000,219.299900,215.330000
93436,88160R10,TSLA,53453,2022-10-13,221.720000,91275440,206.220000,222.990000,208.300000
93436,88160R10,TSLA,53453,2022-10-14,204.990000,94069262,204.160000,226.260000,224.010000
93436,88160R10,TSLA,53453,2022-10-17,219.350000,79300645,209.450000,221.860000,210.040000
93436,88160R10,TSLA,53453,2022-10-18,220.190000,75709929,217.250000,229.820000,229.500000
93436,88160R10,TSLA,53453,2022-10-19,222.040000,66448270,217.780000,222.930000,219.800000
93436,88160R10,TSLA,53453,2022-10-20,207.280000,117513489,202.000000,215.550000,208.280000
93436,88160R10,TSLA,53453,2022-10-21,214.440000,75599810,203.800000,214.660000,206.415000
93436,88160R10,TSLA,53453,2022-10-24,211.250000,100132929,198.586300,213.500000,205.820000
93436,88160R10,TSLA,53453,2022-10-25,222.415000,96406574,210.000000,224.349800,210.100000
93436,88160R10,TSLA,53453,2022-10-26,224.640000,85083290,218.200000,230.600000,219.400000
93436,88160R10,TSLA,53453,2022-10-27,225.090000,61485583,222.850000,233.810000,229.770000
93436,88160R10,TSLA,53453,2022-10-28,228.520000,68991992,216.350000,228.860000,225.400000
93436,88160R10,TSLA,53453,2022-10-31,227.540000,61352314,221.940000,229.850000,226.190000
93436,88160R10,TSLA,53453,2022-11-01,227.820000,62588696,227.280000,237.395100,234.050000
93436,88160R10,TSLA,53453,2022-11-02,214.980000,63227251,214.820000,227.869900,226.040000
93436,88160R10,TSLA,53453,2022-11-03,215.310000,56466594,210.140000,221.200000,211.360000
93436,88160R10,TSLA,53453,2022-11-04,207.470000,98409420,203.080000,223.800000,222.600000
93436,88160R10,TSLA,53453,2022-11-07,197.080000,93735619,196.660000,208.900000,208.650000
93436,88160R10,TSLA,53453,2022-11-08,191.300000,128482858,186.750000,195.200000,194.020000
93436,88160R10,TSLA,53453,2022-11-09,177.590000,126816459,177.120000,195.890000,190.775000
93436,88160R10,TSLA,53453,2022-11-10,190.720000,132264375,180.030000,191.000000,189.900000
93436,88160R10,TSLA,53453,2022-11-11,195.970000,114241078,182.590000,196.520000,186.000000
93436,88160R10,TSLA,53453,2022-11-14,190.950000,91935123,186.340000,195.730000,192.770000
93436,88160R10,TSLA,53453,2022-11-15,194.420000,91235812,192.060000,200.823700,195.880000
93436,88160R10,TSLA,53453,2022-11-16,186.920000,66444662,185.660000,192.570000,191.510000
93436,88160R10,TSLA,53453,2022-11-17,183.170000,64255952,180.900000,186.160000,183.960000
93436,88160R10,TSLA,53453,2022-11-18,180.190000,75942837,176.550000,185.190000,185.050000
93436,88160R10,TSLA,53453,2022-11-21,167.870000,92723122,167.540000,176.770000,175.850000
93436,88160R10,TSLA,53453,2022-11-22,169.910000,78309553,166.185000,170.920000,168.630000
93436,88160R10,TSLA,53453,2022-11-23,183.200000,109415640,172.500000,183.620000,173.570000
93436,88160R10,TSLA,53453,2022-11-25,182.860000,50612335,180.630000,185.200000,185.060000
93436,88160R10,TSLA,53453,2022-11-28,182.920000,92988917,179.000000,188.500000,179.960000
93436,88160R10,TSLA,53453,2022-11-29,180.830000,83311150,178.750000,186.380000,184.990000
93436,88160R10,TSLA,53453,2022-11-30,194.700000,109016906,180.630100,194.760000,182.430000
93436,88160R10,TSLA,53453,2022-12-01,194.700000,80030010,191.800000,198.920000,197.080000
93436,88160R10,TSLA,53453,2022-12-02,194.860000,73599862,191.110000,196.250000,191.780000
93436,88160R10,TSLA,53453,2022-12-05,182.450000,93045600,180.550000,191.270000,189.440000
93436,88160R10,TSLA,53453,2022-12-06,179.820000,92061516,175.330000,183.650000,181.215000
93436,88160R10,TSLA,53453,2022-12-07,174.040000,84167051,172.218000,179.380000,175.030000
93436,88160R10,TSLA,53453,2022-12-08,173.440000,97529789,169.060000,175.200000,172.200000
93436,88160R10,TSLA,53453,2022-12-09,179.050000,104807425,173.360000,182.500000,173.840000
93436,88160R10,TSLA,53453,2022-12-12,167.820000,109703453,167.520000,177.370000,176.100000
93436,88160R10,TSLA,53453,2022-12-13,160.950000,175708726,156.910000,175.050000,174.870000
93436,88160R10,TSLA,53453,2022-12-14,156.800000,140839524,155.310000,161.620000,159.250000
93436,88160R10,TSLA,53453,2022-12-15,157.670000,122196711,153.280000,160.929900,153.440000
93436,88160R10,TSLA,53453,2022-12-16,150.230000,138829435,150.040000,160.990000,159.635000
93436,88160R10,TSLA,53453,2022-12-19,149.870000,139065242,145.820000,155.250000,154.000000
93436,88160R10,TSLA,53453,2022-12-20,137.800000,159408930,137.660000,148.470000,146.050000
93436,88160R10,TSLA,53453,2022-12-21,137.570000,145291136,135.890000,141.260000,139.335000
93436,88160R10,TSLA,53453,2022-12-22,125.350000,210011915,122.260000,136.630000,136.000000
93436,88160R10,TSLA,53453,2022-12-23,123.150000,166917212,121.020000,128.617300,126.370000
93436,88160R10,TSLA,53453,2022-12-27,109.100000,208446557,108.760000,119.670000,117.495000
93436,88160R10,TSLA,53453,2022-12-28,112.710000,220818648,108.240000,116.270000,110.350000
93436,88160R10,TSLA,53453,2022-12-29,121.820000,221592714,117.495000,123.570000,120.385000
93436,88160R10,TSLA,53453,2022-12-30,123.180000,157632606,119.750000,124.480000,119.950000
93436,88160R10,TSLA,53453,2023-01-03,108.100000,231228447,104.640000,118.800000,118.470000
93436,88160R10,TSLA,53453,2023-01-04,113.640000,180264879,107.520000,114.590000,109.110000
93436,88160R10,TSLA,53453,2023-01-05,110.340000,157922820,107.160100,111.750000,110.510000
93436,88160R10,TSLA,53453,2023-01-06,113.060000,220789295,101.810000,114.390000,103.000000
93436,88160R10,TSLA,53453,2023-01-09,119.770000,190179943,117.110000,123.520000,118.960000
93436,88160R10,TSLA,53453,2023-01-10,118.850000,167543486,114.920000,122.760000,121.070000
93436,88160R10,TSLA,53453,2023-01-11,123.220000,183644973,120.510000,125.950000,122.090000
93436,88160R10,TSLA,53453,2023-01-12,123.560000,169299038,117.000000,124.131100,122.560000
93436,88160R10,TSLA,53453,2023-01-13,122.400000,180601337,115.600000,122.630000,116.550000
93436,88160R10,TSLA,53453,2023-01-17,131.490000,186383320,125.020000,131.700000,125.695000
93436,88160R10,TSLA,53453,2023-01-18,128.780000,195907430,127.010000,136.680000,136.555000
93436,88160R10,TSLA,53453,2023-01-19,127.170000,170203867,124.308200,129.990000,127.260000
93436,88160R10,TSLA,53453,2023-01-20,133.420000,138741604,127.346600,133.510000,128.680000
93436,88160R10,TSLA,53453,2023-01-23,143.750000,203015518,134.270000,145.379300,135.870000
93436,88160R10,TSLA,53453,2023-01-24,143.890000,158635805,141.100000,146.500000,143.000000
93436,88160R10,TSLA,53453,2023-01-25,144.430000,192598292,138.070000,146.410000,141.905000
93436,88160R10,TSLA,53453,2023-01-26,160.270000,234521497,154.760000,161.420000,159.965000
93436,88160R10,TSLA,53453,2023-01-27,177.900000,306265655,161.170000,180.680000,162.430000
93436,88160R10,TSLA,53453,2023-01-30,166.660000,230561150,166.500000,179.770000,178.050000
93436,88160R10,TSLA,53453,2023-01-31,173.220000,196643435,162.780000,174.300000,164.570000
93436,88160R10,TSLA,53453,2023-02-01,181.410000,213677567,169.930000,183.805000,173.890000
93436,88160R10,TSLA,53453,2023-02-02,188.270000,217359929,182.610000,196.750100,187.325000
93436,88160R10,TSLA,53453,2023-02-03,189.980000,232518972,183.690000,199.000000,183.950000
93436,88160R10,TSLA,53453,2023-02-06,194.760000,186118440,189.920000,198.170000,193.010000
93436,88160R10,TSLA,53453,2023-02-07,196.810000,185877555,189.550000,197.500000,196.430000
93436,88160R10,TSLA,53453,2023-02-08,201.290000,180441707,194.310000,203.000000,196.100000
93436,88160R10,TSLA,53453,2023-02-09,207.320000,215269381,204.770000,214.000000,207.775000
93436,88160R10,TSLA,53453,2023-02-10,196.890000,204670380,192.890000,206.200000,202.225000
93436,88160R10,TSLA,53453,2023-02-13,194.640000,172307177,187.610000,196.300000,194.415000
93436,88160R10,TSLA,53453,2023-02-14,209.250000,216304155,189.440000,209.820000,191.940000
93436,88160R10,TSLA,53453,2023-02-15,214.240000,181921412,206.110000,214.660000,211.755000
93436,88160R10,TSLA,53453,2023-02-16,202.040000,229849321,201.840000,217.650000,210.780000
93436,88160R10,TSLA,53453,2023-02-17,208.310000,213563699,197.500000,208.440000,199.985000
93436,88160R10,TSLA,53453,2023-02-21,197.370000,179861665,197.220000,209.710000,204.990000
93436,88160R10,TSLA,53453,2023-02-22,200.860000,191677243,191.780000,201.990000,197.930000
93436,88160R10,TSLA,53453,2023-02-23,202.070000,146246173,196.330000,205.140000,203.910000
93436,88160R10,TSLA,53453,2023-02-24,196.880000,142130366,192.800000,197.669500,196.325000
93436,88160R10,TSLA,53453,2023-02-27,207.630000,160932454,201.260000,209.420000,202.030000
93436,88160R10,TSLA,53453,2023-02-28,205.710000,153240694,203.750000,211.230000,210.590000
93436,88160R10,TSLA,53453,2023-03-01,202.770000,156758794,198.520000,207.200000,206.210000
93436,88160R10,TSLA,53453,2023-03-02,190.900000,181860451,186.010000,193.749900,186.740000
93436,88160R10,TSLA,53453,2023-03-03,197.790000,154115016,192.880000,200.480000,194.795000
93436,88160R10,TSLA,53453,2023-03-06,193.810000,128015272,192.300000,198.600000,198.540000
93436,88160R10,TSLA,53453,2023-03-07,187.710000,148017226,186.100000,194.200000,191.380000
93436,88160R10,TSLA,53453,2023-03-08,182.000000,151781028,180.000000,186.500000,185.040000
93436,88160R10,TSLA,53453,2023-03-09,172.920000,169922222,172.512400,185.180000,180.250000
93436,88160R10,TSLA,53453,2023-03-10,173.440000,191427112,168.440000,178.290000,175.130000
93436,88160R10,TSLA,53453,2023-03-13,174.480000,167633175,163.910000,177.350000,167.455000
93436,88160R10,TSLA,53453,2023-03-14,183.260000,143617637,177.140100,183.800000,177.310000
93436,88160R10,TSLA,53453,2023-03-15,180.450000,145853301,176.030000,182.340000,180.800000
93436,88160R10,TSLA,53453,2023-03-16,184.130000,121314947,178.840000,185.810000,180.365000
93436,88160R10,TSLA,53453,2023-03-17,180.130000,133705684,177.330000,186.219900,184.515000
93436,88160R10,TSLA,53453,2023-03-20,183.250000,129581399,176.350000,186.440000,178.080000
93436,88160R10,TSLA,53453,2023-03-21,197.580000,153603113,188.040000,198.000000,188.280000
93436,88160R10,TSLA,53453,2023-03-22,191.150000,150284086,190.950000,200.660000,199.300000
93436,88160R10,TSLA,53453,2023-03-23,192.220000,144153854,188.650000,199.310000,195.260000
93436,88160R10,TSLA,53453,2023-03-24,190.410000,116461377,187.150000,192.360000,191.650000
93436,88160R10,TSLA,53453,2023-03-27,191.810000,120811402,189.940000,197.390000,194.415000
93436,88160R10,TSLA,53453,2023-03-28,189.190000,98609953,185.430000,192.350000,192.000000
93436,88160R10,TSLA,53453,2023-03-29,193.880000,123611201,189.440000,195.290000,193.130000
93436,88160R10,TSLA,53453,2023-03-30,195.280000,110219897,194.420000,197.330000,195.580000
93436,88160R10,TSLA,53453,2023-03-31,207.460000,170149620,197.200000,207.790000,197.530000
93436,88160R10,TSLA,53453,2023-04-03,194.770000,169456133,192.200000,202.689700,199.910000
93436,88160R10,TSLA,53453,2023-04-04,192.580000,126422540,190.320000,198.744600,197.320000
93436,88160R10,TSLA,53453,2023-04-05,185.520000,133832065,183.760000,190.680000,190.515000
93436,88160R10,TSLA,53453,2023-04-06,185.060000,123800691,179.740000,186.390000,183.080000
93436,88160R10,TSLA,53453,2023-04-10,184.510000,142094798,176.110000,185.100000,179.940000
93436,88160R10,TSLA,53453,2023-04-11,186.790000,115703989,185.647500,189.190000,186.690000
93436,88160R10,TSLA,53453,2023-04-12,180.540000,150149324,180.310000,191.584600,190.740000
93436,88160R10,TSLA,53453,2023-04-13,185.900000,112872693,180.940000,186.500000,182.955000
93436,88160R10,TSLA,53453,2023-04-14,185.000000,96378578,182.010000,186.280000,183.950000
93436,88160R10,TSLA,53453,2023-04-17,187.040000,116611033,182.690000,189.690000,186.320000
93436,88160R10,TSLA,53453,2023-04-18,184.310000,92039041,183.577500,187.690000,187.150000
93436,88160R10,TSLA,53453,2023-04-19,180.590000,125890342,177.650000,183.500000,179.100000
93436,88160R10,TSLA,53453,2023-04-20,162.990000,210784506,160.560000,169.700000,166.165000
93436,88160R10,TSLA,53453,2023-04-21,165.080000,123424274,161.320800,166.000000,164.800000
93436,88160R10,TSLA,53453,2023-04-24,162.550000,139998978,158.610000,165.650000,164.650000
93436,88160R10,TSLA,53453,2023-04-25,160.670000,121911694,158.750000,163.470000,159.820000
93436,88160R10,TSLA,53453,2023-04-26,153.750000,153197454,153.140000,160.670000,160.290000
93436,88160R10,TSLA,53453,2023-04-27,160.190000,126874841,152.370000,160.480000,152.640000
93436,88160R10,TSLA,53453,2023-04-28,164.310000,122381452,157.320000,165.000000,160.900000
93436,88160R10,TSLA,53453,2023-05-01,161.830000,108988266,158.830000,163.280000,163.170000
93436,88160R10,TSLA,53453,2023-05-02,160.310000,128200492,158.930000,165.490000,161.880000
93436,88160R10,TSLA,53453,2023-05-03,160.610000,119665417,159.910000,165.000000,160.010000
93436,88160R10,TSLA,53453,2023-05-04,161.200000,95073102,159.650000,162.950000,162.710000
93436,88160R10,TSLA,53453,2023-05-05,170.060000,107541424,163.510000,170.789900,163.970000
93436,88160R10,TSLA,53453,2023-05-08,171.790000,112178475,169.190000,173.800000,173.720000
93436,88160R10,TSLA,53453,2023-05-09,169.150000,88890479,166.560000,169.820000,168.950000
93436,88160R10,TSLA,53453,2023-05-10,168.540000,119745838,166.680000,174.430000,172.550000
93436,88160R10,TSLA,53453,2023-05-11,172.080000,103839759,166.790000,173.570000,168.700000
93436,88160R10,TSLA,53453,2023-05-12,167.980000,157712145,167.230000,177.380000,176.070000
93436,88160R10,TSLA,53453,2023-05-15,166.350000,105540307,164.549900,169.760000,167.655000
93436,88160R10,TSLA,53453,2023-05-16,166.520000,98239171,164.350000,169.518400,165.650000
93436,88160R10,TSLA,53453,2023-05-17,173.860000,125457160,167.185000,174.500000,168.410000
93436,88160R10,TSLA,53453,2023-05-18,176.890000,109487672,172.450000,177.060000,174.220000
93436,88160R10,TSLA,53453,2023-05-19,180.140000,136144750,176.310000,181.950000,177.170000
93436,88160R10,TSLA,53453,2023-05-22,188.870000,131952371,180.110000,189.320000,180.700000
93436,88160R10,TSLA,53453,2023-05-23,185.770000,156892637,185.260000,192.960000,186.200000
93436,88160R10,TSLA,53453,2023-05-24,182.900000,137541027,178.220000,184.220000,182.230000
93436,88160R10,TSLA,53453,2023-05-25,184.470000,97302851,180.580000,186.780000,186.540000
93436,88160R10,TSLA,53453,2023-05-26,193.170000,161949944,184.530000,198.600000,184.620000
93436,88160R10,TSLA,53453,2023-05-30,201.160000,128726551,197.530000,204.480000,200.100000
93436,88160R10,TSLA,53453,2023-05-31,203.930000,150533427,195.120000,203.950000,199.780000
93436,88160R10,TSLA,53453,2023-06-01,207.520000,147883435,199.370000,209.800000,202.590000
93436,88160R10,TSLA,53453,2023-06-02,213.970000,164297257,209.752000,217.250000,210.150000
93436,88160R10,TSLA,53453,2023-06-05,217.610000,151016555,214.520000,221.290000,217.800000
93436,88160R10,TSLA,53453,2023-06-06,221.310000,146785221,212.530000,221.910000,216.140000
93436,88160R10,TSLA,53453,2023-06-07,224.570000,185596127,223.200000,230.829600,228.000000
93436,88160R10,TSLA,53453,2023-06-08,234.860000,164412586,223.010000,235.230000,224.220000
93436,88160R10,TSLA,53453,2023-06-09,244.400000,200111202,242.020000,252.420000,249.070000
93436,88160R10,TSLA,53453,2023-06-12,249.830000,150653098,244.590000,250.970000,247.940000
93436,88160R10,TSLA,53453,2023-06-13,258.710000,162335493,251.340000,259.680000,253.510000
93436,88160R10,TSLA,53453,2023-06-14,256.790000,170425351,250.500000,261.570000,260.170000
93436,88160R10,TSLA,53453,2023-06-15,255.900000,160092361,247.290000,258.950000,248.400000
93436,88160R10,TSLA,53453,2023-06-16,260.540000,168234213,257.209100,263.600000,258.920000
93436,88160R10,TSLA,53453,2023-06-20,274.450000,165513997,261.120000,274.750000,261.500000
93436,88160R10,TSLA,53453,2023-06-21,259.460000,211574234,257.780000,276.990000,275.130000
93436,88160R10,TSLA,53453,2023-06-22,264.610000,166731644,248.250000,265.000000,250.770000
93436,88160R10,TSLA,53453,2023-06-23,256.600000,177346084,252.800000,262.450000,259.290000
93436,88160R10,TSLA,53453,2023-06-26,241.050000,179758166,240.700000,258.370000,250.065000
93436,88160R10,TSLA,53453,2023-06-27,250.210000,164827712,240.850000,250.389900,243.240000
93436,88160R10,TSLA,53453,2023-06-28,256.240000,159593987,248.890000,259.880000,249.700000
93436,88160R10,TSLA,53453,2023-06-29,257.500000,131177205,253.610000,260.740000,258.030000
93436,88160R10,TSLA,53453,2023-06-30,261.770000,112566291,259.890000,264.450000,260.600000
93436,88160R10,TSLA,53453,2023-07-03,279.820000,119636530,275.110000,284.250000,276.490000
93436,88160R10,TSLA,53453,2023-07-05,282.480000,131462638,277.600000,283.850000,278.820000
93436,88160R10,TSLA,53453,2023-07-06,276.540000,120673994,272.880000,279.970000,278.090000
93436,88160R10,TSLA,53453,2023-07-07,274.430000,113804091,273.770000,280.780000,278.430000
93436,88160R10,TSLA,53453,2023-07-10,269.610000,119368892,265.100000,277.520000,276.470000
93436,88160R10,TSLA,53453,2023-07-11,269.790000,91930541,266.370000,270.900000,268.650000
93436,88160R10,TSLA,53453,2023-07-12,271.990000,95631136,271.460000,276.520000,276.325000
93436,88160R10,TSLA,53453,2023-07-13,277.900000,112641283,270.600000,279.450000,274.590000
93436,88160R10,TSLA,53453,2023-07-14,281.380000,119975119,276.310000,285.300000,277.010000
93436,88160R10,TSLA,53453,2023-07-17,290.380000,131515072,283.570000,292.230000,286.625000
93436,88160R10,TSLA,53453,2023-07-18,293.340000,112389541,286.010000,295.260000,290.150000
93436,88160R10,TSLA,53453,2023-07-19,291.260000,142256009,289.520100,299.290000,296.040000
93436,88160R10,TSLA,53453,2023-07-20,262.900000,175024273,261.200000,280.930000,279.560000
93436,88160R10,TSLA,53453,2023-07-21,260.020000,162212314,255.800000,268.000000,268.000000
93436,88160R10,TSLA,53453,2023-07-24,269.060000,136890809,254.120000,269.850000,255.850000
93436,88160R10,TSLA,53453,2023-07-25,265.280000,112646981,265.000000,272.900000,272.380000
93436,88160R10,TSLA,53453,2023-07-26,264.350000,96003688,261.750000,268.040000,263.250000
93436,88160R10,TSLA,53453,2023-07-27,255.710000,103584159,255.300000,269.130000,268.310000
93436,88160R10,TSLA,53453,2023-07-28,266.440000,111258312,258.231200,267.250000,259.860000
93436,88160R10,TSLA,53453,2023-07-31,267.430000,84523850,263.780000,269.080000,267.480000
93436,88160R10,TSLA,53453,2023-08-01,261.070000,83599882,260.250000,266.470000,266.260000
93436,88160R10,TSLA,53453,2023-08-02,254.110000,101629592,250.490000,259.520000,255.570000
93436,88160R10,TSLA,53453,2023-08-03,259.320000,97780144,252.000000,260.490000,252.040000
93436,88160R10,TSLA,53453,2023-08-04,253.860000,99552653,253.110000,264.770000,260.970000
93436,88160R10,TSLA,53453,2023-08-07,251.450000,111081967,242.760000,253.651100,251.450000
93436,88160R10,TSLA,53453,2023-08-08,249.700000,96567499,245.010000,250.920000,247.450000
93436,88160R10,TSLA,53453,2023-08-09,242.190000,101518231,241.900000,251.100000,250.870000
93436,88160R10,TSLA,53453,2023-08-10,245.340000,109391351,243.000000,251.800000,245.400000
93436,88160R10,TSLA,53453,2023-08-11,242.650000,99531759,238.020000,243.790000,241.770000
93436,88160R10,TSLA,53453,2023-08-14,239.760000,98540221,233.750000,240.660000,235.700000
93436,88160R10,TSLA,53453,2023-08-15,232.960000,88123221,232.610000,240.500000,238.730000
93436,88160R10,TSLA,53453,2023-08-16,225.600000,112389730,225.380000,233.970000,228.020000
93436,88160R10,TSLA,53453,2023-08-17,219.220000,120656222,218.830000,226.740000,226.060000
93436,88160R10,TSLA,53453,2023-08-18,215.490000,136156273,212.360000,217.580000,214.120000
93436,88160R10,TSLA,53453,2023-08-21,231.280000,135644088,220.580000,232.134300,221.551200
93436,88160R10,TSLA,53453,2023-08-22,233.190000,131014237,229.550000,240.820000,240.250000
93436,88160R10,TSLA,53453,2023-08-23,236.860000,101002283,229.290000,238.980000,229.340000
93436,88160R10,TSLA,53453,2023-08-24,230.040000,99726283,228.180100,238.920000,238.660000
93436,88160R10,TSLA,53453,2023-08-25,238.590000,106545655,230.350000,239.000000,231.310000
93436,88160R10,TSLA,53453,2023-08-28,238.820000,107601373,235.350000,244.380000,242.580000
93436,88160R10,TSLA,53453,2023-08-29,257.180000,133932894,237.770000,257.480000,238.580000
93436,88160R10,TSLA,53453,2023-08-30,256.900000,122113491,250.590000,260.510000,254.200000
93436,88160R10,TSLA,53453,2023-08-31,258.080000,108817998,255.050000,261.180000,255.980000
93436,88160R10,TSLA,53453,2023-09-01,245.010000,132452603,242.010000,259.079400,257.260000
93436,88160R10,TSLA,53453,2023-09-05,256.490000,129383583,244.860000,258.000000,245.000000
93436,88160R10,TSLA,53453,2023-09-06,251.920000,116899901,245.060000,255.390000,255.135000
93436,88160R10,TSLA,53453,2023-09-07,251.490000,115253336,243.265000,252.810000,245.070000
93436,88160R10,TSLA,53453,2023-09-08,248.500000,118556504,246.670000,256.520000,251.220000
93436,88160R10,TSLA,53453,2023-09-11,273.580000,174454114,260.610000,274.850000,264.270000
93436,88160R10,TSLA,53453,2023-09-12,267.480000,135913392,266.600000,278.390000,270.760000
93436,88160R10,TSLA,53453,2023-09-13,271.300000,111576920,268.100000,274.980000,270.070000
93436,88160R10,TSLA,53453,2023-09-14,276.040000,107620729,270.420000,276.709400,271.320000
93436,88160R10,TSLA,53453,2023-09-15,274.390000,133572703,271.000000,278.980000,277.550000
93436,88160R10,TSLA,53453,2023-09-18,265.280000,101811580,263.760100,271.440000,271.160000
93436,88160R10,TSLA,53453,2023-09-19,266.500000,103650387,261.200000,267.850000,264.350000
93436,88160R10,TSLA,53453,2023-09-20,262.590000,122449338,262.460600,273.930000,267.040000
93436,88160R10,TSLA,53453,2023-09-21,255.700000,119876585,254.210000,260.860000,257.850000
93436,88160R10,TSLA,53453,2023-09-22,244.880000,127448000,244.480000,257.788800,257.400000
93436,88160R10,TSLA,53453,2023-09-25,246.990000,104606976,238.310000,247.100000,243.380000
93436,88160R10,TSLA,53453,2023-09-26,244.120000,101889443,241.660100,249.550000,242.980000
93436,88160R10,TSLA,53453,2023-09-27,240.500000,136623140,234.580000,245.330000,244.262000
93436,88160R10,TSLA,53453,2023-09-28,246.380000,117075338,238.650000,247.550000,240.020000
93436,88160R10,TSLA,53453,2023-09-29,250.220000,128429386,246.350000,254.770000,250.000000
93436,88160R10,TSLA,53453,2023-10-02,251.600000,123801386,242.620000,254.279900,244.810000
93436,88160R10,TSLA,53453,2023-10-03,246.530000,101944708,244.450000,250.020000,248.610000
93436,88160R10,TSLA,53453,2023-10-04,261.160000,129647169,247.600000,261.860000,248.140000
93436,88160R10,TSLA,53453,2023-10-05,260.050000,119048664,256.250000,263.600000,260.000000
93436,88160R10,TSLA,53453,2023-10-06,260.530000,118074095,250.650000,261.650000,253.980000
93436,88160R10,TSLA,53453,2023-10-09,259.670000,101321637,252.050000,261.360000,255.310000
93436,88160R10,TSLA,53453,2023-10-10,263.620000,122896194,257.650000,268.940000,257.750000
93436,88160R10,TSLA,53453,2023-10-11,262.990000,103667784,260.900000,268.600000,266.200000
93436,88160R10,TSLA,53453,2023-10-12,258.870000,111444328,256.630700,265.410000,262.920000
93436,88160R10,TSLA,53453,2023-10-13,251.120000,102233881,250.220000,259.600000,258.900000
93436,88160R10,TSLA,53453,2023-10-16,253.920000,88859651,248.480000,255.399900,250.050000
93436,88160R10,TSLA,53453,2023-10-17,254.850000,93506544,247.080000,257.183000,250.100000
93436,88160R10,TSLA,53453,2023-10-18,242.680000,124967145,242.080000,254.630000,252.700000
93436,88160R10,TSLA,53453,2023-10-19,220.110000,171290285,216.780000,230.610000,225.950000
93436,88160R10,TSLA,53453,2023-10-20,211.990000,137990782,210.420000,218.860600,217.010000
93436,88160R10,TSLA,53453,2023-10-23,212.080000,150580228,202.510000,216.980000,210.000000
93436,88160R10,TSLA,53453,2023-10-24,216.520000,118142614,214.110000,222.050000,216.500000
93436,88160R10,TSLA,53453,2023-10-25,212.420000,107009167,212.200000,220.100000,215.880000
93436,88160R10,TSLA,53453,2023-10-26,205.760000,115040453,204.880000,214.800000,211.320000
93436,88160R10,TSLA,53453,2023-10-27,207.300000,94871960,205.770000,212.410000,210.600000
93436,88160R10,TSLA,53453,2023-10-30,197.360000,136233609,194.670000,210.880000,209.280000
93436,88160R10,TSLA,53453,2023-10-31,200.840000,117995775,194.070000,202.800000,196.120000
93436,88160R10,TSLA,53453,2023-11-01,205.660000,121169616,197.850000,205.990000,204.040000
93436,88160R10,TSLA,53453,2023-11-02,218.510000,125126870,211.450000,219.200000,212.970000
93436,88160R10,TSLA,53453,2023-11-03,219.960000,119130303,218.400000,226.370100,221.150000
93436,88160R10,TSLA,53453,2023-11-06,219.270000,116658009,215.000000,226.320000,223.980000
93436,88160R10,TSLA,53453,2023-11-07,222.180000,116416829,215.720000,223.120000,219.980000
93436,88160R10,TSLA,53453,2023-11-08,222.110000,106100857,217.640000,224.150000,223.150000
93436,88160R10,TSLA,53453,2023-11-09,209.980000,141370646,206.680000,220.800000,219.750000
93436,88160R10,TSLA,53453,2023-11-10,214.650000,130818519,205.690000,215.380000,210.030000
93436,88160R10,TSLA,53453,2023-11-13,223.710000,139344959,211.610100,225.400000,215.600000
93436,88160R10,TSLA,53453,2023-11-14,237.410000,149128332,230.720000,238.135000,235.030000
93436,88160R10,TSLA,53453,2023-11-15,242.840000,149733647,236.450000,246.700000,239.290000
93436,88160R10,TSLA,53453,2023-11-16,233.590000,136142566,230.960000,240.880000,239.490000
93436,88160R10,TSLA,53453,2023-11-17,234.300000,142273729,226.540000,237.390000,232.000000
93436,88160R10,TSLA,53453,2023-11-20,235.600000,116103870,231.020000,237.100000,234.040000
93436,88160R10,TSLA,53453,2023-11-21,241.200000,122057829,233.340000,243.620000,235.040000
93436,88160R10,TSLA,53453,2023-11-22,234.210000,117575198,231.400000,244.010000,242.040000
93436,88160R10,TSLA,53453,2023-11-24,235.450000,64790526,232.330000,238.750000,233.750000
93436,88160R10,TSLA,53453,2023-11-27,236.080000,111514924,232.100000,238.330000,236.890000
93436,88160R10,TSLA,53453,2023-11-28,246.720000,147518559,234.010000,247.000000,236.680000
93436,88160R10,TSLA,53453,2023-11-29,244.140000,134917402,242.760000,252.750000,249.210000
93436,88160R10,TSLA,53453,2023-11-30,240.080000,131686044,236.910000,245.220000,245.140000
93436,88160R10,TSLA,53453,2023-12-01,238.830000,120589428,231.900000,240.190000,233.140000
93436,88160R10,TSLA,53453,2023-12-04,235.580000,103685304,233.290200,239.373300,235.750000
93436,88160R10,TSLA,53453,2023-12-05,238.720000,137383283,233.700000,246.660000,233.870000
93436,88160R10,TSLA,53453,2023-12-06,239.370000,125946633,239.170900,246.570000,242.920000
93436,88160R10,TSLA,53453,2023-12-07,242.640000,106696749,236.980000,244.080000,241.550000
93436,88160R10,TSLA,53453,2023-12-08,243.840000,102674872,239.270100,245.270000,240.270000
93436,88160R10,TSLA,53453,2023-12-11,239.740000,97348481,237.450000,243.441000,242.740000
93436,88160R10,TSLA,53453,2023-12-12,237.010000,94968562,233.870000,238.990000,238.550000
93436,88160R10,TSLA,53453,2023-12-13,239.290000,145836743,228.200000,240.300000,234.190000
93436,88160R10,TSLA,53453,2023-12-14,251.050000,159025080,240.790000,253.880000,241.220000
93436,88160R10,TSLA,53453,2023-12-15,253.500000,135321130,248.300000,254.130000,251.210000
93436,88160R10,TSLA,53453,2023-12-18,252.080000,116089652,251.360000,258.740000,253.780000
93436,88160R10,TSLA,53453,2023-12-19,257.220000,106287817,253.010000,258.339900,253.480000
93436,88160R10,TSLA,53453,2023-12-20,247.140000,124527509,247.000000,259.840000,256.410000
93436,88160R10,TSLA,53453,2023-12-21,254.500000,109157466,248.550000,254.799900,251.900000
93436,88160R10,TSLA,53453,2023-12-22,252.540000,93148541,251.370000,258.220000,256.760000
93436,88160R10,TSLA,53453,2023-12-26,256.610000,86700724,252.910000,257.970000,254.490000
93436,88160R10,TSLA,53453,2023-12-27,261.440000,106250779,257.520000,263.340000,258.350000
93436,88160R10,TSLA,53453,2023-12-28,253.180000,113250680,252.710000,265.130000,263.660000
93436,88160R10,TSLA,53453,2023-12-29,248.480000,100321201,247.430000,255.190000,255.100000
93436,88160R10,TSLA,53453,2024-01-02,248.420000,104255460,244.410000,251.250000,250.080000
93436,88160R10,TSLA,53453,2024-01-03,238.450000,120564191,236.320000,245.680000,244.980000
93436,88160R10,TSLA,53453,2024-01-04,237.930000,102237086,237.730000,242.700000,239.250000
93436,88160R10,TSLA,53453,2024-01-05,237.490000,92092968,234.900100,240.119600,236.860000
93436,88160R10,TSLA,53453,2024-01-08,240.450000,84885157,235.300000,241.250000,236.140000
93436,88160R10,TSLA,53453,2024-01-09,234.960000,96239540,232.040000,238.964600,238.110000
93436,88160R10,TSLA,53453,2024-01-10,233.940000,91388885,231.290000,235.500000,235.100000
93436,88160R10,TSLA,53453,2024-01-11,227.220000,105452655,225.370000,230.930000,230.570000
93436,88160R10,TSLA,53453,2024-01-12,218.890000,123224539,217.150100,225.340000,220.080000
93436,88160R10,TSLA,53453,2024-01-16,219.910000,114828202,212.180000,223.490000,215.100000
93436,88160R10,TSLA,53453,2024-01-17,215.550000,102800174,212.010000,215.670000,214.860000
93436,88160R10,TSLA,53453,2024-01-18,211.880000,108116539,208.740000,217.450000,216.880000
93436,88160R10,TSLA,53453,2024-01-19,212.190000,101870794,207.560000,213.190000,209.990000
93436,88160R10,TSLA,53453,2024-01-22,208.800000,117176588,206.270000,217.800000,212.260000
93436,88160R10,TSLA,53453,2024-01-23,209.140000,106246503,207.751600,215.650000,211.300000
93436,88160R10,TSLA,53453,2024-01-24,207.830000,122589931,206.770000,212.730000,211.880000
93436,88160R10,TSLA,53453,2024-01-25,182.630000,196695464,180.060000,193.000000,189.700000
93436,88160R10,TSLA,53453,2024-01-26,183.250000,106691892,182.100000,186.780000,185.500000
93436,88160R10,TSLA,53453,2024-01-29,190.930000,124380363,183.670000,191.480000,185.630000
93436,88160R10,TSLA,53453,2024-01-30,191.590000,109597262,190.610000,196.359300,195.330000
93436,88160R10,TSLA,53453,2024-01-31,187.290000,102538604,185.845900,193.970000,186.995000
93436,88160R10,TSLA,53453,2024-02-01,188.860000,91546107,184.280000,189.880000,188.500000
93436,88160R10,TSLA,53453,2024-02-02,187.910000,110057385,182.000000,188.690000,185.040000
93436,88160R10,TSLA,53453,2024-02-05,181.060000,133226245,175.010000,184.680000,184.260000
93436,88160R10,TSLA,53453,2024-02-06,185.100000,121831208,177.110000,186.490000,177.210000
93436,88160R10,TSLA,53453,2024-02-07,187.580000,110674690,182.680000,189.790000,188.180000
93436,88160R10,TSLA,53453,2024-02-08,189.560000,82705299,185.580000,191.617100,189.000000
93436,88160R10,TSLA,53453,2024-02-09,193.570000,84061268,189.480000,194.120000,190.180000
93436,88160R10,TSLA,53453,2024-02-12,188.130000,95132907,187.280000,194.730000,192.110000
93436,88160R10,TSLA,53453,2024-02-13,184.020000,86516435,182.108700,187.260000,183.990000
93436,88160R10,TSLA,53453,2024-02-14,188.710000,80874230,183.350000,188.890000,185.300000
93436,88160R10,TSLA,53453,2024-02-15,200.450000,120322356,188.859500,200.880000,189.160000
93436,88160R10,TSLA,53453,2024-02-16,199.950000,110998394,197.400000,203.170000,202.060000
93436,88160R10,TSLA,53453,2024-02-20,193.760000,104162866,189.130000,198.600000,196.130000
93436,88160R10,TSLA,53453,2024-02-21,194.770000,103656607,191.950000,199.440000,193.360000
93436,88160R10,TSLA,53453,2024-02-22,197.410000,92376113,191.360000,198.320000,194.000000
93436,88160R10,TSLA,53453,2024-02-23,191.970000,78741410,191.500000,197.570000,195.310000
93436,88160R10,TSLA,53453,2024-02-26,199.400000,111284989,192.000000,201.780000,192.290000
93436,88160R10,TSLA,53453,2024-02-27,199.730000,108250777,198.260000,205.600000,204.040000
93436,88160R10,TSLA,53453,2024-02-28,202.040000,99520536,198.440000,205.300000,200.420000
93436,88160R10,TSLA,53453,2024-02-29,201.880000,85660961,198.446300,205.280000,204.180000
93436,88160R10,TSLA,53453,2024-03-01,202.640000,81984193,198.500000,204.520000,200.520000
93436,88160R10,TSLA,53453,2024-03-04,188.140000,134161191,186.720000,199.750000,198.730000
93436,88160R10,TSLA,53453,2024-03-05,180.740000,118969273,177.570000,184.590000,183.050000
93436,88160R10,TSLA,53453,2024-03-06,176.540000,107529545,173.700000,181.576000,179.990000
93436,88160R10,TSLA,53453,2024-03-07,178.650000,101743362,173.700000,180.040000,174.350000
93436,88160R10,TSLA,53453,2024-03-08,175.340000,85168240,174.700000,182.730000,181.500000
93436,88160R10,TSLA,53453,2024-03-11,177.770000,85036878,174.800000,182.870000,175.445000
93436,88160R10,TSLA,53453,2024-03-12,177.540000,86962145,172.410100,179.430000,177.770000
93436,88160R10,TSLA,53453,2024-03-13,169.480000,106093925,169.150000,176.050000,173.050000
93436,88160R10,TSLA,53453,2024-03-14,162.500000,125622630,160.510000,171.170000,167.770000
93436,88160R10,TSLA,53453,2024-03-15,163.570000,96842847,160.760000,165.184500,163.160000
93436,88160R10,TSLA,53453,2024-03-18,173.800000,107717296,165.900000,174.720000,170.020000
93436,88160R10,TSLA,53453,2024-03-19,171.320000,77110559,167.420000,172.820000,172.360000
93436,88160R10,TSLA,53453,2024-03-20,175.660000,83522562,170.820000,176.250000,173.000000
93436,88160R10,TSLA,53453,2024-03-21,172.820000,72916363,171.800000,178.180000,176.390000
93436,88160R10,TSLA,53453,2024-03-22,170.830000,75128979,166.300000,171.200000,166.690000
93436,88160R10,TSLA,53453,2024-03-25,172.630000,73913863,168.730000,175.240000,168.760000
93436,88160R10,TSLA,53453,2024-03-26,177.670000,112473255,177.380000,184.250000,178.580000
93436,88160R10,TSLA,53453,2024-03-27,179.830000,81493088,176.000000,181.910000,181.410000
93436,88160R10,TSLA,53453,2024-03-28,175.790000,77400344,175.300000,179.570000,177.450000
93436,88160R10,TSLA,53453,2024-04-01,175.220000,81155501,170.210000,176.750000,176.170000
93436,88160R10,TSLA,53453,2024-04-02,166.630000,115874094,163.430000,167.690000,164.750000
93436,88160R10,TSLA,53453,2024-04-03,168.380000,82529268,163.280000,168.820000,164.020000
93436,88160R10,TSLA,53453,2024-04-04,171.110000,122623494,168.010000,177.190000,170.070000
93436,88160R10,TSLA,53453,2024-04-05,164.900000,142062697,160.510000,170.860000,169.080000
93436,88160R10,TSLA,53453,2024-04-08,172.980000,103807153,167.790000,174.500000,169.340000
93436,88160R10,TSLA,53453,2024-04-09,176.880000,102849759,171.920000,179.220000,172.910000
93436,88160R10,TSLA,53453,2024-04-10,171.760000,84275804,170.010000,174.930000,173.040000
93436,88160R10,TSLA,53453,2024-04-11,174.600000,94039726,168.510000,175.880000,172.550000
93436,88160R10,TSLA,53453,2024-04-12,171.050000,64514076,170.364400,173.809900,172.340000
93436,88160R10,TSLA,53453,2024-04-15,161.480000,99843999,161.380000,170.690000,170.240000
93436,88160R10,TSLA,53453,2024-04-16,157.110000,96527931,153.750000,158.190000,156.742000
93436,88160R10,TSLA,53453,2024-04-17,155.450000,82203768,153.780000,158.330000,157.640000
93436,88160R10,TSLA,53453,2024-04-18,149.930000,95569571,148.700000,152.200000,151.250000
93436,88160R10,TSLA,53453,2024-04-19,147.050000,86618890,146.220000,150.940000,148.970000
93436,88160R10,TSLA,53453,2024-04-22,142.050000,106315167,138.802500,144.440000,140.560000
93436,88160R10,TSLA,53453,2024-04-23,144.680000,123645544,141.110000,147.260000,143.330000
93436,88160R10,TSLA,53453,2024-04-24,162.130000,180116401,157.510000,167.970000,162.840000
93436,88160R10,TSLA,53453,2024-04-25,170.180000,125391229,158.360000,170.880000,158.960000
93436,88160R10,TSLA,53453,2024-04-26,168.290000,109420697,166.370000,172.120000,168.850000
93436,88160R10,TSLA,53453,2024-04-29,194.050000,242135242,184.540000,198.870000,188.420000
93436,88160R10,TSLA,53453,2024-04-30,183.280000,126419164,182.840100,190.950000,186.980000
93436,88160R10,TSLA,53453,2024-05-01,179.990000,92268705,179.010000,185.860000,182.000000
93436,88160R10,TSLA,53453,2024-05-02,180.010000,88842542,176.020000,184.600000,182.860000
93436,88160R10,TSLA,53453,2024-05-03,181.190000,75242656,178.420000,184.780000,182.100000
93436,88160R10,TSLA,53453,2024-05-06,184.760000,84070143,182.200000,187.560000,183.800000
93436,88160R10,TSLA,53453,2024-05-07,177.810000,74806361,177.400000,183.260000,182.400000
93436,88160R10,TSLA,53453,2024-05-08,174.720000,79622020,170.150000,176.060000,171.590000
93436,88160R10,TSLA,53453,2024-05-09,171.970000,65668205,171.370000,175.620000,175.010000
93436,88160R10,TSLA,53453,2024-05-10,168.470000,72313728,167.750000,173.059900,173.050000
93436,88160R10,TSLA,53453,2024-05-13,171.890000,66713908,169.000000,175.400000,170.000000
93436,88160R10,TSLA,53453,2024-05-14,177.550000,85794732,174.070000,179.490000,174.496000
93436,88160R10,TSLA,53453,2024-05-15,173.990000,79503000,173.110000,180.000000,179.900000
93436,88160R10,TSLA,53453,2024-05-16,174.840000,59592685,171.430000,175.790000,174.100000
93436,88160R10,TSLA,53453,2024-05-17,177.460000,77104574,172.750000,179.630000,173.550000
93436,88160R10,TSLA,53453,2024-05-20,174.950000,61531173,173.520000,177.754000,177.560000
93436,88160R10,TSLA,53453,2024-05-21,186.600000,114715860,174.710000,186.875000,175.510000
93436,88160R10,TSLA,53453,2024-05-22,180.110000,87972611,178.120000,183.800000,182.850000
93436,88160R10,TSLA,53453,2024-05-23,173.740000,71670814,173.260000,181.900000,181.800000
93436,88160R10,TSLA,53453,2024-05-24,179.240000,65283235,173.730000,180.080000,174.835000
93436,88160R10,TSLA,53453,2024-05-28,176.750000,59492355,173.160000,178.250000,176.400000
93436,88160R10,TSLA,53453,2024-05-29,176.190000,54520937,173.930000,178.150000,174.190000
93436,88160R10,TSLA,53453,2024-05-30,178.790000,77504359,175.380000,182.670000,178.575000
93436,88160R10,TSLA,53453,2024-05-31,178.080000,67089917,173.820000,180.320000,178.500000
93436,88160R10,TSLA,53453,2024-06-03,176.290000,68283133,174.490000,182.638900,178.130000
93436,88160R10,TSLA,53453,2024-06-04,174.770000,59802862,174.000000,177.755000,174.775000
93436,88160R10,TSLA,53453,2024-06-05,175.000000,57686889,172.130000,176.150000,175.350000
93436,88160R10,TSLA,53453,2024-06-06,177.940000,69534831,172.730000,179.730000,174.600000
93436,88160R10,TSLA,53453,2024-06-07,177.480000,56058663,175.580000,179.350000,176.130000
93436,88160R10,TSLA,53453,2024-06-10,173.790000,50649310,173.170000,178.570000,176.060000
93436,88160R10,TSLA,53453,2024-06-11,170.660000,64311731,167.410000,174.750000,173.920000
93436,88160R10,TSLA,53453,2024-06-12,177.290000,89875669,169.800000,180.550000,171.120000
93436,88160R10,TSLA,53453,2024-06-13,182.470000,118150805,181.230000,191.080000,188.390000
93436,88160R10,TSLA,53453,2024-06-14,178.010000,81573527,176.920000,186.000000,185.800000
93436,88160R10,TSLA,53453,2024-06-17,187.440000,109223952,177.000000,188.810000,177.920000
93436,88160R10,TSLA,53453,2024-06-18,184.860000,68767958,182.370000,187.200000,186.560000
93436,88160R10,TSLA,53453,2024-06-20,181.570000,55719320,179.660000,185.210000,184.680000
93436,88160R10,TSLA,53453,2024-06-21,183.010000,62938409,180.690000,183.950000,182.300000
93436,88160R10,TSLA,53453,2024-06-24,182.580000,61684865,182.550000,188.800000,184.970000
93436,88160R10,TSLA,53453,2024-06-25,187.350000,63427431,182.010000,187.970000,184.400000
93436,88160R10,TSLA,53453,2024-06-26,196.370000,95249053,186.360000,197.755000,186.540000
93436,88160R10,TSLA,53453,2024-06-27,197.420000,72444007,194.050000,198.720000,195.170000
93436,88160R10,TSLA,53453,2024-06-28,197.880000,94740075,195.260000,203.200000,199.550000
93436,88160R10,TSLA,53453,2024-07-01,209.860000,134776412,200.850000,213.230000,201.020000
93436,88160R10,TSLA,53453,2024-07-02,231.260000,203227411,218.060000,231.300000,218.890000
93436,88160R10,TSLA,53453,2024-07-03,246.390000,165780718,234.250000,248.350000,234.560000
93436,88160R10,TSLA,53453,2024-07-05,251.520000,153687026,242.460100,252.370000,249.810000
93436,88160R10,TSLA,53453,2024-07-08,252.940000,156490811,244.570000,259.439000,247.710000
93436,88160R10,TSLA,53453,2024-07-09,262.330000,159809434,250.300000,265.610000,251.000000
93436,88160R10,TSLA,53453,2024-07-10,263.260000,127893508,257.860000,267.590000,262.800000
93436,88160R10,TSLA,53453,2024-07-11,241.030000,219357715,239.650000,271.000000,263.300000
93436,88160R10,TSLA,53453,2024-07-12,248.230000,154612489,233.091200,251.840000,235.800000
93436,88160R10,TSLA,53453,2024-07-15,252.640000,146348082,251.730000,265.600000,255.970000
93436,88160R10,TSLA,53453,2024-07-16,256.560000,125686009,245.800100,258.620000,255.310000
93436,88160R10,TSLA,53453,2024-07-17,248.500000,114960162,246.182000,258.470000,252.730000
93436,88160R10,TSLA,53453,2024-07-18,249.230000,110362908,247.200000,257.140000,251.090000
93436,88160R10,TSLA,53453,2024-07-19,239.200000,86837222,236.830000,249.440000,247.790000
93436,88160R10,TSLA,53453,2024-07-22,251.510000,100736024,243.750000,253.210000,244.210000
93436,88160R10,TSLA,53453,2024-07-23,246.380000,111248663,245.630000,255.759400,253.600000
93436,88160R10,TSLA,53453,2024-07-24,215.990000,166518564,214.710000,225.990000,225.420000
93436,88160R10,TSLA,53453,2024-07-25,220.250000,100062765,216.231000,226.000000,216.800000
93436,88160R10,TSLA,53453,2024-07-26,219.800000,94187844,215.330000,222.279900,221.190000
93436,88160R10,TSLA,53453,2024-07-29,232.100000,128559412,224.700000,234.270000,224.900000
93436,88160R10,TSLA,53453,2024-07-30,222.620000,100557291,220.000000,232.410000,232.250000
93436,88160R10,TSLA,53453,2024-07-31,232.070000,67094165,226.787500,234.680000,227.900000
93436,88160R10,TSLA,53453,2024-08-01,216.860000,83329169,214.332800,231.867000,227.690000
93436,88160R10,TSLA,53453,2024-08-02,207.670000,82162428,205.780000,216.130000,214.880000
93436,88160R10,TSLA,53453,2024-08-05,198.880000,99182169,182.000000,203.879900,185.220000
93436,88160R10,TSLA,53453,2024-08-06,200.640000,73312599,192.670000,202.900000,200.750000
93436,88160R10,TSLA,53453,2024-08-07,191.760000,70880262,191.480000,203.490000,200.770000
93436,88160R10,TSLA,53453,2024-08-08,198.840000,64711407,192.040000,200.700000,195.700000
93436,88160R10,TSLA,53453,2024-08-09,200.000000,58358024,195.110000,200.880000,197.050000
93436,88160R10,TSLA,53453,2024-08-12,197.490000,63901440,194.670000,199.260000,199.020000
93436,88160R10,TSLA,53453,2024-08-13,207.830000,76002458,197.060000,208.490000,198.470000
93436,88160R10,TSLA,53453,2024-08-14,201.380000,69917072,198.750000,208.440000,207.390000
93436,88160R10,TSLA,53453,2024-08-15,214.140000,89426567,204.820000,215.880000,205.020000
93436,88160R10,TSLA,53453,2024-08-16,216.120000,88500568,210.800000,219.800000,211.150000
93436,88160R10,TSLA,53453,2024-08-19,222.720000,76212517,214.090000,222.980000,217.070000
93436,88160R10,TSLA,53453,2024-08-20,221.100000,73715439,219.560000,228.220000,224.880000
93436,88160R10,TSLA,53453,2024-08-21,223.270000,70010477,218.860000,224.659400,222.670000
93436,88160R10,TSLA,53453,2024-08-22,210.660000,79294313,210.320000,224.800000,223.820000
93436,88160R10,TSLA,53453,2024-08-23,220.320000,81204885,214.210000,221.480000,214.455000
93436,88160R10,TSLA,53453,2024-08-26,213.210000,59063220,211.010000,219.090000,218.750000
93436,88160R10,TSLA,53453,2024-08-27,209.210000,62692900,206.940000,215.660000,213.250000
93436,88160R10,TSLA,53453,2024-08-28,205.750000,63877886,202.590000,211.840000,209.720000
93436,88160R10,TSLA,53453,2024-08-29,206.280000,62056053,205.970000,214.890000,209.800000
93436,88160R10,TSLA,53453,2024-08-30,214.110000,63024686,207.030000,214.570100,208.630000
93436,88160R10,TSLA,53453,2024-09-03,210.600000,76310864,209.640000,219.904300,215.260000
93436,88160R10,TSLA,53453,2024-09-04,219.410000,80182824,210.570000,222.220000,210.590000
93436,88160R10,TSLA,53453,2024-09-05,230.170000,118675903,222.250000,235.000000,223.490000
93436,88160R10,TSLA,53453,2024-09-06,210.730000,111582384,210.510000,233.600000,232.600000
93436,88160R10,TSLA,53453,2024-09-09,216.270000,67247072,213.670000,219.870000,216.200000
93436,88160R10,TSLA,53453,2024-09-10,226.170000,78544631,218.637700,226.400000,220.070000
93436,88160R10,TSLA,53453,2024-09-11,228.130000,83192859,216.800300,228.470000,224.550000
93436,88160R10,TSLA,53453,2024-09-12,229.810000,71640511,223.830000,231.450000,224.660000
93436,88160R10,TSLA,53453,2024-09-13,230.290000,59331248,226.320000,232.670000,228.000000
93436,88160R10,TSLA,53453,2024-09-16,226.780000,54091518,223.530000,229.960000,229.300000
93436,88160R10,TSLA,53453,2024-09-17,227.870000,66466148,226.553300,234.570000,229.450000
93436,88160R10,TSLA,53453,2024-09-18,227.200000,77537951,226.880000,235.680000,230.090000
93436,88160R10,TSLA,53453,2024-09-19,243.920000,102134551,232.130000,244.240000,234.000000
93436,88160R10,TSLA,53453,2024-09-20,238.250000,99442874,235.920000,243.990000,241.520000
93436,88160R10,TSLA,53453,2024-09-23,250.000000,86570844,241.920000,250.000000,242.610000
93436,88160R10,TSLA,53453,2024-09-24,254.270000,88151887,249.050100,257.190000,254.080000
93436,88160R10,TSLA,53453,2024-09-25,257.020000,64867964,252.280000,257.050000,252.540000
93436,88160R10,TSLA,53453,2024-09-26,254.220000,66935743,251.530000,261.750000,260.600000
93436,88160R10,TSLA,53453,2024-09-27,260.460000,70713285,254.120000,260.699900,257.375000
93436,88160R10,TSLA,53453,2024-09-30,261.630000,80585400,255.770000,264.860000,259.040000
93436,88160R10,TSLA,53453,2024-10-01,258.020000,87260140,248.530000,263.980000,262.670000
93436,88160R10,TSLA,53453,2024-10-02,249.020000,93237542,241.500000,251.158500,247.550000
93436,88160R10,TSLA,53453,2024-10-03,240.660000,80460157,237.810000,249.790000,244.480000
93436,88160R10,TSLA,53453,2024-10-04,250.080000,86393091,244.580000,250.960000,246.690000
93436,88160R10,TSLA,53453,2024-10-07,240.830000,67897366,240.700000,249.830000,249.000000
93436,88160R10,TSLA,53453,2024-10-08,244.500000,56088070,240.560000,246.210000,243.560000
93436,88160R10,TSLA,53453,2024-10-09,241.050000,65975436,239.510000,247.430000,243.820000
93436,88160R10,TSLA,53453,2024-10-10,238.770000,82895649,232.340000,242.789900,241.810000
93436,88160R10,TSLA,53453,2024-10-11,217.800000,141215752,214.380000,223.340000,220.130000
93436,88160R10,TSLA,53453,2024-10-14,219.160000,85783383,213.740000,221.910000,220.130000
93436,88160R10,TSLA,53453,2024-10-15,219.570000,62794067,217.120000,224.260000,220.010000
93436,88160R10,TSLA,53453,2024-10-16,221.330000,49393727,218.930000,222.819900,221.400000
93436,88160R10,TSLA,53453,2024-10-17,220.890000,50676437,217.900000,222.080000,221.590000
93436,88160R10,TSLA,53453,2024-10-18,220.700000,49400991,219.230000,222.280000,220.710000
93436,88160R10,TSLA,53453,2024-10-21,218.850000,47111623,215.726000,220.480000,218.900000
93436,88160R10,TSLA,53453,2024-10-22,217.970000,43150103,215.260000,218.220000,217.310000
93436,88160R10,TSLA,53453,2024-10-23,213.650000,80299326,212.110000,218.720000,217.125000
93436,88160R10,TSLA,53453,2024-10-24,260.480000,202685634,242.650000,262.119900,244.680000
93436,88160R10,TSLA,53453,2024-10-25,269.190000,160941855,255.320000,269.490000,256.010000
93436,88160R10,TSLA,53453,2024-10-28,262.510000,107374549,262.240000,273.536000,270.000000
93436,88160R10,TSLA,53453,2024-10-29,259.520000,80217450,255.510000,264.980000,264.510000
93436,88160R10,TSLA,53453,2024-10-30,257.550000,53778722,255.820100,263.350000,258.035000
93436,88160R10,TSLA,53453,2024-10-31,249.850000,66400087,249.250000,259.750000,257.990000
93436,88160R10,TSLA,53453,2024-11-01,248.980000,57338534,246.630000,254.000000,252.043000
93436,88160R10,TSLA,53453,2024-11-04,242.840000,68597321,238.880000,248.900000,244.560000
93436,88160R10,TSLA,53453,2024-11-05,251.440000,69308575,246.210100,255.279900,247.340000
93436,88160R10,TSLA,53453,2024-11-06,288.530000,163988397,275.620000,289.590000,284.670000
93436,88160R10,TSLA,53453,2024-11-07,296.910000,116630849,285.520000,299.750000,288.890000
93436,88160R10,TSLA,53453,2024-11-08,321.220000,203536790,297.660000,328.710000,299.140000
93436,88160R10,TSLA,53453,2024-11-11,350.000000,209032018,336.000000,358.640000,346.300000
93436,88160R10,TSLA,53453,2024-11-12,328.490000,154902725,323.310000,345.840000,342.740000
93436,88160R10,TSLA,53453,2024-11-13,330.240000,124888542,322.500000,344.599900,335.850000
93436,88160R10,TSLA,53453,2024-11-14,311.180000,120297880,310.370000,329.980000,327.690000
93436,88160R10,TSLA,53453,2024-11-15,320.720000,113996417,309.220000,324.679900,310.570000
93436,88160R10,TSLA,53453,2024-11-18,338.740000,125968353,330.010000,348.549900,340.730000
93436,88160R10,TSLA,53453,2024-11-19,346.000000,88424703,332.750000,347.379900,335.760000
93436,88160R10,TSLA,53453,2024-11-20,342.030000,66143609,334.300000,346.599900,345.000000
93436,88160R10,TSLA,53453,2024-11-21,339.640000,57722667,335.280000,347.989900,343.810000
93436,88160R10,TSLA,53453,2024-11-22,352.560000,88782912,337.700000,361.530000,341.085000
93436,88160R10,TSLA,53453,2024-11-25,338.590000,95538697,338.200000,361.930000,360.140000
93436,88160R10,TSLA,53453,2024-11-26,338.230000,62012769,335.660000,346.960000,341.000000
93436,88160R10,TSLA,53453,2024-11-27,332.890000,57750894,326.590000,342.550000,341.800000
93436,88160R10,TSLA,53453,2024-11-29,345.160000,37268609,334.650100,345.450000,336.080000
93436,88160R10,TSLA,53453,2024-12-02,357.090000,77721052,351.150100,360.000000,352.380000
93436,88160R10,TSLA,53453,2024-12-03,351.420000,58076601,348.200000,355.690000,351.800000
93436,88160R10,TSLA,53453,2024-12-04,357.930000,50624004,348.600000,358.100000,353.000000
93436,88160R10,TSLA,53453,2024-12-05,369.490000,81149116,359.500000,375.430000,359.870000
93436,88160R10,TSLA,53453,2024-12-06,389.220000,81014909,370.800000,389.490000,377.420000
93436,88160R10,TSLA,53453,2024-12-09,389.790000,95914939,378.010000,404.800000,397.610000
93436,88160R10,TSLA,53453,2024-12-10,400.990000,97191038,390.850000,409.730000,392.680000
93436,88160R10,TSLA,53453,2024-12-11,424.770000,103713628,402.380000,424.880000,409.700000
93436,88160R10,TSLA,53453,2024-12-12,418.100000,87378338,415.000000,429.300000,424.840000
93436,88160R10,TSLA,53453,2024-12-13,436.230000,88539920,415.710000,436.300000,420.000000
93436,88160R10,TSLA,53453,2024-12-16,463.020000,113275629,436.150000,463.190000,441.090000
93436,88160R10,TSLA,53453,2024-12-17,479.860000,130541820,457.510100,483.990000,475.900000
93436,88160R10,TSLA,53453,2024-12-18,440.130000,148291534,427.010000,488.539900,466.495000
93436,88160R10,TSLA,53453,2024-12-19,436.170000,118063672,420.020000,456.360000,451.880000
93436,88160R10,TSLA,53453,2024-12-20,421.060000,131440690,417.640000,447.080000,425.505000
93436,88160R10,TSLA,53453,2024-12-23,430.600000,72432544,415.411200,434.510000,431.000000
93436,88160R10,TSLA,53453,2024-12-24,462.280000,59351506,435.140000,462.780000,435.900000
93436,88160R10,TSLA,53453,2024-12-26,454.130000,76392273,451.020000,465.329900,465.160000
93436,88160R10,TSLA,53453,2024-12-27,431.660000,82370345,426.500000,450.000000,449.520000
93436,88160R10,TSLA,53453,2024-12-30,417.410000,64705452,415.750000,427.000000,419.400000
93436,88160R10,TSLA,53453,2024-12-31,403.840000,76455213,402.540000,427.930000,423.790000
93436,88160R10,TSLA,53453,2025-01-02,379.280000,108836338,373.040000,392.729900,390.100000
93436,88160R10,TSLA,53453,2025-01-03,410.440000,94819114,379.450000,411.879900,381.480000
93436,88160R10,TSLA,53453,2025-01-06,411.050000,84948492,401.700000,426.430000,423.200000
93436,88160R10,TSLA,53453,2025-01-07,394.360000,75161175,390.000000,414.330000,405.830000
93436,88160R10,TSLA,53453,2025-01-08,394.940000,72668081,387.400000,402.499900,392.950000
93436,88160R10,TSLA,53453,2025-01-10,394.740000,61981734,377.290000,399.280000,391.400000
93436,88160R10,TSLA,53453,2025-01-13,403.310000,67310930,380.070000,403.790000,383.210000
93436,88160R10,TSLA,53453,2025-01-14,396.360000,84200187,394.540000,422.640000,414.340000
93436,88160R10,TSLA,53453,2025-01-15,428.220000,81021620,405.661000,429.800000,409.900000
93436,88160R10,TSLA,53453,2025-01-16,413.820000,68035250,409.130000,424.000000,423.490000
93436,88160R10,TSLA,53453,2025-01-17,426.500000,94735479,419.750000,439.740000,421.500000
93436,88160R10,TSLA,53453,2025-01-21,424.070000,86857992,406.310000,433.200000,432.640000
93436,88160R10,TSLA,53453,2025-01-22,415.110000,60721886,414.590000,428.000000,416.810000
93436,88160R10,TSLA,53453,2025-01-23,412.380000,50471002,408.950000,420.730000,416.060000
93436,88160R10,TSLA,53453,2025-01-24,406.580000,56215194,405.780000,418.880000,414.450000
93436,88160R10,TSLA,53453,2025-01-27,397.150000,57746299,389.000000,406.690000,394.800000
93436,88160R10,TSLA,53453,2025-01-28,398.090000,48663912,386.500000,400.590000,396.910000
93436,88160R10,TSLA,53453,2025-01-29,389.100000,67398436,384.480000,398.589900,395.210000
93436,88160R10,TSLA,53453,2025-01-30,400.280000,97528920,384.410000,412.500000,410.780000
93436,88160R10,TSLA,53453,2025-01-31,404.600000,83182407,401.340000,419.990000,401.530000
93436,88160R10,TSLA,53453,2025-02-03,383.680000,92996448,374.360000,389.170000,386.680000
93436,88160R10,TSLA,53453,2025-02-04,392.210000,56840007,381.400000,394.000000,382.630000
93436,88160R10,TSLA,53453,2025-02-05,378.170000,57290758,375.530000,388.390000,387.510000
93436,88160R10,TSLA,53453,2025-02-06,374.320000,77516645,363.180000,375.400000,373.030000
93436,88160R10,TSLA,53453,2025-02-07,361.620000,69961420,360.340000,380.545900,370.190000
93436,88160R10,TSLA,53453,2025-02-10,350.730000,77327619,350.510000,362.700000,356.210000
93436,88160R10,TSLA,53453,2025-02-11,328.500000,117885206,325.100000,349.370000,345.800000
93436,88160R10,TSLA,53453,2025-02-12,336.510000,104904568,329.120000,346.400000,329.940000
93436,88160R10,TSLA,53453,2025-02-13,355.940000,89021467,342.850000,358.690000,345.000000
93436,88160R10,TSLA,53453,2025-02-14,355.840000,67981632,347.500000,362.000000,360.620000
93436,88160R10,TSLA,53453,2025-02-18,354.110000,51472756,350.020000,359.100000,355.010000
93436,88160R10,TSLA,53453,2025-02-19,360.560000,66878982,353.670000,367.340000,354.000000
93436,88160R10,TSLA,53453,2025-02-20,354.400000,45847890,348.000000,362.300000,361.510000
93436,88160R10,TSLA,53453,2025-02-21,337.800000,73638427,334.420000,354.980000,353.440000
93436,88160R10,TSLA,53453,2025-02-24,330.530000,75706905,324.700000,342.397300,338.140000
93436,88160R10,TSLA,53453,2025-02-25,302.800000,132969025,297.251200,328.890000,327.025000
93436,88160R10,TSLA,53453,2025-02-26,290.800000,99670450,288.040000,309.000000,303.715000
93436,88160R10,TSLA,53453,2025-02-27,281.950000,101185838,280.880000,297.230000,291.160000
93436,88160R10,TSLA,53453,2025-02-28,292.980000,115073677,273.600000,293.880000,279.500000
93436,88160R10,TSLA,53453,2025-03-03,284.650000,115020819,277.300000,303.940000,300.340000
93436,88160R10,TSLA,53453,2025-03-04,272.040000,126117725,261.840100,284.350000,270.930000
93436,88160R10,TSLA,53453,2025-03-05,279.100000,93700411,267.710000,279.550000,272.920000
93436,88160R10,TSLA,53453,2025-03-06,263.450000,97894645,260.020000,272.650000,272.060000
93436,88160R10,TSLA,53453,2025-03-07,262.670000,101910920,250.730000,266.249900,259.320000
93436,88160R10,TSLA,53453,2025-03-10,222.150000,188039279,220.000000,253.370000,252.535000
93436,88160R10,TSLA,53453,2025-03-11,230.580000,173468118,217.020000,237.064900,225.305000
93436,88160R10,TSLA,53453,2025-03-12,248.090000,141366098,241.100000,251.840000,247.220000
93436,88160R10,TSLA,53453,2025-03-13,240.680000,114300761,232.600000,248.290000,248.125000
93436,88160R10,TSLA,53453,2025-03-14,249.980000,99784459,240.730000,251.580000,247.310000
93436,88160R10,TSLA,53453,2025-03-17,238.010000,111409450,232.800000,245.400000,245.055000
93436,88160R10,TSLA,53453,2025-03-18,225.310000,110888543,222.280000,230.100000,228.155000
93436,88160R10,TSLA,53453,2025-03-19,235.860000,111493144,229.201000,241.410000,231.610000
93436,88160R10,TSLA,53453,2025-03-20,236.260000,98702955,230.050100,238.000000,233.345000
93436,88160R10,TSLA,53453,2025-03-21,248.710000,132294067,234.550000,249.520000,234.985000
93436,88160R10,TSLA,53453,2025-03-24,278.390000,168274000,256.330000,278.640000,258.075000
93436,88160R10,TSLA,53453,2025-03-25,288.140000,149642083,271.280000,288.200000,283.600000
93436,88160R10,TSLA,53453,2025-03-26,272.060000,155439510,266.510000,284.900000,282.660000
93436,88160R10,TSLA,53453,2025-03-27,273.130000,161770629,271.821600,291.850000,272.480000
93436,88160R10,TSLA,53453,2025-03-28,263.550000,123180011,260.570000,276.100000,275.575000
93436,88160R10,TSLA,53453,2025-03-31,259.160000,133685696,243.360100,260.560000,249.310000
93436,88160R10,TSLA,53453,2025-04-01,268.460000,145907993,259.250000,277.450000,263.800000
93436,88160R10,TSLA,53453,2025-04-02,282.760000,211646829,251.270000,284.990000,254.600000
93436,88160R10,TSLA,53453,2025-04-03,267.280000,135528561,261.510000,276.300000,265.290000
93436,88160R10,TSLA,53453,2025-04-04,239.430000,179938090,236.000000,261.000000,255.380000
93436,88160R10,TSLA,53453,2025-04-07,233.290000,183000569,214.250000,252.000000,223.780000
93436,88160R10,TSLA,53453,2025-04-08,221.860000,170744492,217.800000,250.440000,245.000000
93436,88160R10,TSLA,53453,2025-04-09,272.200000,218543332,223.880000,274.690000,224.690000
93436,88160R10,TSLA,53453,2025-04-10,252.400000,180767575,239.330000,262.490000,260.000000
93436,88160R10,TSLA,53453,2025-04-11,252.310000,128511679,241.362900,257.740000,251.840000
93436,88160R10,TSLA,53453,2025-04-14,252.350000,99678585,245.930000,261.800000,258.360000
93436,88160R10,TSLA,53453,2025-04-15,254.110000,79321932,247.540000,258.750000,249.910000
93436,88160R10,TSLA,53453,2025-04-16,241.550000,112020028,233.890000,251.970000,247.610000
93436,88160R10,TSLA,53453,2025-04-17,241.370000,84869178,237.683300,244.340000,243.470000
93436,88160R10,TSLA,53453,2025-04-21,227.500000,97298829,222.790000,232.210000,230.260000
93436,88160R10,TSLA,53453,2025-04-22,237.970000,120048309,229.850100,242.790000,230.960000
93436,88160R10,TSLA,53453,2025-04-23,250.740000,149688145,244.430000,259.449900,254.860000
93436,88160R10,TSLA,53453,2025-04-24,259.510000,94113336,249.200000,259.540000,250.500000
93436,88160R10,TSLA,53453,2025-04-25,284.950000,167033143,259.630000,286.850000,261.690000
93436,88160R10,TSLA,53453,2025-04-28,285.880000,150918823,272.420000,294.860000,288.980000
93436,88160R10,TSLA,53453,2025-04-29,292.030000,108638444,279.469500,293.320000,285.500000
93436,88160R10,TSLA,53453,2025-04-30,282.160000,128418641,270.780000,284.450000,279.900000
93436,88160R10,TSLA,53453,2025-05-01,280.520000,99235745,279.810000,290.868800,280.010000
93436,88160R10,TSLA,53453,2025-05-02,287.210000,113953923,279.810000,294.780000,284.900000
93436,88160R10,TSLA,53453,2025-05-05,280.260000,94344183,274.400000,284.849000,284.570000
93436,88160R10,TSLA,53453,2025-05-06,275.350000,76525540,271.350000,277.730000,273.105000
93436,88160R10,TSLA,53453,2025-05-07,276.220000,71692919,271.000000,277.920000,276.880000
93436,88160R10,TSLA,53453,2025-05-08,284.820000,97197298,279.410000,289.800000,279.630000
93436,88160R10,TSLA,53453,2025-05-09,298.260000,131876388,290.000000,307.040000,290.210000
93436,88160R10,TSLA,53453,2025-05-12,318.380000,112366376,311.500000,322.210000,321.990000
93436,88160R10,TSLA,53453,2025-05-13,334.070000,136585159,316.800000,337.589400,320.000000
93436,88160R10,TSLA,53453,2025-05-14,347.680000,136454207,337.000000,350.000000,342.500000
93436,88160R10,TSLA,53453,2025-05-15,342.820000,97498878,334.715300,346.139300,340.340000
93436,88160R10,TSLA,53453,2025-05-16,349.980000,95807839,342.330000,351.620000,346.240000
93436,88160R10,TSLA,53453,2025-05-19,342.090000,88572772,333.370000,343.000000,336.300000
93436,88160R10,TSLA,53453,2025-05-20,343.820000,131356064,341.630000,354.989900,347.870000
93436,88160R10,TSLA,53453,2025-05-21,334.620000,101784093,332.200000,347.350000,344.430000
93436,88160R10,TSLA,53453,2025-05-22,341.040000,96930671,331.390000,347.270000,331.900000
93436,88160R10,TSLA,53453,2025-05-23,339.340000,84441155,333.210000,343.180000,337.920000
93436,88160R10,TSLA,53453,2025-05-27,362.890000,119703347,347.320000,363.790000,347.350000
93436,88160R10,TSLA,53453,2025-05-28,356.900000,91151976,355.910000,365.000000,364.840000
93436,88160R10,TSLA,53453,2025-05-29,358.430000,88271967,356.000000,367.710000,365.290000
93436,88160R10,TSLA,53453,2025-05-30,346.460000,123258321,345.290000,363.680000,355.520000
93436,88160R10,TSLA,53453,2025-06-02,342.690000,81614859,333.330000,348.020000,343.500000
93436,88160R10,TSLA,53453,2025-06-03,344.270000,98918880,343.040000,355.400000,346.595000
93436,88160R10,TSLA,53453,2025-06-04,332.050000,98548754,327.330800,345.600000,345.095000
93436,88160R10,TSLA,53453,2025-06-05,284.700000,290749145,273.210000,324.549900,322.490000
93436,88160R10,TSLA,53453,2025-06-06,295.140000,163868390,291.140000,305.500000,298.830000
93436,88160R10,TSLA,53453,2025-06-09,308.580000,140280514,281.850000,309.830000,285.955000
93436,88160R10,TSLA,53453,2025-06-10,326.090000,150631743,310.667000,327.830000,314.940000
93436,88160R10,TSLA,53453,2025-06-11,326.430000,122177832,322.500000,335.500000,334.395000
93436,88160R10,TSLA,53453,2025-06-12,319.110000,104879406,316.860000,332.560000,323.075000
93436,88160R10,TSLA,53453,2025-06-13,325.310000,128359722,313.300000,332.990000,313.970000
93436,88160R10,TSLA,53453,2025-06-16,329.130000,83717070,326.410000,332.050000,331.290000
93436,88160R10,TSLA,53453,2025-06-17,316.350000,87982553,314.740000,327.260000,326.090000
93436,88160R10,TSLA,53453,2025-06-18,322.050000,94804834,315.450000,329.320000,317.310000
93436,88160R10,TSLA,53453,2025-06-20,322.160000,108342315,317.780000,332.360000,327.950000
93436,88160R10,TSLA,53453,2025-06-23,348.680000,189587512,327.480000,357.540000,327.540000
93436,88160R10,TSLA,53453,2025-06-24,340.470000,114218054,340.440000,356.260000,356.170000
93436,88160R10,TSLA,53453,2025-06-25,327.550000,119369048,320.400000,343.000000,342.700000
93436,88160R10,TSLA,53453,2025-06-26,325.780000,80168440,323.610000,331.050000,324.610000
93436,88160R10,TSLA,53453,2025-06-27,323.630000,88403644,317.495000,329.339300,324.510000
93436,88160R10,TSLA,53453,2025-06-30,317.660000,76474047,316.600000,325.579900,319.900000
93436,88160R10,TSLA,53453,2025-07-01,300.710000,144478752,293.210000,305.890000,298.460000
93436,88160R10,TSLA,53453,2025-07-02,315.650000,118777675,303.820000,316.832000,312.630000
93436,88160R10,TSLA,53453,2025-07-03,315.350000,57754332,312.760000,318.450000,317.990000
93436,88160R10,TSLA,53453,2025-07-07,293.940000,130418346,288.770100,296.150000,291.370000
93436,88160R10,TSLA,53453,2025-07-08,297.810000,102905880,294.350000,304.049900,297.000000
93436,88160R10,TSLA,53453,2025-07-09,295.880000,75407136,293.550000,300.150000,297.550000
93436,88160R10,TSLA,53453,2025-07-10,309.870000,103975906,300.000000,310.480000,300.050000
93436,88160R10,TSLA,53453,2025-07-11,313.510000,78960804,305.650000,314.090000,307.890000
93436,88160R10,TSLA,53453,2025-07-14,316.900000,77747882,312.670000,322.598600,317.730000
93436,88160R10,TSLA,53453,2025-07-15,310.780000,77348341,310.500000,321.200000,319.675000
93436,88160R10,TSLA,53453,2025-07-16,321.670000,96815371,312.620000,323.500000,312.800000
93436,88160R10,TSLA,53453,2025-07-17,319.410000,73758400,317.060100,324.340000,323.150000
93436,88160R10,TSLA,53453,2025-07-18,329.650000,94030278,321.420000,330.900000,321.660000
93436,88160R10,TSLA,53453,2025-07-21,328.490000,75470580,326.880000,338.000000,334.400000
93436,88160R10,TSLA,53453,2025-07-22,332.110000,77073675,321.550000,335.409800,329.740000
93436,88160R10,TSLA,53453,2025-07-23,332.560000,92175326,328.670000,336.200000,330.900000
93436,88160R10,TSLA,53453,2025-07-24,305.300000,155973846,300.410000,310.150000,310.000000
93436,88160R10,TSLA,53453,2025-07-25,316.060000,147554943,308.010000,323.630000,308.740000
93436,88160R10,TSLA,53453,2025-07-28,325.590000,112137881,315.690000,330.490000,318.450000
93436,88160R10,TSLA,53453,2025-07-29,321.200000,87305892,318.250000,326.250000,325.550000
93436,88160R10,TSLA,53453,2025-07-30,319.040000,83561777,311.616400,324.449900,322.180000
93436,88160R10,TSLA,53453,2025-07-31,308.270000,84979231,306.100000,321.370000,319.605000
93436,88160R10,TSLA,53453,2025-08-01,302.630000,89363914,297.820000,309.310000,306.205000
93436,88160R10,TSLA,53453,2025-08-04,309.260000,78401389,303.000100,312.118600,309.080000
93436,88160R10,TSLA,53453,2025-08-05,308.720000,57663901,305.500000,312.449900,308.950000
93436,88160R10,TSLA,53453,2025-08-06,319.910000,78162182,306.934500,320.470000,307.890000
93436,88160R10,TSLA,53453,2025-08-07,322.270000,66449599,316.160000,322.400000,319.790000
93436,88160R10,TSLA,53453,2025-08-08,329.650000,90722075,320.980000,335.150000,321.430000
93436,88160R10,TSLA,53453,2025-08-11,339.030000,104702443,334.150000,346.640000,335.000000
93436,88160R10,TSLA,53453,2025-08-12,340.840000,80511215,332.940000,345.260000,345.000000
93436,88160R10,TSLA,53453,2025-08-13,339.380000,67556708,338.200000,348.980000,341.500000
93436,88160R10,TSLA,53453,2025-08-14,335.580000,74687842,330.400000,340.469900,335.760000
93436,88160R10,TSLA,53453,2025-08-15,330.560000,74924219,327.020000,339.300000,337.655000
93436,88160R10,TSLA,53453,2025-08-18,335.160000,56818031,329.590000,336.270000,329.620000
93436,88160R10,TSLA,53453,2025-08-19,329.310000,75605588,327.850000,340.550000,335.790000
93436,88160R10,TSLA,53453,2025-08-20,323.900000,77028125,314.600000,331.370000,329.220000
93436,88160R10,TSLA,53453,2025-08-21,320.110000,55543982,318.680000,324.900000,322.080000
93436,88160R10,TSLA,53453,2025-08-22,340.010000,93521760,319.690000,340.250000,321.660000
93436,88160R10,TSLA,53453,2025-08-25,346.600000,86390864,335.030000,349.530000,338.900000
93436,88160R10,TSLA,53453,2025-08-26,351.670000,76505138,343.720000,351.900000,344.930000
93436,88160R10,TSLA,53453,2025-08-27,349.600000,65339514,349.156000,355.390000,351.940000
93436,88160R10,TSLA,53453,2025-08-28,345.980000,67716115,340.260000,353.550000,350.910000
93436,88160R10,TSLA,53453,2025-08-29,333.870000,80778063,331.700000,348.749900,347.230000
93436,88160R10,TSLA,53453,2025-09-02,329.360000,58221371,325.600000,333.330000,328.230000
93436,88160R10,TSLA,53453,2025-09-03,334.090000,88441922,328.510000,343.330000,335.200000
93436,88160R10,TSLA,53453,2025-09-04,338.530000,60553174,331.480000,338.890000,336.150000
93436,88160R10,TSLA,53453,2025-09-05,350.840000,108488318,344.680100,355.870000,348.000000
93436,88160R10,TSLA,53453,2025-09-08,346.400000,74900913,344.840000,358.440000,354.640000
93436,88160R10,TSLA,53453,2025-09-09,346.970000,53639592,343.820000,350.770000,348.440000
93436,88160R10,TSLA,53453,2025-09-10,347.790000,71831945,346.070000,356.330000,350.550000
93436,88160R10,TSLA,53453,2025-09-11,368.810000,103239075,347.600000,368.990000,350.170000
93436,88160R10,TSLA,53453,2025-09-12,395.940000,168820978,370.240000,396.689900,370.940000
93436,88160R10,TSLA,53453,2025-09-15,410.040000,162812385,402.430000,425.700000,423.130000
93436,88160R10,TSLA,53453,2025-09-16,421.620000,103782454,411.430000,423.250000,414.495000
93436,88160R10,TSLA,53453,2025-09-17,425.860000,105781717,409.670000,428.312100,415.750000
93436,88160R10,TSLA,53453,2025-09-18,416.850000,89959064,416.560000,432.219900,428.865000
93436,88160R10,TSLA,53453,2025-09-19,426.070000,92714779,421.720000,429.470000,421.820000
93436,88160R10,TSLA,53453,2025-09-22,434.210000,96688762,429.130000,444.980000,431.110000
93436,88160R10,TSLA,53453,2025-09-23,425.850000,83081551,423.720000,440.970000,439.880000
93436,88160R10,TSLA,53453,2025-09-24,442.790000,92777680,429.030100,444.210000,429.830000
93436,88160R10,TSLA,53453,2025-09-25,423.390000,96052079,419.080000,435.350000,435.240000
93436,88160R10,TSLA,53453,2025-09-26,440.400000,101265872,421.020000,440.470000,428.300000
93436,88160R10,TSLA,53453,2025-09-29,443.210000,79226007,439.500000,450.980000,444.350000
93436,88160R10,TSLA,53453,2025-09-30,444.720000,74651304,433.120000,445.000000,441.520000
93436,88160R10,TSLA,53453,2025-10-01,459.460000,97765520,440.750000,462.290000,443.800000
93436,88160R10,TSLA,53453,2025-10-02,436.000000,136445108,435.570000,470.750000,470.540000
93436,88160R10,TSLA,53453,2025-10-03,429.830000,132566449,416.575000,446.770000,443.285000
93436,88160R10,TSLA,53453,2025-10-06,453.250000,84924653,436.690000,453.550000,440.750000
93436,88160R10,TSLA,53453,2025-10-07,433.090000,101828279,432.450100,452.680000,447.820000
93436,88160R10,TSLA,53453,2025-10-08,438.690000,71000399,425.230000,441.330000,437.570000
93436,88160R10,TSLA,53453,2025-10-09,435.540000,69107609,426.180000,436.350000,431.810000
93436,88160R10,TSLA,53453,2025-10-10,413.490000,111455914,411.450000,443.130000,436.540000
93436,88160R10,TSLA,53453,2025-10-13,435.900000,79304171,419.700000,436.890000,423.530000
93436,88160R10,TSLA,53453,2025-10-14,429.240000,72369453,417.860000,434.200000,426.790000
93436,88160R10,TSLA,53453,2025-10-15,435.150000,71280475,426.330100,440.510000,434.900000
93436,88160R10,TSLA,53453,2025-10-16,428.750000,77230825,421.310100,439.350000,434.730000
93436,88160R10,TSLA,53453,2025-10-17,439.310000,89020585,423.600000,441.455800,425.500000
93436,88160R10,TSLA,53453,2025-10-20,447.430000,63475587,440.610000,449.800000,443.865000
93436,88160R10,TSLA,53453,2025-10-21,442.600000,54271433,442.050000,449.300000,445.755000
93436,88160R10,TSLA,53453,2025-10-22,438.970000,83633725,429.000000,445.539000,443.450000
93436,88160R10,TSLA,53453,2025-10-23,448.980000,126219850,413.900000,449.399900,420.000000
93436,88160R10,TSLA,53453,2025-10-24,433.720000,94237741,430.170000,451.680000,446.830000
93436,88160R10,TSLA,53453,2025-10-27,452.420000,105586195,438.690000,460.160000,439.980000
93436,88160R10,TSLA,53453,2025-10-28,460.550000,79905894,451.600000,467.000000,454.775000
93436,88160R10,TSLA,53453,2025-10-29,461.510000,67802066,452.650000,465.700000,462.500000
93436,88160R10,TSLA,53453,2025-10-30,440.100000,72091479,439.610000,455.060700,451.050000
93436,88160R10,TSLA,53453,2025-10-31,456.560000,82818809,443.685500,458.000000,446.750000
93436,88160R10,TSLA,53453,2025-11-03,468.370000,84158989,453.800000,474.070000,455.990000
93436,88160R10,TSLA,53453,2025-11-04,444.260000,87418378,443.600000,460.220000,454.460000
93436,88160R10,TSLA,53453,2025-11-05,462.070000,84595860,440.710000,466.329900,452.050000
93436,88160R10,TSLA,53453,2025-11-06,445.910000,108798164,435.090000,467.450000,461.960000
93436,88160R10,TSLA,53453,2025-11-07,429.520000,101516979,421.880000,439.360000,437.920000
93436,88160R10,TSLA,53453,2025-11-10,445.230000,75634269,433.360000,449.671500,439.600000
93436,88160R10,TSLA,53453,2025-11-11,439.620000,59972622,432.360000,442.490000,439.400000
93436,88160R10,TSLA,53453,2025-11-12,430.600000,58047756,426.560000,442.329000,442.150000
93436,88160R10,TSLA,53453,2025-11-13,401.990000,117795547,396.340000,424.500000,423.130000
93436,88160R10,TSLA,53453,2025-11-14,404.350000,102705043,382.780000,412.190000,386.300000
93436,88160R10,TSLA,53453,2025-11-17,408.920000,101148946,398.740000,423.960000,398.740000
93436,88160R10,TSLA,53453,2025-11-18,401.250000,79933437,393.710000,408.900000,405.380000
93436,88160R10,TSLA,53453,2025-11-19,403.990000,71313543,398.500000,411.780000,406.180000
93436,88160R10,TSLA,53453,2025-11-20,395.230000,112367709,394.740000,428.940000,414.630000
93436,88160R10,TSLA,53453,2025-11-21,391.090000,99096964,383.760000,402.800000,402.320000
93436,88160R10,TSLA,53453,2025-11-24,417.780000,95619483,401.090000,421.720000,402.170000
93436,88160R10,TSLA,53453,2025-11-25,419.400000,70997510,405.950000,420.480000,414.420000
93436,88160R10,TSLA,53453,2025-11-26,426.580000,62915149,416.890000,426.940000,423.950000
93436,88160R10,TSLA,53453,2025-11-28,430.170000,35795869,426.200000,432.930000,426.590000
93436,88160R10,TSLA,53453,2025-12-01,430.140000,56859991,425.290000,433.659900,425.320000
93436,88160R10,TSLA,53453,2025-12-02,429.240000,68627606,422.120000,436.800000,430.810000
93436,88160R10,TSLA,53453,2025-12-03,446.740000,86268829,431.110000,447.920000,432.100000
93436,88160R10,TSLA,53453,2025-12-04,454.530000,70950941,445.390000,454.630000,449.940000
93436,88160R10,TSLA,53453,2025-12-05,455.000000,55815091,451.660000,458.870000,453.030000
93436,88160R10,TSLA,53453,2025-12-08,439.580000,68436604,435.250000,449.746300,447.445000
93436,88160R10,TSLA,53453,2025-12-09,445.170000,61777144,435.700000,452.390000,437.540000
93436,88160R10,TSLA,53453,2025-12-10,451.450000,62759562,443.610000,456.880000,446.065000
93436,88160R10,TSLA,53453,2025-12-11,446.890000,55452458,440.330000,449.269900,448.945000
93436,88160R10,TSLA,53453,2025-12-12,458.960000,94785100,441.670000,463.010000,448.090000
93436,88160R10,TSLA,53453,2025-12-15,475.310000,112585186,467.660000,481.769400,469.440000
93436,88160R10,TSLA,53453,2025-12-16,489.880000,106358667,465.830000,491.500000,472.210000
93436,88160R10,TSLA,53453,2025-12-17,467.260000,104990195,466.200000,495.279900,488.220000
93436,88160R10,TSLA,53453,2025-12-18,483.370000,93966381,473.120000,490.860000,478.160000
93436,88160R10,TSLA,53453,2025-12-19,481.200000,102311166,474.720000,490.490000,488.120000
93436,88160R10,TSLA,53453,2025-12-22,488.730000,86189010,485.330000,498.830000,489.880000
93436,88160R10,TSLA,53453,2025-12-23,485.560000,57662326,482.840000,491.970000,489.395000
93436,88160R10,TSLA,53453,2025-12-24,485.400000,40972332,476.800000,490.900000,488.480000
93436,88160R10,TSLA,53453,2025-12-26,475.190000,58470032,473.820000,489.090000,485.230000
93436,88160R10,TSLA,53453,2025-12-29,459.640000,65769882,459.000000,469.400000,469.000000
93436,88160R10,TSLA,53453,2025-12-30,454.430000,58669128,453.830000,463.120000,461.090000
93436,88160R10,TSLA,53453,2025-12-31,449.720000,48644113,449.300000,456.550000,456.100000
